total_tasks,task_completion_rate,overdue_task_rate,blocked_task_rate,milestone_completion_rate,high_critical_risks,open_issue_rate,project_progress,delay_level
86,20.019796134911235,37.077524987991644,7.3467556141042865,22.558413567262953,0,67.66994874229113,89.75705893196032,HIGH
16,63.14432612041357,1.5891339740891797,2.8108571958477735,30.939480405166563,4,2.6535969683863625,23.889576815231607,MEDIUM
88,73.11924762312123,20.975991048082935,13.476271388515608,35.037163740759645,0,75.88073671297673,20.16763505580456,HIGH
59,40.62254648661927,7.773974990589077,28.716392166203438,40.29350906013641,0,37.99273006373374,39.1030411460397,HIGH
49,64.3353428230202,40.35641366371901,21.891953600814535,58.260528230923065,3,7.880019807845818,32.851936733673824,HIGH
85,65.66677771278214,43.08534501553886,17.32056435770286,73.41146525934312,0,66.12633185677102,78.44149237492573,MEDIUM
15,86.97859489136322,43.324183337763486,11.403786751174984,50.80692721315919,2,16.26540971560848,38.75071652161454,MEDIUM
90,34.0280039844202,46.8327293856247,19.441061557397806,64.82179051002893,1,53.4139877029708,28.25703788938549,HIGH
64,44.1509897581883,49.47616753182976,19.199992795622787,60.12547693971816,5,32.428273441532184,77.98978987127536,HIGH
12,30.614326476769392,1.605012195201888,9.463591441772458,34.09667883781324,1,91.3136124185545,58.88210489045771,MEDIUM
96,38.32100927186301,32.771933264744,11.868957031819928,92.30928307664891,3,14.287159044206266,18.2648803549231,HIGH
100,60.52313207468357,13.137080426146763,17.537579706706214,90.80405952422292,3,36.199644371361096,99.74594890897029,MEDIUM
22,55.857366430881804,4.545470608689694,1.413491262742037,19.868421731559323,5,15.998200172245024,69.64571528215107,MEDIUM
81,15.717493553676142,19.08096432532684,29.8836414072029,57.620291058922334,4,86.07797022344981,6.090697084567865,HIGH
97,20.309656868531796,44.23942250645545,22.52633398774829,79.17388593917013,2,11.155217359587644,46.30269881356497,HIGH
63,10.292078449155635,36.10460306549554,21.590420066577725,97.46992889831029,1,50.76816746043252,15.109028165781972,HIGH
85,36.86003123037696,31.94747474330026,18.269106343145168,23.755534169467133,1,53.937903011962575,78.96951546990303,HIGH
72,92.6644144956132,29.94722922301145,14.658171240868436,20.068095278880556,2,87.87218778231842,84.00822528931205,HIGH
44,31.550707930425293,12.043579622361655,17.0207083106673,17.088134346222947,5,48.59904633166138,11.575189254496443,HIGH
73,78.92509863762889,6.41957322498814,14.25847134296194,59.48232341454495,2,52.7673787418254,62.62642216084975,MEDIUM
32,93.60221437019591,37.76325983179027,20.696028962988642,74.16540755372097,3,99.51493566608947,66.73841547574808,HIGH
61,90.9652676178651,22.574307069556486,7.437168409980238,15.762330669371043,0,58.83087184572333,26.860899596674816,MEDIUM
33,10.64717550865842,35.3920473274227,1.766213006289702,16.066029529927675,0,85.96354002537466,11.731448239422077,HIGH
35,35.06295375680923,24.270724957524536,16.17701794184264,75.10173092928737,4,57.621164972089986,28.08473802759383,HIGH
65,82.6747297989979,9.520495718093885,2.9079244268646995,48.79460641657398,3,41.1102276049738,87.0644910951123,MEDIUM
11,70.60280925639714,49.20826056829831,2.952536134558766,46.23591538920419,2,80.05925108616988,15.38055806325638,HIGH
29,27.118801759673037,22.430677391656594,12.656449195032126,35.06906302002464,1,87.448595407058,12.16156439555749,HIGH
75,18.81178553814403,32.6072446999261,16.21763814300915,11.328207084608549,0,92.63669830081275,85.62609476935901,HIGH
26,46.57726521572248,24.067920898551975,25.939511820906464,91.21985789594937,1,37.89731189769161,98.60434015907397,HIGH
38,93.38662662034,39.256467839706076,8.557476868407608,72.69323532401464,5,99.54226894927139,57.79799072353373,MEDIUM
96,53.80042704888965,9.494893363381857,6.531026952425249,15.263496280656947,5,54.21952013742742,76.05767823601109,MEDIUM
12,14.512810353755821,23.839425855446745,27.58161392496226,57.801352174348715,0,96.07789032744503,12.610589197855752,HIGH
28,16.166919943341313,3.3980431687878623,25.85457605910388,46.339799618644975,4,24.621534778862486,61.47931958567691,HIGH
84,17.378506494538794,32.86865822362613,16.956807715322682,38.47328613790544,2,20.425919942353644,73.03822107499441,HIGH
35,33.905306127821845,6.543914106372823,19.365023665129485,51.15021153134068,0,0.9315456884246398,64.01012927184382,MEDIUM
77,99.6486803069585,3.66303605498165,6.394629368011212,33.86803732753612,2,88.08641736864395,88.53067303603156,MEDIUM
52,35.64886520949911,21.909228650385494,16.296538867847605,37.22654286810009,5,52.894069260227006,68.44700435269544,HIGH
75,36.944087697998015,33.16943574830387,28.16790011781312,22.086200295403096,0,88.97127070057091,75.52958497819488,HIGH
24,34.51133910833347,30.241491351511197,21.52836561416394,28.323758109470763,5,85.29128153918974,53.013860519308786,HIGH
37,91.48028419713908,42.30518566474277,2.7689540313820027,48.12181953073537,2,4.408676179905003,36.68787116748338,MEDIUM
21,67.34020395712417,13.09776312171741,22.236927250437926,59.65123790137521,3,56.09068647747464,15.628018655986825,HIGH
93,91.35357144039038,27.279514460276115,25.0378505965805,62.42586098408146,1,42.97867128807717,8.973741526041495,HIGH
51,90.9083339868331,39.806115244402086,25.821077460027084,90.90321728738272,1,68.20666883105766,68.35867401037659,HIGH
50,80.21046176842984,44.206735072550444,12.191321694963504,65.85953591356414,1,92.57638225695565,27.49004656178907,HIGH
25,97.85854296378666,40.538585997019844,26.44248613989973,12.230772570836985,5,92.44872952415456,79.326717134025,HIGH
57,82.2011625043425,43.20320141876397,24.32247949723167,34.012513863502484,5,10.809562640295711,87.85584437607852,HIGH
65,30.0190345791098,40.829330279846445,13.809097040368263,37.467178060474055,1,22.2923547205809,67.70315236111975,HIGH
56,39.543575607793585,43.217647101514316,29.006673121450834,35.121249344968426,5,50.94056755280374,69.55422124422505,HIGH
73,39.80348813929663,1.3800267559817947,26.31115234726681,33.50936767511892,4,96.25343157615555,30.21930443968202,HIGH
18,63.69141294889702,17.284355583990013,23.592845346110458,49.275449548354715,4,11.564578402933046,90.45294962656396,HIGH
29,32.92502555247238,35.43926419170853,0.050738346558883984,93.30176489491744,4,68.68571469145267,94.32499643776757,HIGH
99,70.35656539896996,18.211073589063208,2.0992143337893054,69.78139164201451,2,62.31554099464092,68.0218102452267,MEDIUM
20,74.77788367125552,15.016113410563209,9.278539866259598,46.75536177572952,3,69.7208414194399,57.669185378345404,MEDIUM
29,47.84017003956175,47.01818353650915,20.319538358181987,91.25249911593244,4,56.91052548658093,43.57714103202547,HIGH
5,37.34874543415184,10.509134244132095,23.572764824327404,64.59954134317863,2,46.49881902470142,47.00518093395671,HIGH
32,56.005659718712835,39.6867699553001,28.794960110491086,76.23653013461995,5,8.479553672512175,53.967940941945564,HIGH
86,65.73347248261379,4.6693600037781335,28.559989873574256,31.138173867401555,2,22.464066599728827,23.91734360902478,HIGH
8,14.159234628348258,49.19680113909257,18.338219191820404,79.16404051001771,3,41.444101099771935,64.82771117008281,HIGH
29,74.65113239490897,19.198923369637566,11.98958588629613,23.28142105821684,5,0.554481813803176,76.34162527875492,MEDIUM
18,80.05783660905925,10.94205684061597,24.12329568519429,72.63205987674145,3,5.0218385140640915,28.673836567697307,MEDIUM
20,51.08156429231553,40.070830086113226,20.027331977590592,98.91032077598032,4,31.729795746534762,76.74875128779905,HIGH
61,65.13870904855865,35.963698063798354,15.143344944732059,84.75122527492735,4,44.59136120767005,20.12000121658493,HIGH
65,50.50627815222173,37.588839325025575,25.195886635257622,34.95802178176665,4,48.45970170702668,27.72835706239012,HIGH
61,16.973501847826224,14.286407543157626,8.151453212465539,38.77386115768861,4,8.057765765766845,19.328912511243225,HIGH
54,72.4554831069147,35.32095708472761,1.9268655214163422,46.6839432699928,4,46.59243033511507,10.915242505440606,HIGH
58,45.052913140024714,38.48978861573316,28.381861007703016,11.757876106395441,4,38.038102892771164,5.560127940479342,HIGH
50,36.87513871351451,19.499332403185942,26.749246259055358,85.21558037185606,4,74.75156689780508,56.88256942471471,HIGH
82,90.80302126592757,24.411473877512524,8.188059352897698,53.707779441865036,3,33.61295436983824,69.51847907769323,MEDIUM
56,75.17632398645598,42.02528315312793,27.586248620069277,98.2649779767031,4,2.696645190513769,42.43192435227195,HIGH
77,69.66997811525451,4.197373108100011,12.858383089832845,88.01662200356171,1,5.028463348862755,41.01486709787326,MEDIUM
32,50.92293925148339,16.875027403693533,26.38919958005686,35.043095407492544,3,25.22715317823806,12.781092112356042,HIGH
7,77.41218349745657,2.604280412162774,28.55759077145763,30.179994914777335,0,78.12330496108949,66.9166922481695,MEDIUM
8,95.465055944439,9.968034118126646,0.6114005196099703,23.714411120631134,1,47.356106094612805,15.866997380384124,MEDIUM
32,51.85305850916986,12.81218482810933,11.066855229688242,64.53034233042803,5,71.83572285960082,78.89022918666609,MEDIUM
25,96.82486957306789,5.404937482880329,0.7703527649239805,38.076151995522565,5,90.80261510474446,40.654161145405254,MEDIUM
96,27.849679938254376,29.60489306249261,24.917149013409553,31.85644424834189,5,77.2480884951224,85.77785771343565,HIGH
81,82.49751672815498,39.8113608300106,16.977976661019476,13.69622171855225,4,42.837801323474444,40.20423324071534,HIGH
69,68.27889286511245,0.6326075082926541,12.601762225254827,54.11815344913674,3,96.07875672145786,65.38058507963737,MEDIUM
63,73.65777793354692,21.77435725038385,22.013859120401758,96.89263581142698,2,61.59123540535511,92.36367740576286,MEDIUM
66,51.838639447105706,41.28672992103778,17.774238571911052,39.007412468300636,1,83.07310188906034,13.232975315289067,HIGH
62,31.94770952718604,23.235423330161588,18.309951126915617,44.109037371543764,0,49.4306503615922,35.87634594943215,HIGH
67,29.09078651617651,39.89161784140482,10.21016529492851,89.22879817824028,5,88.01073452552302,57.80014765236046,HIGH
71,95.32563199993281,4.280648097901063,21.60223992312583,53.97200621639086,1,69.0609339446523,66.36077547539047,MEDIUM
67,50.33570946279137,0.8621629674186337,8.82706743961492,46.39610158101353,1,30.62060301300884,60.247780606574885,MEDIUM
65,59.81256595092247,17.187869707310128,29.89894391877996,59.53496254810107,2,70.2854942185769,30.73706056273865,HIGH
37,30.748423716865698,36.06421656630348,9.466438320179595,76.85929572751937,5,18.514984243766197,25.55654078846754,HIGH
66,34.884966427182036,29.479345298039544,22.80623686119248,63.71116664610716,0,83.2628363327068,33.14341401018872,HIGH
51,26.1497389316863,0.7074183628031916,16.0240526780299,34.68801941049406,0,55.33589667986083,71.25465232646847,HIGH
21,67.40826895953347,37.639608789562686,3.07762940363282,11.103886303795717,2,46.93969449305102,46.844535822920975,HIGH
28,96.89478788244654,12.623919524648631,25.851688938825397,20.267842665243208,0,40.07074422519398,12.03780617428578,HIGH
85,71.7805916430415,7.586350347547821,24.334262288251427,95.4213078122228,0,99.39181227102202,16.25289841008885,MEDIUM
58,64.56858861186666,39.53704149217097,6.770614111951039,57.031528161719606,3,90.85043776238038,33.2485475891518,HIGH
80,99.10281344201181,15.26901221596802,18.630819632164457,64.86678210206173,5,9.923357477478822,77.46002491369732,MEDIUM
85,28.992267577485368,33.02140685960183,4.711712801426314,25.643219349379102,0,15.653261544313812,43.80916940270253,HIGH
93,63.44300756076069,14.56296445155138,6.944287036680775,73.626024689113,5,85.96067313405224,11.762077214580529,HIGH
34,93.15199400342938,39.39140133233657,18.751740214926656,69.5064738568031,1,42.51389661042116,56.73342597750497,MEDIUM
87,23.40904609677963,13.28162358203201,4.267088563310319,15.367423556246234,2,59.50440373194047,83.30282862540088,HIGH
41,49.52381038063636,23.434898513808093,9.122735716343001,46.2257667246525,2,50.047217711792555,51.91054583778301,HIGH
15,63.823299583699324,44.47114446462268,22.036017698568457,64.33422768513196,0,9.13268866309852,96.38155470831948,MEDIUM
78,62.8410638538805,1.0372728107766849,22.94281140095329,83.92791207325452,4,4.023167314461618,76.84553888919292,MEDIUM
65,56.706745688884354,22.111470221010144,8.344697173272627,99.72509274393072,3,63.478471945408685,51.71395120814627,MEDIUM
16,52.30093554643165,20.417404671500766,9.631747678697147,19.413989612430168,1,32.98036635789654,70.89899902842609,MEDIUM
41,69.63251832922859,20.02261274068282,22.81499316172971,13.302741728233782,0,31.451715717016793,35.71100969621949,HIGH
56,87.84195256466911,41.24636016343505,0.03453202344336659,88.2430735888587,3,41.32475707993215,22.820341432480078,HIGH
51,66.03704853415402,24.924655119109428,13.261228671667842,14.645059766771206,2,54.921963908533165,93.12891228022254,HIGH
61,89.2761955622025,24.235589847499906,0.8660832732498969,66.70200493036545,1,70.97828251002592,34.52126314736684,MEDIUM
6,59.70262681483597,4.660460064076127,29.76771418185659,92.16368906357512,3,94.70607423593562,66.53242043445707,HIGH
24,54.853795423647576,35.83016629958956,15.266160452085352,34.60824070419468,3,98.02446326033754,28.154436077138143,HIGH
75,23.017777163704785,9.530518547396415,17.981327960246997,77.16632909431578,1,86.40269344285882,31.243503268093892,HIGH
58,40.5887718802866,39.38587028821471,8.015179892007144,10.230873342271948,5,29.85558497717672,60.759083629345305,HIGH
89,54.06763119901309,7.429770919139456,16.15741733111621,41.061154752370676,4,76.28726776199792,40.83495515031917,HIGH
46,88.26415149106616,49.038731566629714,7.16416632498748,44.4673764036642,3,4.364729909730192,75.74698939869361,MEDIUM
95,92.20871510376632,19.061557347356807,29.652420058180873,81.31542946299373,5,98.0818138659785,52.056221713560234,HIGH
9,21.362164282844983,48.26767950884269,9.959841117940913,19.03281419483671,3,9.971169774197842,91.49195938116436,HIGH
6,75.01994448135784,20.49893098731822,19.643439792832012,23.892509689439397,3,78.15252912730249,30.177164056623848,HIGH
84,72.34341387281938,32.49183262896363,25.552958770520743,86.71072029093038,4,38.00093975226551,35.08280962367297,HIGH
96,89.86948146183909,24.397374269508948,16.2304803809298,65.57135154424509,1,63.11610168546405,92.48826438412819,MEDIUM
34,77.20897300641343,21.698573596156283,2.953293791495939,67.03730459027122,0,44.36785516617058,70.93011046535729,LOW
8,14.139187180949147,39.80717325811059,8.801033278956265,43.73569807977834,1,24.41974321839684,44.14491615267966,HIGH
92,81.3267526492858,8.499182453404869,2.3690505197998393,88.37556387803693,4,68.31345799627138,52.27838897495535,MEDIUM
79,22.88059481156587,23.057495667749876,7.619320182406268,32.97940373432387,0,89.8908531700321,49.19905927490364,HIGH
41,70.98497971291715,7.898781103589347,13.251893508114433,41.10090619987736,4,29.91542491237722,96.39276191822698,MEDIUM
93,32.508840196693114,42.265196257129936,5.97650997326677,44.62239240706109,3,10.665326742236092,41.22960827747476,HIGH
50,61.73307371607805,49.634602181344874,8.85692261649808,98.01500361191763,5,39.58057409113673,5.769306747341573,HIGH
92,80.04804541930702,48.68014084139624,27.318508611561317,77.0654938720573,2,77.57409796033808,26.861247142189548,HIGH
50,29.71040850352949,9.506599463854414,7.518804001308482,78.00195913675094,5,68.08550941820228,17.994027656939394,HIGH
17,91.30633336656712,32.31703044452614,9.267986518579082,49.67408711465304,4,36.48612330284698,17.484121609946115,HIGH
42,39.40472131426094,20.77515467093887,6.023843839502287,80.78615299274547,2,53.085237370278506,91.7812625757612,MEDIUM
26,33.127307610693606,41.234490627120366,14.455434896212235,82.583964441439,5,87.03969593250397,81.40209116742851,HIGH
64,96.66039635819898,7.037850750294133,28.99500628388256,87.41265372089397,5,67.44062303002345,42.75409204431344,HIGH
76,42.919754446500974,39.53409842944687,0.41755965302703535,58.291507744215316,3,36.8585658616039,76.15610233599227,HIGH
38,62.610408248694945,41.12086506133871,28.208756753386627,19.75114919793076,1,47.14768679814386,63.85695236923031,HIGH
76,39.52056536356383,30.504109792920648,19.429571419183247,67.18635301401451,3,90.9387638427892,33.70806658027877,HIGH
57,20.5008343054349,2.267340550669106,1.1163638467411496,99.63346372795264,0,9.71919986218216,89.28963431020772,MEDIUM
22,44.97812480351283,18.550575774344136,28.48142305235716,72.68355924738697,4,41.91267534147228,75.515556402705,HIGH
24,89.68724055096214,32.7460948746732,25.010792498889646,65.40869926460407,2,3.2716286855046905,40.200346079771364,HIGH
61,50.02262738011751,11.805631911549785,10.880581162725674,98.28349464916604,2,54.44658614821449,97.89504029794445,MEDIUM
50,15.449508024994788,13.794072043079343,29.046206278091603,95.41097094359239,3,9.167342381752086,25.150052465214753,HIGH
86,63.74313635675906,1.0678727368185315,23.6038377136385,31.921200744762128,1,78.69780999763158,24.49452963857326,HIGH
75,28.644163331199263,10.797567595933739,26.090862803086342,39.57035980890073,1,78.86437542776095,61.618255341569906,HIGH
40,87.25655137421587,7.2343990160254,3.899763943303104,32.558877705531145,1,10.992634788943557,87.3125494081461,LOW
21,11.337429450763796,39.499233211737696,7.137948182713892,39.13943157658202,1,26.536750832497336,17.042061652714125,HIGH
58,57.34769739380804,37.283263751699785,14.287378962697508,80.02153353827825,4,59.36660178680271,47.94051489133146,HIGH
33,95.08740786730957,2.1682518449585855,23.496809879411387,88.02828169838544,4,30.163032902808872,66.11736499952143,MEDIUM
8,15.474286674505525,23.949095549918166,12.048517635376815,71.74877464560095,3,71.24013148970964,47.13842128948582,HIGH
15,38.99006377716935,7.4166912830182286,3.7857476491516815,66.1885744853087,4,54.835643404836055,35.89261711527345,HIGH
81,57.75011536881921,22.68577087877358,18.162803746059385,18.92606155111378,5,11.441407243007962,67.19773096469851,HIGH
75,74.87559249918392,10.751153316374845,13.546647478958446,30.564421692812594,2,82.74192247800447,42.87936750441056,MEDIUM
98,18.557725534806778,21.3382003130479,19.953235891809268,43.68709210919832,1,68.68210354669768,50.05544913096476,HIGH
16,84.85946996273691,4.661505085183871,2.8969329769735683,76.49163986398442,1,55.63707356153501,60.71418286025031,LOW
76,60.551504341275525,33.50066323661479,12.324258987664745,88.62466350108866,3,86.80921488690649,73.5007644808842,HIGH
41,64.03690821022093,17.58230928465745,17.337555551695647,29.14649251048055,5,48.21893962043886,85.49111057282049,HIGH
49,86.08360767412105,18.37805253076751,22.87816895810549,61.669000389831645,3,84.51551613283581,97.58192720194228,HIGH
84,65.22159524819183,32.13495819149157,0.787614943607502,93.61758618954427,5,26.744772515411064,22.139526836281167,HIGH
94,78.6168566182898,46.07687605165863,10.530702622109454,26.326500239131178,1,56.63210947613763,43.074512679953976,HIGH
23,76.6872153206578,48.59051593790095,2.7527304916333595,57.74344197930365,3,41.98324937645032,37.385118268086615,HIGH
52,38.047363273379474,16.219144603921325,28.242222719101655,63.66013949845831,0,15.557990340448836,76.67140851687361,MEDIUM
11,70.65718395518017,13.605142177310947,19.858160784247836,53.709553440189666,3,41.41837378827247,25.47905170708595,MEDIUM
70,20.243575729918156,21.495681669894516,8.49739410241348,71.06376292841198,3,52.69341071481448,34.29984222586936,HIGH
33,45.573705647886605,29.966247847222522,0.23061257699648618,37.127742581659305,1,76.7349527308604,77.59528509731852,HIGH
42,39.531012034405705,0.386495328465597,22.410423702893034,25.812532168825808,3,53.25823478674238,26.86051802728267,HIGH
76,85.00187821778904,40.31000932833819,2.162264897764735,87.55879258203296,0,43.621959551231214,48.67665378384613,MEDIUM
14,87.58990122508598,28.787958036841555,17.201990426575293,73.85490654120409,3,28.951520558575815,43.47806917117068,MEDIUM
46,25.46858625202621,47.38071546633738,13.802907056814261,72.06490369721709,2,8.812988129788469,85.22601418239621,HIGH
36,49.210887424636006,20.022490815804357,2.3594126244857963,88.34719745758704,5,33.95132811484639,36.641519136847535,HIGH
26,16.874143972571904,31.661233348409322,15.918144623179447,27.45133356402103,2,35.10997349573605,96.03121815472929,HIGH
87,83.35333051750128,11.813442447336215,4.3933265483308315,27.754462254158494,4,15.286978900592985,77.1194761043292,MEDIUM
14,25.943151605250623,38.64240446237801,14.82351075052166,77.90012427222872,4,44.8905256995063,92.79465454663763,HIGH
77,67.86926476044096,49.32659738679296,9.696247249300821,97.38757577873443,2,15.09574013930769,11.487194557096828,MEDIUM
61,66.82466080228863,39.81648395757141,17.74259270493063,41.674800035806896,0,31.040785060631094,47.931817051564806,HIGH
12,43.18638395408315,14.35385163006596,19.339994087275123,97.96316792798342,0,61.50083884155736,53.17144264672574,MEDIUM
64,62.22964666700715,47.71157383613951,22.167631364437213,13.69204424676323,4,65.18374546486099,35.54504247364069,HIGH
65,55.12305716855449,47.886117943329246,13.515693270452738,82.98701301903587,2,98.23855810933973,13.011267542333563,HIGH
87,25.530302029272843,12.387186179914211,13.13274822927699,49.547961258636185,4,60.98054063226744,39.570306170142715,HIGH
41,44.867490357080435,38.723239428686774,20.366931616787433,14.712896578240564,5,64.73053569693069,11.26162615657316,HIGH
17,60.21668911765621,19.328210236186894,7.559873548984598,86.6409633985964,4,87.32796620605389,36.66939342575287,HIGH
79,69.7250895405453,45.83732275285601,9.306952126554362,69.04492462324497,5,39.195798433536034,61.5289166743996,MEDIUM
15,37.862369867436485,18.83396530281501,23.749858735906308,83.18663054333209,5,70.28308721554201,94.9753193198412,HIGH
92,92.1203186912492,4.672648253301087,20.113681202398173,55.763963778052684,0,36.25976689820444,22.12497767330024,MEDIUM
32,40.755911061839335,38.30781038339098,5.7601570099315875,99.99789589927256,1,7.716508430087632,85.22069692515892,MEDIUM
17,55.692074145218164,26.98853792068355,22.159320090044027,57.38784665910359,5,33.676437196428154,77.79922242248794,HIGH
21,63.75217969644657,7.712638066056076,5.425379015060898,72.35610767751041,4,80.90437196393012,20.726220745685573,HIGH
61,13.93231851590629,18.214970706538452,21.5875702137195,97.26297430677624,4,28.492793256335823,76.11096921906645,HIGH
62,31.0602649901882,11.958424862275974,28.967899115821094,80.59332156338843,1,36.78409582250328,94.97736617319168,MEDIUM
61,51.55119805968903,14.088586635188772,11.456173025721315,57.47138096153344,1,81.68912395812401,81.11962629439702,MEDIUM
22,88.57017280534124,2.608990163050229,14.41771966385475,43.409089594398935,0,71.14009771190007,54.01139181748609,MEDIUM
20,35.65567126533956,38.155841514584544,8.183738987740698,91.4775588080417,1,83.10467186381858,13.712789117613871,HIGH
33,83.50329302699505,44.23148868590037,27.914157813788247,47.340721523710485,3,50.200711469323544,27.3989170170261,HIGH
15,43.74214060759908,1.409377276407503,27.92477714249859,85.52586588504451,5,33.52903559161769,18.874684148072905,HIGH
9,35.81914575819414,41.48807915764113,20.88215965727951,22.49134226363676,5,46.91101271554937,63.45808443053709,HIGH
15,11.710349641987335,10.78273722341772,4.485588568926805,94.6203354407186,4,52.77715058867243,15.562751730802649,HIGH
41,31.387620397684028,6.092417257930877,7.15318510379468,67.50565589555293,4,45.711361663644865,15.531500052551424,HIGH
68,63.706513853705225,0.8217676102947213,15.461271906282182,31.7744320978894,1,29.127198777525788,5.148611913672905,MEDIUM
50,31.65078149258892,20.82837976042699,19.931139052260274,17.70525594885356,2,6.767932290884604,54.9756473056062,HIGH
69,80.77711022607858,25.38112944146691,0.6100291886449738,88.59982946747658,0,63.567079146863,98.19874514239822,LOW
37,77.25849324063807,17.854693825736646,2.0267867322569675,31.701333194708017,5,62.825696247565645,78.29263054043662,MEDIUM
99,78.10110337977613,6.670479492968201,10.568971383425685,40.469253236173074,5,17.508912705170843,79.01854638043675,MEDIUM
64,98.27372672099644,23.926558580896202,5.468339952416198,22.136732307665405,5,77.61903997034217,48.47955985749856,HIGH
42,28.143189355303083,39.555460661452194,26.573711568543153,38.403623804475274,2,51.53835892544988,98.96665671813173,HIGH
74,52.60597909091591,1.8310385768454174,19.40701496402251,35.74998059963938,0,86.57982770780576,36.532845206227734,HIGH
20,81.94081703664158,21.84756915624682,12.00065323933386,49.5762970337076,3,33.90366284081606,22.74763567104418,HIGH
93,54.77710532442646,46.21552333134818,15.57827560604826,82.10332786615965,5,42.449966131841386,45.907679440327456,HIGH
28,59.09269576101733,16.0605714107297,2.4020673322498576,69.4827299312323,2,44.59157630996526,73.17797657460738,MEDIUM
26,72.07883276009376,17.577349188599605,1.2706548855038857,88.30334575507528,2,61.48514821987643,46.31934788884788,MEDIUM
86,98.20245512748512,47.395218930154314,2.251234949644778,67.37612840949686,2,51.30860194645521,76.24030850487954,MEDIUM
25,95.7510456651647,7.138973418127486,18.22718709962566,80.31807727691199,0,12.623002430225426,27.419561139933467,MEDIUM
87,42.96956257964337,19.142720084438885,17.017339251723584,64.45853459693069,5,44.9922568714794,40.241628217259574,HIGH
61,78.67760246187216,28.696088916694784,15.88379644608869,45.82306413572049,5,27.868976629981134,96.24940496517434,MEDIUM
8,76.21073735314849,24.95219801282334,11.609621401177904,60.55054396836824,2,77.49644835314882,71.88359206464845,MEDIUM
32,99.67286009392846,14.2788438849079,27.49436728625644,54.208017572880166,0,13.572841773052724,12.03494372177165,MEDIUM
27,90.88111277076074,22.25555963712275,2.633722233141932,71.37363342255735,2,66.7839790488968,72.40634624786087,MEDIUM
75,58.79542251030061,44.56658411769445,25.540861522593776,74.06281936064914,5,63.770002256401625,80.40115646527526,HIGH
70,30.18174537213609,49.25662733650966,23.761970208334223,31.306256585818343,3,2.6284026808265692,57.632036539661534,HIGH
52,52.06652553625073,49.15059788213929,3.8931368914131124,89.5821802151158,0,30.929071752846216,99.96152917376676,MEDIUM
97,53.07985989237285,20.539756033258342,12.283005823941393,61.741045762878386,1,97.2379731513766,66.02216599170623,MEDIUM
62,51.9249879658953,25.868000590993006,3.8500383223504153,84.61483553218591,4,63.9793929366663,22.28649797245305,HIGH
21,48.93564578337774,45.53561354734437,1.6623855005333121,21.1745008575111,1,30.412454280746783,20.386861157810472,HIGH
95,30.292325624392003,47.37415684048237,15.566933802126178,35.5643479238006,0,25.060530898199907,65.33042368183587,HIGH
75,34.70059298921619,31.251118072429524,18.43284834924594,18.40855661952184,5,16.863590174770682,94.4526638475166,HIGH
24,25.408056075021307,31.223959371683286,27.06002681072181,40.38576279452219,4,4.11943035217841,87.05921320390314,HIGH
15,14.091562296220777,32.072686691218,17.303136944321373,68.60169797370398,4,41.65867836632462,65.70416325984269,HIGH
68,90.0097193304059,27.27887417736338,19.25721867903698,37.18847016591604,1,80.4688154215733,70.07412991358929,MEDIUM
43,50.81897196596542,34.43067858364918,4.742413410456216,47.40595715927036,3,20.40230135633987,62.63272496796045,HIGH
45,87.53365691492453,15.965819632336403,29.640701084012694,41.08335046308987,3,13.076615155238647,40.20131881477767,HIGH
76,19.556554024818755,12.086893046823356,3.6756572725187997,50.46364107960983,1,9.681165256057145,32.57014047214064,MEDIUM
54,87.77474653261878,20.906737166743827,28.880575567180102,91.20797443667776,2,93.37515352494049,73.50720073810159,MEDIUM
29,78.68092376247657,24.91327710299544,15.441745176944535,54.88837375578888,2,49.7370273047509,13.554664029159511,MEDIUM
55,55.49000167213944,48.33433152762377,6.454332675787233,41.760557997071984,0,28.135633837352835,61.7642832459677,MEDIUM
88,70.52685433889044,14.287419072050877,0.2453221784172277,19.67473759340867,1,88.24557309185928,74.11326601914223,MEDIUM
56,42.93436172658067,20.02908105073783,17.108449316430878,27.518977169894715,4,28.860169703909566,41.70313837307896,HIGH
62,78.79637032365156,13.9860338811991,29.672721018621676,71.23587761069746,0,12.866339068921517,14.184741172349838,MEDIUM
52,81.54075055428513,16.954264997628265,28.168457008661264,77.94686550635146,1,60.24629511618801,43.131773006226126,HIGH
10,14.077301722036726,6.85181867837602,9.991221160583017,52.6369735355671,3,14.894066457644485,89.8475107474107,MEDIUM
22,39.51692628728736,30.6534060532339,4.875061376308182,99.1554163805026,5,84.26019273641283,61.40384228494374,HIGH
69,84.54604473616384,26.61699149379382,21.262194193063138,36.981150826367234,0,36.835780986576964,69.01160728493657,MEDIUM
58,62.53319276639077,39.83774069650735,21.75972637655566,71.92392860824944,0,59.69096159531937,30.225391513643526,HIGH
88,80.46135922882793,38.80810125860361,17.329031875925487,74.9260101066676,4,48.0448783714414,54.80207159934489,HIGH
97,65.77622249509804,42.05835624791322,4.433271249009954,71.2654205545611,0,57.257027140412596,71.54948655843789,MEDIUM
29,11.704363075595131,15.68462417229276,4.542937743580363,72.14502348266728,3,50.181950461098765,63.0904156897179,HIGH
65,88.55359380210884,36.79186356343407,1.8684385804329584,22.42742372066892,1,56.08867729086393,99.8216724985208,MEDIUM
66,57.292943626003186,15.687629936890858,5.195472715719832,92.09117448316094,2,54.62732192448302,69.20751477285496,MEDIUM
97,71.26713006122274,40.182626505685334,7.930865498649309,53.57620915251802,1,27.90063959217567,33.357420313077924,MEDIUM
43,79.40568421788791,35.24504684182919,20.70719734690821,54.01027715603759,3,34.88031742013066,93.70153560322606,HIGH
97,34.61117830798808,6.093705286635753,20.29866737347637,44.17247668369443,3,81.83774601305623,95.68784202218883,HIGH
23,36.140738679364205,14.381517080706995,21.42423862495186,41.172716268605484,3,65.59720505509075,75.99715747321046,HIGH
32,28.186120648053684,26.928896185432638,27.990718013499233,72.65541705821404,1,10.922658157108,75.38464278540684,HIGH
35,31.82122345692581,33.4916982446552,15.931244691983975,67.4150116067774,0,10.01979590453309,36.37789423129719,HIGH
65,19.04904142996131,38.538302904913955,0.1554433922139009,59.5317309201655,1,40.690745154688344,93.8280493666344,HIGH
65,52.97036683968068,9.972798733380085,28.917421166728072,38.905093190725,5,5.916258624149073,78.02887438609278,HIGH
88,61.67200178578359,26.757613844680233,21.6935303472727,94.30024417755634,1,41.788498224500536,84.57246446385925,HIGH
9,99.7454622779659,19.84972871391498,14.861516919652734,94.29478702999864,2,87.67431679179234,5.88038100560948,HIGH
77,64.2504668955286,46.42274230085086,10.05126341087259,50.891417034111555,5,54.33004835569749,51.92167993247282,HIGH
22,86.5953764720197,23.401038450314505,5.784341948214293,20.138208491813902,1,73.11192338087741,66.58710717737796,MEDIUM
96,26.757916221526095,36.83089477461285,23.723029932757672,61.10031001788454,1,17.549491383846473,86.33391790597848,HIGH
56,84.42908427486786,25.764032947989797,2.602133095450677,70.23302680689588,1,98.16851924405387,50.35813935653983,MEDIUM
36,10.61471084855999,19.17871953380154,13.402065654193605,34.02948942678522,2,30.19458396916147,73.67384019809475,HIGH
6,33.53978357338535,17.977604528057796,7.089077322659864,70.10075033188042,3,30.68063420036198,43.51457823199774,HIGH
69,93.07954125524053,44.39007070048043,23.095231423745588,72.12613396769328,5,91.61303858506353,33.02857201484345,HIGH
83,29.876431597184936,47.86802684276133,14.345456992056718,50.94808054936033,4,37.362484198693636,71.68436905128715,HIGH
65,78.16154709738933,40.09974958900155,24.768105272593708,78.56736579739963,5,75.47395497248654,87.94783055633467,HIGH
15,57.29559905981509,26.40865620365967,10.853546055727312,92.55202361028779,0,6.175804755668379,57.02667862753849,MEDIUM
69,28.194110106998306,26.833007913027846,4.936114697482651,86.9037406655456,3,11.624002218466423,24.513141126239347,HIGH
79,53.99451701480707,44.944467585673685,13.364480765616614,15.007222524351674,1,51.32478432016415,48.395855192628225,HIGH
12,60.29174790988897,33.63838561136847,9.245086920994536,11.959341210390505,2,81.64532259331305,75.85142586902249,HIGH
79,16.57265733239116,21.18486923893126,21.011546342915278,58.7047153671915,0,93.45827988849464,11.55681888522981,HIGH
65,12.856138392077114,20.443346790962412,23.06916187750448,78.92449146313406,5,64.58808180971634,44.934384193821145,HIGH
53,50.368341939641724,45.8557538340864,11.324890488902971,17.222499336643004,5,87.4553721690925,17.63403160188897,HIGH
49,20.676985055674805,49.64233880387935,11.791758953521223,21.46123785903477,1,83.48216116687155,76.83704441159855,HIGH
43,51.670351107530195,35.954698750542605,12.723840892002048,44.13488212304144,1,24.751203850377557,37.88517482382454,HIGH
40,26.963240611306816,43.76040873118637,22.96469787795349,12.899558341898292,5,41.92405984917521,77.77507941382082,HIGH
7,31.659966472889074,3.364545144474768,17.81832442438072,50.17969596237421,5,70.32862668649287,9.624250518156163,HIGH
99,13.981305705039803,21.94814057437303,16.19279426722285,77.8947137872556,0,14.01355751149046,99.38092691808959,MEDIUM
34,83.42076310869851,36.57587415580091,9.56711089107576,63.81259068495361,5,81.83824890901529,27.50588330378846,HIGH
23,98.71260046526132,26.062552713246173,12.40680619340411,34.763852845774494,4,94.85202550267213,88.57281964156888,HIGH
27,66.33938238834969,21.360029114727176,14.86862362479063,97.50612118093173,5,67.13425247457224,79.6514366181492,HIGH
45,72.66775665781807,20.412958841479423,8.996654833062033,26.549108087252442,4,47.35188204122199,85.68738856470385,MEDIUM
43,87.17871147157186,7.217587458258922,13.890754784958327,15.186154101898783,3,96.77861885466267,57.94224202893094,HIGH
22,44.957714392671484,12.749782280376825,9.907889808723148,17.11633900553248,3,84.71333859196119,13.784079670052048,HIGH
97,84.6465656693529,2.57683145570069,11.315039248840193,64.44725017445522,0,87.36204584895397,22.875512923611755,MEDIUM
80,75.18747158669342,27.942523813626362,14.381826194127443,88.25264663720841,2,30.318802563115767,91.35444526714609,MEDIUM
32,94.3443786882023,48.10387780572295,3.5194859833000347,99.96148063160305,3,91.44412967755882,71.08449714197327,MEDIUM
95,28.406182868010433,45.75632297967782,16.562378776434436,79.79624938573933,3,46.62504608456054,66.6285272995357,HIGH
44,33.54054646468174,25.640827001188676,14.918318793029501,18.874740840893203,5,46.94904220225584,84.77446224855007,HIGH
31,43.36344292881326,20.69650852893123,16.875741823930632,29.914668848460273,1,1.6219901001260473,57.564598536506544,HIGH
79,62.12286334336604,20.878903677758682,4.572342305524298,39.68787573800739,3,56.9789512704035,28.34435155565769,HIGH
75,68.91471695089197,34.24233061729531,7.719802729046483,83.94327457231206,5,64.16944543987071,51.60658034517433,HIGH
26,75.9495013322517,17.60880841659967,4.198755857418519,59.18916958532086,1,91.68993896943668,56.50300125837874,MEDIUM
87,96.15132045213792,26.197220770203973,25.172054807848642,16.68973702987231,5,4.851439419641224,5.606463321873995,HIGH
22,85.82902451428136,11.571669603872275,21.215086911103796,10.82273155215956,4,45.600965897143396,10.742761296736793,HIGH
86,70.00792565980058,30.825968054216897,14.496124608654753,53.90689456027641,0,53.22124850127366,44.077158280654565,MEDIUM
7,57.647588215748556,13.7370368598916,29.32438044697535,11.542833784218448,5,67.40329521192103,81.58593140000575,HIGH
27,19.63147858250436,4.815694512570423,4.466924572207516,27.273885129245187,4,25.241819631468044,38.671904581754276,HIGH
55,17.111731943299183,47.96488970742651,13.769932366535553,31.888710477359382,5,22.58572526274222,69.98395441968663,HIGH
15,68.83621476032377,42.91095795105936,22.787575505305345,18.415045488439848,3,37.716956848428715,50.22048451252966,HIGH
86,10.850515538871756,8.569178761052381,14.99575179338376,49.051868677449605,2,56.585662795103495,86.5062297695486,HIGH
17,90.53120909284297,45.9576107720106,6.892994913030501,91.11456631221265,5,88.75543070344935,50.172527326300965,MEDIUM
10,93.17433399477098,34.221437173182075,8.411190412784736,58.87276284930026,5,3.2901780153471893,93.23280431919264,MEDIUM
45,11.409228567274116,10.357905770479181,4.325746838507307,83.86216673362274,3,92.88749402533284,33.43130451018194,HIGH
77,31.64249748738581,41.7325280045876,11.674698221020764,90.68731903024478,2,38.384621408290606,75.27579123746831,HIGH
93,75.17472130848834,25.039642581886255,29.22969982307989,14.832678875265424,3,23.21440043946702,12.221733423741984,HIGH
82,79.2105088028898,47.74291984573329,11.901091479268786,79.61994245181901,0,63.4122947404735,79.43707320314391,MEDIUM
62,54.15431104997139,17.790559885292396,28.234285349121762,48.86631516155902,5,58.58751212110512,41.106907785988895,HIGH
84,36.58415326345686,12.322489065344827,2.205200511672646,34.117482780515296,3,71.16771547786168,65.22058378648984,HIGH
99,45.065977785744074,18.03501140570302,2.7456128608871735,94.86642046082072,3,35.99174973468966,30.627812107741715,HIGH
21,17.85675091196045,21.548975798801955,16.709550966636836,56.119676356941284,0,2.62619040132972,38.62185729779959,HIGH
16,63.723209975838216,39.22193621264037,25.911545318045746,11.1106553395559,3,38.779955937839375,13.04645410820964,HIGH
76,91.4686816882023,48.90865320069436,17.158812922486185,25.262463105309294,3,16.950174524515905,30.547301535364017,HIGH
39,54.38115479897063,3.16335751384772,13.040288077882348,47.899210579527185,3,78.26666241654856,39.30686666750516,HIGH
36,74.88095072100334,24.79012183614313,18.500063761073697,51.20754696151251,1,30.465799575125697,95.1382289274837,MEDIUM
47,85.74520480496658,18.994497807352413,25.865949316965427,49.620062933312795,3,81.54754700030031,86.65330437457933,HIGH
81,22.251202442043834,16.033257768754382,28.418367660483487,28.076633983186454,2,17.763727131914063,42.83276034168076,HIGH
45,36.23033364220479,34.7478883836055,14.73021938676307,61.82913534624645,1,32.588623744290544,31.628513914100665,HIGH
55,42.85139836557138,46.603357629422284,5.9940014613182155,99.75384331574006,1,68.17126331300877,57.25941991475992,HIGH
98,51.54600005498336,35.41835256280317,13.153648629267257,36.219808718676575,5,6.915867193762626,85.5398533537045,HIGH
57,70.56798871559864,6.958956134817019,9.084979275320729,32.741351643798254,1,71.52363912994262,79.96229250590598,MEDIUM
14,50.41600487502705,29.896692737651875,17.46732057649011,58.09306610819054,5,41.83006923172265,8.492690586436439,HIGH
51,73.14708583500337,40.61484878394975,17.814598300646328,92.29611238575261,0,76.89540479200406,67.47215623517273,MEDIUM
50,24.970464395210037,30.633895115664856,16.896608766229793,68.05280835160963,5,39.96177462250823,76.50486388431256,HIGH
60,19.53500964454785,4.930327929086376,6.6600323864839,77.21677248695342,4,58.05182955240041,59.64736283569048,MEDIUM
62,43.670761102453426,23.153160427638227,20.3866646264322,72.13935751499176,1,34.496738759951825,7.333452037448085,HIGH
18,36.58889984665653,46.02737723355288,2.575643982604742,84.81859702364247,5,14.167517683154829,34.62958267026644,HIGH
63,80.58429977758273,26.055741490023582,10.449008899069396,18.7860728013138,5,69.6763265523666,35.29640005068154,HIGH
43,14.021474740778903,35.53894948776262,0.6775534560933705,40.87701528010736,0,67.7139332890884,20.61363882081681,HIGH
99,31.95216518967934,8.722661641206697,4.804071336460779,60.38640572408768,3,23.185554741141033,43.47950644662402,MEDIUM
28,26.774823275529577,32.86539555793049,11.867471343843402,76.36495325915234,1,44.95750113740799,45.80751990481763,HIGH
5,73.42620543637611,10.289223968366096,22.56976486081475,82.78568097681347,0,57.734790520185264,80.95272390423742,MEDIUM
73,26.826385206888407,16.299245579940923,13.726512666185563,33.61180559071248,3,52.77150196277827,65.7153156382843,HIGH
81,44.977533482147436,19.6272002857196,3.4269622000883446,41.67864319754095,3,61.736267933642495,82.30513415478872,HIGH
95,82.05520448662367,45.93412899020482,17.70505094932436,70.48990735452844,2,11.786165266165671,34.011100240872395,MEDIUM
28,43.597546386787954,7.067927163401566,11.653898079299726,63.67832356995386,4,38.3709962837687,22.646601432812737,HIGH
86,58.36413429982187,45.9580498357341,27.920848131157356,25.59113219337263,1,48.964202619220885,18.32817083429072,HIGH
45,85.77866927228932,30.970498939458746,25.96566692569237,95.66577554391704,3,13.65347146624959,82.44551436211687,HIGH
76,55.489421775760334,24.74849239332018,20.540900116799595,47.40673917467007,3,48.86995119396856,12.853709449714355,HIGH
8,81.62928006421846,11.026475314829465,0.980852605742123,30.235907497888615,2,16.82089774365737,48.44553179097766,MEDIUM
100,79.52928743461341,24.765667151557718,15.324179406436754,61.54426485507636,2,77.51130278639955,83.21186675976882,MEDIUM
51,58.78390412058668,37.83931212187205,22.80012392676925,49.72299217560734,1,98.97757278766832,14.729561693362339,HIGH
88,77.62109452693049,14.885446755144683,29.97938007836723,50.475910854737236,2,86.21996254975242,13.263385569390953,HIGH
20,79.80684848926963,11.847302768334062,24.321081505182306,62.91315072791295,2,86.1048696270242,62.9748712488503,MEDIUM
59,24.938345592123326,6.961748296338804,6.198589685603201,28.62484486765894,0,57.00743448049983,55.5666757501891,MEDIUM
81,58.48916914428742,16.182680792734082,21.121612852655655,36.03999191184492,2,95.2397345438725,53.86942389325342,HIGH
91,83.36628152854938,6.779445321400457,22.50282409467348,47.04366007960724,0,99.24862256446744,87.36952109120895,MEDIUM
21,73.12838746567883,6.6345428115417215,4.3873033027488395,38.98870404484392,1,76.14735874798569,69.24228260149486,MEDIUM
67,22.795446976783104,31.62009912308944,18.83438462336922,43.76550950616043,0,63.36277633502977,88.61188272419572,HIGH
16,46.25656959716389,37.4901191436595,20.841108471826338,88.95856211495702,3,95.02540788653826,36.09248161528838,HIGH
5,88.20169865840803,42.35836630043537,2.794249742686433,97.49352627441608,5,66.41438208318425,39.031159287393784,HIGH
13,81.61101339830608,19.885793409433187,29.043857402274703,84.23628828724199,3,26.853683831442254,83.69264361963675,MEDIUM
48,59.257948190078345,6.529712515377289,25.572677288652486,80.94732881290142,5,76.22540224225018,9.36457793757021,HIGH
85,80.55007856565115,22.979088133678342,3.7271153769119536,87.18864399357524,3,45.65181359699064,99.22463268796368,MEDIUM
59,28.208638575765974,34.42959409557552,3.957392621520406,68.49974794065875,1,87.44233692640479,88.27652853751069,HIGH
16,68.91291679769147,12.519463927455444,11.155313029402972,91.3420241952092,1,5.178727504865499,64.43240604567063,MEDIUM
97,72.94972343721162,11.707192074220973,19.66455685150605,73.33282357876398,0,21.342117694621308,12.404178549397587,MEDIUM
80,30.357177531346544,33.999136256078955,0.27860842825380483,72.60373965592439,0,98.8154909464272,45.11982370863069,HIGH
21,52.99302172939887,11.447343372952162,2.679932429812113,82.53611504449282,0,31.33514774409062,88.69395452312571,LOW
22,44.44489448973121,40.66839618725992,26.23491886253943,67.74185336652855,5,14.285306683489384,55.398286271934694,HIGH
6,64.92873153464362,8.205827489532314,10.535631564803127,29.17499062811734,5,15.137413084428097,44.11243996416942,HIGH
92,49.814548249517586,10.862233894574652,26.897788368269453,22.601182741821614,0,58.95739177615131,41.48303138759647,HIGH
59,38.30533013639524,6.9915094404616855,8.309029708345362,17.5823844398188,4,60.099906176334514,73.51206569165993,HIGH
41,80.1072687261934,34.52380375073269,25.43676313319877,69.25648330766295,2,20.544571815244193,62.65805261883619,MEDIUM
29,77.30592768831247,14.777102562103334,1.6370739304575888,90.81213043212907,1,49.48877199432668,15.71064794736181,MEDIUM
68,67.42740968952833,3.550600084769162,26.661735842607232,11.086031115199827,2,93.39244016742158,17.538373669606692,HIGH
77,47.877718082719454,27.317811058067548,5.18310936452283,52.391316338634255,0,1.6689401770856205,11.415594080912882,MEDIUM
38,29.416864466551072,46.1289644466597,28.460399908413738,45.81775214966353,2,62.8570696060576,52.59965172317214,HIGH
58,48.12177116545257,20.113870532224997,19.216118649370554,58.38898223224457,1,27.746773573456007,34.44115413358098,HIGH
70,92.88323728954623,48.715669217728106,4.661313936797567,39.407526665671426,4,63.42942473532567,84.28001457255151,HIGH
92,67.88391125165192,15.508474669857275,13.12458129151725,95.80851790444649,1,5.790594402313043,13.190215847191485,MEDIUM
60,20.438792338993142,30.61483972103611,1.6508585905932005,69.94716209733795,5,74.06581802341782,16.347085656249305,HIGH
95,22.349061765782274,0.5675301566096469,14.892387975681467,41.20346149109663,4,78.29871015437459,73.47272421887861,HIGH
26,43.468248780248715,37.48881920468955,26.203801692001033,75.96422537995375,0,77.14302904896246,7.788843861416332,HIGH
59,34.47825355192184,3.1935994561574033,21.36969744601486,61.89865072427656,0,49.61475689351392,53.524278545467325,MEDIUM
12,54.964900518524495,28.344306411922492,11.030633335704351,32.960447293517035,0,89.42684201442621,69.04144099849421,HIGH
19,30.556398083792594,25.441244245532342,1.3211372178842862,87.66356454123502,1,4.598152988973691,39.57776715146787,MEDIUM
24,26.10648403916065,48.01710726972118,1.060907219245607,82.28039378117985,5,74.06658281065769,44.84008391446586,HIGH
46,32.34368650215188,45.79273824404475,9.598054126931268,84.33972959972795,4,37.280816673786134,52.69388954316036,HIGH
11,26.14099152450751,40.216900972937836,29.44241591824485,95.86714667143849,0,87.69912381849748,87.27306184782947,HIGH
44,39.4570829553507,27.65456976620338,0.23907520672366567,28.060403810766026,4,78.45072172873415,75.25971873967471,HIGH
36,51.75340215224494,29.584546749240808,14.800820275646545,79.5351936655472,1,73.24633367392666,56.923128047926795,MEDIUM
36,23.550973911389775,46.61987662689243,0.7173076792801314,58.73906799538532,5,83.95740068961739,88.33386835389962,HIGH
47,10.131583648201998,32.86519250879989,25.470179633367653,75.44935351368753,0,20.51943729058987,98.39599548001529,HIGH
58,54.282598916490784,2.9947537826594814,29.908778103226453,74.04872272300925,0,4.3900265703159524,26.989894473867928,MEDIUM
71,47.17511231509015,44.778897006992985,13.753740856324459,77.3109458956213,4,9.557700533738556,17.683815773840912,HIGH
55,16.734743589688975,28.391036414460412,13.04948635304956,96.77964472594667,1,29.167602405690353,85.83680204991882,MEDIUM
55,73.06530456893879,36.7676434391184,9.541731577983018,34.476028464920894,0,94.35546860300946,17.93062540958831,HIGH
79,19.807555034659423,5.282887505134559,13.48700243220965,38.2629959030906,0,53.59245490900236,96.64029861377173,HIGH
31,50.672536922601566,23.1673297528207,25.57446556983446,18.13787992436724,5,30.421498288502303,71.94695637526667,HIGH
82,13.629682729779704,41.796237549399315,9.833809766543759,18.209161341221375,1,96.8400004176369,42.643223954578254,HIGH
11,70.94650392901647,13.008339636061194,29.720298612237215,12.797388402288359,3,85.46013046220031,57.815607347096886,HIGH
75,32.4867365399396,23.102162443811945,24.116902603315506,22.58137353458101,0,6.166918449381232,79.1911993797413,HIGH
33,21.764371378958018,41.18367075941779,11.16719231447993,66.7267793743442,5,8.40394242281004,60.68128145924181,HIGH
14,11.962016446475145,3.223601802345488,27.074882457998445,49.90881914523899,1,9.197863865701827,85.49116629204777,HIGH
47,21.02748933317265,47.114033051205766,1.519131027457683,93.17185529805404,3,82.16854015322838,42.524875381082346,HIGH
8,44.445649471053194,21.333200921418964,10.6182975801936,91.74737942847311,2,27.98545542807238,88.92526089489448,MEDIUM
9,65.26959199999189,30.848858224520377,19.418352014222403,54.900244899684914,4,47.90309299601545,13.33354735060571,HIGH
54,22.35124154188583,9.972890333329332,26.53957548674895,57.323265242750175,5,99.40872773689632,56.647384878325404,HIGH
7,99.04632541853805,39.09578834227125,10.77336329512695,59.006602543064645,3,34.403411978987606,58.736855929548724,MEDIUM
46,44.95431471123703,8.990793684893461,9.566327019881387,29.711816926578507,2,5.859123027811853,99.19547572590423,MEDIUM
72,42.16896034043874,29.199445992561333,6.982863837625056,24.366232745439483,1,65.68644213762343,30.32006510123989,HIGH
99,15.031779026720478,49.819602425322856,6.5823475813177454,86.18545814186199,3,35.480463456515984,84.72611396906139,HIGH
27,25.849033082199103,29.625975459070634,24.18630676078165,72.7863907239622,4,2.820656972715907,71.55327631838473,HIGH
77,60.72458381048743,28.155444543200918,5.647009947157688,98.92055893641788,3,54.212460152099325,21.67789292776182,HIGH
9,18.123163916581255,11.631167904161954,6.564268250747318,57.38036627336598,0,33.173399357420344,63.34280292793449,MEDIUM
21,40.66831398400953,8.872993632696858,24.072733337644653,88.1395388329252,0,2.191289624357229,60.7278716336649,MEDIUM
23,79.69298489379028,42.324044378956735,25.820083997746522,96.45028752481821,2,70.45380096280813,67.90325751588924,HIGH
80,19.092895316261767,15.088257686273455,4.093550065724702,24.175349741516126,3,79.18425249998717,96.26289953503013,HIGH
88,38.55550539253831,35.359146061816396,16.859319290569513,90.06401951310089,4,78.69917925955768,26.207535328161033,HIGH
80,83.30088127986824,18.919205407359907,22.019849200956173,36.50655382470305,1,72.8830955935999,95.13486990102233,HIGH
78,45.24412845498418,49.71415652738153,28.95551820862653,12.914446863437869,4,31.821691186009502,81.83665794816248,HIGH
83,29.880572539331087,28.27751230601602,28.100633806627627,22.657903133371153,5,7.780663846430125,37.9469618449067,HIGH
45,25.109867507642573,44.26601266975687,2.6617803771037907,73.8069231830702,5,72.92859471339995,36.896199229581974,HIGH
6,33.86911965065886,12.477043156763939,2.0338434019270135,33.09921473884434,0,72.04135879969684,9.574008484661757,HIGH
61,75.93260450488917,48.45509125528426,26.536559927616825,54.377379412646285,3,35.12311692984697,40.65801918235207,HIGH
66,80.98569950285975,28.90277454665659,22.747306306770533,30.30244547604833,3,7.370938956137419,85.34743598233324,HIGH
42,11.8070198497513,13.056385499113098,3.1417514549643677,40.76273810349008,3,16.09044949113211,12.125229999194989,HIGH
16,40.41555258231422,49.26380500705716,26.796785179392273,73.40541819326123,3,94.24422581019638,20.67473350238184,HIGH
60,24.139339959770567,5.062890548666782,6.166514301538114,27.09858318295469,5,55.41124323162294,92.92949202915676,HIGH
74,33.87382924149789,14.076153672263263,7.12644854841737,14.467189873465887,4,54.96626335371621,51.64008620821717,HIGH
11,42.47460291045458,21.380297872285674,8.836483468986444,69.58182034088809,4,48.03283974504083,14.213755260742387,HIGH
31,25.374897252300077,14.590573302305376,2.4580828413897704,85.93921669122429,2,78.48765730669152,49.739723030211,HIGH
89,33.85039574058591,32.09331912701056,11.625813510614904,43.39184723566727,3,36.9401664931945,47.34865072547352,HIGH
38,49.576638056749225,13.170040483117951,25.112362564033713,60.78219291230696,1,75.22351421152871,68.409503617784,HIGH
15,70.13270565078574,40.40900787020065,12.419599586137874,78.08111975398197,1,55.360190615790884,84.87573081087379,MEDIUM
71,47.67688674410055,26.775720598946485,26.00682041116687,52.7341949309728,1,47.62622810814686,12.500729728537902,HIGH
96,13.125564420142263,28.560996763577705,15.50452190647654,61.43368647231265,4,14.744765401096538,95.17920756290057,HIGH
62,25.5591075525845,49.21839951245664,29.164946350132706,82.76146491874267,1,4.267590063344606,12.445009603251464,HIGH
92,49.18539209792565,49.863461338938784,18.816786366971936,85.06973068084038,2,31.974948876205445,74.07478587215039,HIGH
13,17.832469678885666,27.818210198489947,16.56162574726197,87.09617625816222,4,45.815718112261514,87.97929407041192,HIGH
94,66.07521357299274,26.12810052249046,12.58781502675686,47.299815889208084,1,56.65939270551065,60.35432325337716,HIGH
17,93.24353500833462,28.134187973866126,3.02971328476346,35.74835686439852,4,88.01357846250323,88.39988845612521,MEDIUM
38,44.47391255893476,24.279239614316534,18.268864558573057,13.371910344794209,2,40.297395843157666,63.73322641717083,HIGH
92,72.42951278503828,1.9391266240897542,26.687226417427723,39.83446681608436,1,4.929097552411122,50.145728159541804,MEDIUM
39,90.73282259344803,1.011644429663594,24.521577759158326,37.274945810328695,2,84.28465686114073,86.53230440718956,MEDIUM
92,18.83956512454671,43.445001254959934,4.0315656290532145,97.67974821429794,3,77.40309001939247,35.48248995538724,HIGH
98,47.509545493484445,32.27774057138221,5.638070726778342,29.025145189530786,3,74.09447989200079,77.15186304649438,HIGH
52,83.89156531586143,25.763485130477843,4.769173279170014,38.0010783960018,4,40.33851410124437,79.14906081462694,MEDIUM
72,89.13993322238704,1.4474079660092842,5.7829034049467465,84.96369397688962,0,24.94902613242793,48.36262337716766,LOW
51,73.4170550698033,13.698874923717947,24.705188750673486,55.46137374434475,5,92.30735683729712,69.71156424212086,MEDIUM
35,43.52200853817765,29.702179672607564,5.32751082491585,88.34326947266166,4,55.13337206077568,37.703655366106275,HIGH
38,77.406502103644,34.442526880797715,8.552081293042859,44.79091036668862,1,85.38213265855465,79.08386283864954,MEDIUM
32,87.1400068694472,32.3689945880741,20.33085738272912,34.217522134206135,3,51.32812337581243,87.13984336054956,HIGH
92,10.80081874630412,45.57577190261859,19.421146625250724,64.10277554450803,0,22.377003172330877,62.792668875181135,HIGH
44,74.14664392942338,35.46840982241195,8.261356746511188,90.59346775623254,2,45.89980188906097,25.729860136928487,MEDIUM
43,70.9476540748582,41.21554107353318,11.914576199163605,19.208089267174014,4,99.94293798681754,96.8161181741355,HIGH
52,60.531140552914074,29.688627127204125,8.480306334452909,71.5971822271452,3,6.383705389710991,98.89429175306788,MEDIUM
86,39.262336325155516,13.844246514568814,19.683588157093624,95.69690183038742,5,29.879111191898645,19.24328315364487,HIGH
35,90.97183402709454,40.27149113167649,24.070912333584346,64.00299710310145,5,31.958573818769864,18.293303314759612,HIGH
8,68.98605134161974,49.87345497891479,7.782788181359668,47.670911747320744,3,73.67320957431123,60.387251729268954,HIGH
78,83.44132309475812,17.15835248177866,21.401078676215526,71.76862998394041,5,78.4897055296117,91.1200180229802,HIGH
90,42.26474185033393,15.009741427533047,5.099599921846095,69.18532162073649,4,18.113585780400076,14.272291062207387,HIGH
21,76.68270024119813,36.25933185530597,16.770949683245615,92.13622865435595,5,89.9591157850865,67.17129121335955,HIGH
33,41.97550565078491,37.2104964671404,9.212558139966255,80.92813931268394,2,37.16824297648611,60.629216044655855,MEDIUM
64,86.60924993902692,23.52682838353401,25.99180109077619,62.521715776832245,4,7.121573740407583,89.49547583968685,MEDIUM
69,20.783434346875524,34.03488821598486,15.895155138899925,47.179652861249274,1,13.736525917312392,24.028176125538632,HIGH
57,98.84724394415558,44.64225616552715,29.599477676504424,22.890173706967463,5,18.035676910684384,12.677089358271505,HIGH
47,66.79294950364257,8.841213328173037,19.03496907458013,10.424215128159446,2,20.938236833507773,78.48651577545364,MEDIUM
78,78.80353625311821,24.478854531500822,22.907075013164977,17.923720938314013,4,43.37114142886366,45.793923685866446,HIGH
59,96.87950561170298,19.165821002673034,1.1317595542481396,27.947282610530525,2,95.0068615481832,89.74060725875383,MEDIUM
72,27.15190389463641,33.8374070838555,18.800607860148677,32.39408105882937,5,87.698513525985,34.64876474625189,HIGH
18,44.51954286769243,29.433534408403595,5.010605618049281,84.14594467069693,2,94.84633750530168,48.31299963700794,HIGH
71,63.67329267539521,16.89175756039665,26.63922131511125,99.59251688451356,2,99.61389146848305,51.56697503573323,HIGH
29,24.839515800234604,45.344711809681876,24.360249505205076,11.721225981098748,1,72.71688281363214,17.464548759632343,HIGH
98,11.97219448590543,25.231677729258216,3.694859452528828,73.99990810862656,0,37.519243267583946,65.83050310090162,MEDIUM
73,66.08212995806952,29.696203393742525,1.4388112713329304,19.73021051899407,0,4.823505647294035,16.000033502233606,MEDIUM
61,44.22283866348531,27.364119236446278,14.231890149832116,23.781438831199274,5,68.574002854758,5.883932066008917,HIGH
58,69.54981184816498,33.124148294444836,8.099314486115674,64.50709032316038,1,41.882575177142556,90.36908287530282,MEDIUM
70,74.6889602064551,5.886728421861964,3.4203765805274378,19.563733747575547,1,60.90018093567296,78.90609707671717,MEDIUM
71,97.58077500872751,17.896091827540378,12.292686915848671,24.433623876769197,4,49.63547133680927,24.730928505803426,HIGH
66,39.75432545770313,0.13689995286963463,20.148993973956145,91.61920398428128,4,66.902193050164,19.16872680334278,HIGH
16,80.15736003259927,3.752410681383167,21.707287453403428,91.43014455609239,5,23.11602864917459,98.9232634219724,MEDIUM
42,33.77125204939367,2.5040097906473657,24.395352417536483,88.67264042459432,2,36.02146640538878,69.29282054086904,MEDIUM
59,76.46861762129586,4.749923516529014,22.74612014523715,14.130017838407369,1,66.3355027490844,21.198666253855656,HIGH
50,90.50748556401062,47.75445782460534,8.049281957404807,75.97611508045806,2,81.49642895364964,22.37259492884606,HIGH
56,46.022520338057674,22.82693433457355,25.07125036099154,72.09121880352826,3,79.989909694895,66.64041596786505,HIGH
26,20.17509007398815,34.80849367618974,1.7593918699553213,94.822028919991,1,10.371310573836945,91.56654232085702,MEDIUM
66,82.20383056405863,33.919656812460275,5.437816816119064,44.177570120429884,2,61.13584192754047,86.94469857978889,MEDIUM
98,97.61001222028324,6.532766477420793,27.611939569143082,20.164373143639068,3,44.068788026252626,11.016924417415424,HIGH
88,38.28141503864838,35.228408824031156,20.33786763060493,79.07758464609194,4,72.37735432759837,26.278567335755202,HIGH
90,88.58292073344481,25.954983950817272,20.647249303887826,65.64151144453729,3,66.1713262845963,28.614814510817222,HIGH
49,69.73395795275718,32.0702226403641,4.459633567713128,84.37940381654337,4,5.456611522767584,66.12287807289724,MEDIUM
25,55.50108146962599,23.464446832191626,14.87504792274884,24.886348595752352,3,32.063381553360685,36.4350100395365,HIGH
40,14.531564307388955,11.135326158439952,19.299519444697555,46.29492941155506,1,7.883059575479168,47.19794326364861,HIGH
78,50.32887270988365,42.82946120890086,13.412043597413941,20.68361668482696,3,74.52389646572843,6.6880672406488255,HIGH
56,47.11046929079945,27.856550570241655,0.005091464350093222,18.180599222037902,4,96.31712482800047,65.56612162989978,HIGH
70,60.6099314884589,32.72979917804687,13.686237696637614,40.67687804029004,0,81.65886865773656,85.21015676240398,HIGH
47,60.41357605954614,30.987898483854217,14.194010432807666,69.14504857880256,5,45.25324561746669,14.256517120714447,HIGH
89,29.957239703817102,17.067855728841934,24.896516569032034,96.7990315108906,2,54.76905816941342,40.51958424373809,HIGH
18,14.120029886953084,8.207768385269542,4.2134756196674665,74.51705013830944,5,40.92107572180145,29.157484568885845,HIGH
30,26.8789060478443,46.510812957657265,11.786894697455203,51.134140746369,1,71.6787914469343,15.23774599231174,HIGH
58,14.185032571825285,31.662023379454844,20.16425317275772,21.089727129735536,3,45.73878769461564,60.98503582803965,HIGH
69,22.11724129875695,24.941432105130563,15.910930425572527,14.37144450687147,3,83.88161106789165,50.87853653591299,HIGH
70,80.297334737365,45.50907432183714,20.754531378720934,25.628524316433953,1,10.355396112356763,67.46457205751443,HIGH
82,89.44262772028102,25.20550596765822,11.539879162311124,98.15506841845387,5,76.23746562617927,30.991608595830566,HIGH
48,97.34424849208905,22.642285304068338,4.001154930482805,47.147092552685734,5,88.64368554087494,53.667989137744506,MEDIUM
94,59.30253742235659,15.695539754582327,22.104559451828614,59.82234065929424,1,20.088908232534443,64.29592097451189,MEDIUM
42,71.79501675871327,46.05958822085474,3.9801518577342088,73.93567993125151,1,50.38934390432497,70.95963750409601,MEDIUM
46,73.93174544264727,38.03875124165334,16.868406343542766,62.45256439862725,5,71.01236314883673,69.05313112622147,HIGH
73,35.73351822028272,42.36505457102744,24.24914337980088,57.04569875882821,0,38.08703135350846,10.041174953238265,HIGH
12,27.991217553824512,37.509250933502685,4.8280618302969005,35.795399334319896,2,14.642839014069597,10.893118274260384,HIGH
42,28.36008129882406,27.058604371661833,10.760473120367424,50.7335054071486,4,86.80353736544103,75.25178561642075,HIGH
33,76.81714622855745,28.06352763954053,7.127864176986135,80.58764555837979,5,28.763865450722026,68.12688901620425,MEDIUM
53,44.87991837777913,47.835098500591336,29.27468166168379,38.13885828051707,4,5.380219230774963,75.64864679334616,HIGH
30,65.85055260506641,39.04624464379427,26.103542769640054,84.698513375963,5,70.46290688927877,66.52507662725006,HIGH
80,59.195362303111715,30.169348864432077,23.284402353669964,96.78608408134276,2,44.8814922402992,98.42806573847376,HIGH
14,26.82789233790913,8.689756592765258,15.415405583237217,43.947840434738104,3,27.91122463092105,30.10276155439258,HIGH
25,62.558745191553804,12.750807406621101,9.916883662268072,73.87203666846827,1,3.9940589321429854,93.21968265361973,LOW
81,14.57698970757041,46.61909327855954,18.4682602829799,69.5701189868445,3,78.99081824174299,57.265217073396826,HIGH
14,80.56283037134513,15.892950268609473,6.598860462826723,26.548218778182306,0,78.62582393373575,20.140196789156406,HIGH
74,58.33323572805178,4.597277696953323,6.635942433043583,29.201842916757634,2,33.10665366113024,32.88956393116936,MEDIUM
84,57.744900604614216,49.83155413021694,24.710652027756066,98.30198778537668,0,11.472195140226527,37.870692628163006,HIGH
35,91.40468126389229,30.685054853039716,18.63395092870902,96.30071344665402,5,88.56601589987949,41.230397723716344,HIGH
19,44.72883413056395,27.011865647128076,8.484869828381923,92.02023339657562,2,51.43090620846803,53.329881335257774,MEDIUM
67,13.946649481945157,44.91408044529266,5.775371638010313,56.25052301146902,0,16.739480921349493,95.84623961497292,MEDIUM
73,57.98852399483138,31.346653798770834,6.3234442480657505,66.65630355196002,1,86.49508557126312,45.29989793440836,HIGH
18,28.50216111837237,41.43743354929345,26.359116951277237,76.72375313765262,3,64.65611593183453,94.27635559328978,HIGH
100,71.74391853688591,1.1876473051403547,21.506048515077392,13.40976832715333,0,5.426807089144104,80.45040476270958,MEDIUM
76,16.339788300891264,41.08096593158157,27.32959723293363,46.68695006462137,3,63.02172646257878,46.13737829073074,HIGH
7,45.055168051994485,5.915288081330944,0.17696782382340737,74.8257112924117,0,75.59605966951774,60.63276126477197,MEDIUM
94,86.34261151055284,17.88500693740239,15.085108527422443,36.08529389515721,5,30.13507098448711,13.217996036590307,HIGH
61,44.327221703232766,41.10611850795268,0.9245745407017325,24.06911267349197,1,13.63814603295468,42.14429371575408,HIGH
74,36.548062238187214,31.70228345098925,8.941695096482867,89.82803070750238,5,64.79406086588688,95.9522066652714,HIGH
6,59.8171768987851,27.753487282013094,3.6970547680049703,10.45268551666046,4,39.40817008700373,57.01491776826264,MEDIUM
15,37.42220371145575,37.41482933663967,27.106391279236377,40.94664848637822,3,90.56280303443334,85.88859087744733,HIGH
23,24.485892180795553,11.039398467870399,25.042451006041862,27.48935938116929,1,67.09779113505783,58.892801224916106,HIGH
11,86.62489501829268,46.61849327015743,29.829391512763003,51.51386833206345,4,7.314457215855019,68.81009866594867,HIGH
37,18.838216124233476,36.279462866707014,14.615712304012456,39.77658385144511,1,67.1295565780051,27.280620630862416,HIGH
41,65.75641994388997,45.00592954214609,9.533578117011762,50.55813803934415,4,65.94222508793732,70.8785222880255,HIGH
24,60.89968071145989,18.224671783931463,9.489994784889873,48.5476653663632,0,31.32147807342941,79.6377106461297,MEDIUM
96,76.58345943447551,21.806203304484423,25.203301763419656,22.087524914459998,5,33.15629502973394,50.59562719591405,HIGH
62,42.28674419022371,15.273589822266764,16.550154784805915,25.81931448057028,4,8.197369308615466,31.658514265550643,HIGH
22,90.2167335039051,9.821596467209847,22.006338511333425,66.39569965661775,5,7.539995679337663,6.769878012767359,MEDIUM
69,66.84638450151294,40.63211999158952,17.36702361817683,79.22802294122627,1,90.63035773981832,57.401429859985036,HIGH
74,90.45873410914493,26.983855840602494,19.61724417847333,23.376968524781432,3,22.330664762435504,78.35376013824396,MEDIUM
98,87.1447738721216,6.694062972329978,15.033695141318141,18.14986218296486,2,50.21672696664309,67.95445649097618,MEDIUM
83,71.5745491156423,37.86030356367554,4.211120779712597,24.3300176123013,4,94.87118316129784,67.6442641605328,HIGH
23,76.2327827951342,24.175170786371545,10.763866165374179,29.693720553312552,3,23.17499076043156,30.11392593455569,HIGH
34,13.852759675478218,10.338703735875049,27.23178277718882,42.512622810366594,3,91.7901944031145,88.74743822523622,HIGH
10,98.25308038567921,16.20355550319888,21.112087585428668,56.923561372019556,2,83.48722662173934,30.015026591494575,HIGH
74,61.31441366409125,18.832978477208055,11.355555511704855,62.891094228627445,0,51.66628975539387,40.75123419913679,MEDIUM
33,56.473460395081325,17.644900387986283,26.03158265613742,53.8175406406758,3,88.7171943517111,5.626780224401594,HIGH
22,49.59088306802901,11.499538301336848,15.436238194289132,35.27285575148865,1,18.69056758087676,39.41117970043365,HIGH
96,83.52595679946035,33.05548214552787,12.438410552853187,39.72022887187458,0,48.15166493894861,50.4873910584078,MEDIUM
31,63.17118089282634,32.36296170702763,12.326976214896002,31.930327667914256,1,57.348651135226824,20.30726833491611,HIGH
85,56.13785344009978,44.53988357345361,4.4059530025523905,24.970722967709357,1,51.66406926381464,43.51835006429973,HIGH
77,67.38604360577317,43.925449147651825,21.83922946343088,83.91729791098025,0,21.659341789188503,62.61996030296164,MEDIUM
65,88.05721590928849,8.528339199484813,24.910907241128424,64.075484297008,4,82.04531801304974,22.278994427659466,HIGH
89,55.972441761246785,8.386085079679933,20.56773491412504,93.01167503604526,4,59.05959909323073,26.832309781984076,HIGH
54,21.899187861169207,0.828131363670731,15.681340290514754,91.84053007805613,5,41.979501267160614,19.208313394513326,HIGH
17,25.967996588559643,45.080410918127065,17.994413906120485,88.99773739686712,4,50.33292081384595,16.164058624603193,HIGH
66,69.3453350046992,45.09923778603772,16.17857958991567,10.108018522912301,5,64.92317351065338,54.59420181784765,HIGH
52,88.73418706588033,34.882140356978965,12.86868793431362,94.45794651066524,3,78.95555851509546,41.21746713891023,HIGH
80,82.41589350048797,45.39294382987143,25.11571542100033,61.85087352092952,3,13.388310562460138,50.328417515431305,HIGH
34,91.90768210079365,4.190879048133889,17.948770495526414,58.93579197509738,2,18.902101371787072,72.36913953458026,LOW
5,62.01884312204016,5.8914301990575515,0.21582157351744402,68.90915087228777,5,80.42871528558561,43.840282331523525,MEDIUM
18,23.930072250563224,32.578796738896585,7.608981786959519,86.94792336411356,3,56.46702376428551,63.128664316074925,HIGH
92,45.77087333759271,10.184683059613464,16.5631484502081,60.18064076767935,1,37.0212968879147,57.716578848341214,MEDIUM
37,98.96574376224561,28.88255765451353,23.225834527349754,45.83167766198828,1,85.4998922823597,67.6318706669893,HIGH
100,30.67941740299417,39.155463017266776,28.477355352445343,19.025075579443815,4,40.056090642572286,37.15159539938796,HIGH
75,65.26228303264949,34.22822233542425,1.5615839125375464,45.01933125265927,5,0.5290633472571971,13.653415502676882,HIGH
23,52.450179407950934,30.012272087997733,2.6442206794203327,33.678279816801265,2,8.003973669580267,8.586757137082499,HIGH
54,93.76164919585234,20.032242914276416,19.68525689564769,35.78223104808124,4,5.746303458300117,78.49280296207762,MEDIUM
27,67.62621830771232,21.948602427061793,6.051217284180438,69.11958004361585,4,28.60065117086954,8.19288838264455,MEDIUM
81,55.94930653589387,34.92248662995955,18.455699571106482,70.6621942910962,2,23.925662528737725,5.0272908261892235,HIGH
25,17.815853131663374,13.796843506273953,11.98301069880895,70.26958417566776,3,58.608016520969855,54.185556593983016,HIGH
99,73.32597319912571,45.9588710554562,16.48777960639308,75.35248387365662,4,91.5008973948154,38.06904858358303,HIGH
40,30.366596166586177,48.15285697375431,13.642770259763411,46.35608227358464,0,26.110750567193907,43.67778948018415,HIGH
18,60.276764158269295,25.15845831269466,10.198976832706212,20.53080977696777,4,95.67093495852752,88.23073939309135,HIGH
78,32.51273425279012,22.138432028165255,11.312408424132004,53.52669059706514,1,75.74732850466724,96.31767890365336,HIGH
63,71.34352059263617,44.82619113729391,25.860698378238983,53.37731458592524,2,6.7554260661253585,65.19787076802791,MEDIUM
33,70.922167845859,11.496506929457706,9.471920820867858,95.99011184110242,4,53.565190739723434,71.57776247007266,MEDIUM
38,32.34318484258698,4.650471508104586,20.210937503454414,83.89672205432771,0,55.45515040412264,21.956145988946915,HIGH
45,41.8184133594554,44.71581264351033,8.072273474063971,95.24062981571304,5,93.02552633727153,23.065912294424596,HIGH
99,27.969988518487828,36.771453262141534,26.18227495224894,28.61007690898089,1,83.49404800660567,84.45179744636047,HIGH
50,24.039601162854304,5.334464505269559,27.605643885989686,70.82309123888739,5,49.26648632722122,5.629249234521381,HIGH
74,96.21937814208627,42.400529787798256,11.135896061510028,38.38752153747255,4,86.87688356245535,51.62650840262194,HIGH
70,35.223996086486835,11.104639153990664,17.299955590422293,14.87333541599057,3,47.832007661204344,56.37295483122357,HIGH
69,41.25600654955598,43.0200065248976,23.277118915647346,51.147643088442436,0,69.82445680961395,48.70670605441085,HIGH
93,10.757674433766288,33.70515302224174,11.382840107606697,19.067304352590867,2,61.27780963617714,29.671573063578315,HIGH
75,33.65641311811301,13.470411476249005,28.755804511848993,40.878681413331435,1,49.87700166101968,25.00058580051235,HIGH
94,77.6976187043478,18.253899311395767,12.017777922666713,50.56560923300705,4,13.113916649872392,59.709809274756395,MEDIUM
34,83.27715977272597,36.040772970746865,24.12262743021663,59.980604267863086,3,19.60632141369859,81.00355853229055,HIGH
99,23.459325153893463,40.28341807787951,5.2982182997883855,54.96380435006656,5,51.70069749205006,73.4532313048399,HIGH
67,37.00307639381038,28.10692260358556,17.035035576159352,45.85617116769948,5,16.33418802919714,25.469395870810125,HIGH
37,52.88854819169233,31.49311061810772,13.495644571913752,40.11908846631065,2,36.03065800692888,57.96169138346041,HIGH
37,40.97262488145515,20.588045239909547,10.532714694895278,71.16272663087018,4,19.89581106368732,59.709973459968126,HIGH
88,58.45944289645921,48.96865665179085,8.538261954883271,39.258125801290234,4,48.74937443043616,74.96998565240473,HIGH
15,44.296389857156115,14.326178827789454,18.951365714504067,23.036350445026066,1,64.05806527116681,93.2138333622507,HIGH
58,66.81460674932532,28.58187869368967,25.46702315816426,16.42096703589017,1,34.362548759742026,34.780796021993694,HIGH
88,36.222071751497786,13.373619543531895,19.339328794655646,34.41232912162141,3,78.09740369230991,94.18313432112826,HIGH
100,62.82277961734095,48.27630164112473,12.419671826210195,26.54975791930456,0,12.503991073200416,27.289583257527216,HIGH
37,94.6393603604196,35.034846421234214,2.401942136266414,25.02194185356872,0,9.555371898258025,93.99539786186548,MEDIUM
65,59.359036943646444,1.3182456683120514,11.910375622805084,78.84967349202361,0,10.392840402165248,63.71970630996722,LOW
15,68.93494079890148,44.27356585481994,9.281119606499958,32.2656867383673,2,44.31604268139652,17.009112182790968,HIGH
72,85.46660010035872,1.4285646509956451,19.906474059114135,87.43319356720534,2,86.42411416482533,49.38338028358851,MEDIUM
74,94.1371814498104,27.42726372362857,4.053447239743676,95.36375189413174,4,17.70366399797121,61.77049888947327,MEDIUM
85,77.40204414149078,43.864685507112924,13.049321142612351,67.58078580765084,4,30.96613281139966,37.980988515592436,HIGH
74,30.441560018239162,4.4777011282221615,9.236045561533418,47.09834250347788,1,30.357291557308898,5.008772907518165,MEDIUM
22,40.94964255249948,23.459897762201308,0.24951331789119902,92.98795561696475,3,29.96105179871067,77.75757432648058,MEDIUM
42,63.73033770031769,39.83836919338181,16.4463658720949,26.97138813924959,4,43.710636641645486,28.74013118826301,HIGH
96,76.34060686930397,19.4861634926598,11.350741808248854,33.66822479016241,3,62.532301425607365,54.07795587652279,HIGH
83,82.6817446384818,34.232014518925965,8.540305640203588,76.86342029180365,2,41.290387651324735,86.08079222220239,MEDIUM
28,22.296162963387193,5.517817525898183,13.660290379314738,50.74905093380862,5,62.27537802755535,22.839997041681062,HIGH
7,23.69343746056322,48.485810881469675,0.6639265684643947,97.50993444923023,2,26.919513288914555,72.94361451007113,MEDIUM
98,10.738368041462785,4.509849157439056,0.4417454064442705,29.546927666456675,3,31.15766852030555,80.94892343392667,HIGH
52,51.73160204830863,39.57123571326476,9.90745941107491,85.91916693412708,1,5.6038344401892815,78.68702651768973,MEDIUM
14,58.88727554912276,9.080186930370438,26.870969349489943,32.50715198779527,3,82.82520473943315,16.586347837648223,HIGH
96,32.406612445651064,38.56126665136673,13.2888282642876,76.38571112981577,0,19.917987630393075,74.85566402408939,MEDIUM
17,56.902520805155554,49.105792570280705,14.184766349745455,71.3298088052068,2,93.62152466406165,20.0680864585236,HIGH
98,13.796732403525795,46.87104618161169,15.627787587525289,32.798146630158,5,29.881308375838124,39.240532326060226,HIGH
11,87.72918991746403,10.889412452755142,3.3878537794871253,66.96180693115703,2,1.5067705268862475,80.46708774737644,LOW
79,20.76846328096648,39.457189009744425,0.26789567668026426,13.779403211898586,5,47.527067876165006,61.64016697350319,HIGH
52,79.37173000017695,12.436112820244748,14.997576197550046,71.73501793800321,2,93.0848784518627,99.71244478343587,MEDIUM
85,15.40471021368922,17.775883765732832,4.6175530630338475,58.27179932022066,0,12.58274576652264,27.104089931326037,MEDIUM
76,80.97056432081861,37.834876160069456,24.165761297597577,49.48470082869376,1,2.135283268429322,40.88804896195167,HIGH
97,22.1258956384857,44.93315221350213,14.559063994875395,49.375000374855325,2,54.27340768056942,51.558739602779625,HIGH
77,26.796405605419345,17.383233950913272,21.972072303681383,34.779201657247285,4,91.44740019780461,57.67942946577537,HIGH
13,57.802368729951176,22.469209989783412,24.582556544992908,58.74453569233524,3,0.07198287242494716,65.61247593213605,HIGH
53,76.02919672949676,44.14661862653488,18.59203819710671,42.76676773906865,4,23.878655821602113,73.4953384549727,HIGH
89,97.04468413074379,40.95248668919908,5.696083573416566,71.49017643019127,4,15.413151393114955,31.89726293569061,MEDIUM
57,67.68135368065658,5.5232067019702065,15.696016175797066,16.001185878663904,1,17.86388000361083,7.971006625872162,HIGH
18,53.68332585130258,4.937679332426614,17.13036544064097,85.26695739458422,5,48.99096379117769,64.2771959798398,MEDIUM
80,33.034467730058026,18.31770100471481,18.1786087269735,16.37865648551098,1,65.57493618980459,93.19835334664505,HIGH
15,52.12532290884699,31.945835821591384,10.827781533752354,76.91296968193312,3,82.20265162666786,80.45370982811755,HIGH
12,84.12786696496605,13.290781724833261,1.2195945682302856,16.334931664921967,2,7.79353748604914,25.510506006000494,MEDIUM
71,18.74073251418963,36.258596640459444,15.949831542074177,27.051437179600814,4,65.68765137252437,59.15262855146735,HIGH
27,60.258113201167376,27.907080357963064,22.38325128827561,78.96550780144473,4,35.796336587140374,48.57845628069556,HIGH
90,48.43674912642063,5.205119835886846,23.773847933202205,59.49689199134815,4,33.7512870561569,20.026763310436493,HIGH
81,49.871095299845905,17.61620376351661,9.454649884271918,99.23166915563142,2,84.48540149012172,44.17261270878847,HIGH
86,48.752926545992096,36.29338418075849,18.25240110771117,60.68302325238557,1,37.50630748697237,57.2726770340201,HIGH
100,32.86802144647217,48.08258878156672,13.424993669947481,45.73815055204634,5,3.466290222820989,32.025806207936014,HIGH
7,56.58484229562963,49.670600477726964,9.055249617971961,37.03005655553562,1,21.482281279355597,34.91594412968777,HIGH
93,84.01037122932182,45.95560414853065,15.338144650233481,61.36013845602437,4,15.47147862187559,8.584948507958133,HIGH
50,24.049639571135764,13.249408962980985,26.688760574643844,32.48712152964974,2,81.10742367826583,13.7309865221104,HIGH
56,61.21584432281079,10.871864011237752,2.3160469659225322,39.222284863601445,3,17.290249085632258,83.44199821656412,MEDIUM
93,73.25631053642124,40.97576324181841,2.860921605355559,67.80291607257271,0,73.07893619562772,59.746951134852175,MEDIUM
15,80.21097172076287,46.09357482601013,10.03168933419813,89.18132523851658,3,41.652171261791935,87.44395421036593,HIGH
34,77.29107915423904,42.47390836563022,27.859594973497327,67.04983927285429,5,38.24869621852633,33.954422323528064,HIGH
10,38.738488618982394,28.24564469962568,9.804948829651238,72.79917873346616,1,5.051981414582752,74.49996448866943,MEDIUM
55,97.39362202663318,37.64201015052653,17.2576456155023,18.107465729025797,3,28.978302915668706,42.460628368416266,HIGH
21,40.255136023678325,23.79273271986864,22.359451141054425,59.333716451579456,2,8.507898746823539,52.67319598255049,HIGH
94,21.733765740565673,6.743538186297748,16.77888531940621,53.90749898238995,5,57.133068290426806,58.31092293202652,HIGH
99,57.1823004049221,12.115754586325577,7.987712720805083,48.70591580202465,5,92.4138080895083,13.511491572039848,HIGH
90,47.22238472192476,18.263382221873048,5.714692247078946,41.00724185592638,5,2.4206830335269047,33.957790516907345,HIGH
49,65.4598895009053,49.507959113566585,13.266303157027545,23.123662767124983,0,92.42132069034272,27.181511699930535,HIGH
92,43.643871128851245,37.88668912965311,25.58292435537601,20.11345667065938,0,24.304830989942626,63.995232045943446,HIGH
23,88.18771164804717,41.00669782149981,0.4119987808029413,72.44157025505058,0,30.511805005417436,49.76307885468804,MEDIUM
47,28.81085870117819,26.900272895349303,6.114040586298155,57.093929331987816,2,54.880005481113734,64.18898932146087,MEDIUM
23,72.55640292829253,33.4130290964203,11.298200096861631,91.54362574009262,4,4.348200749945896,21.180366469252515,HIGH
41,28.062645130060346,34.826334423558706,8.138443541471341,51.84647365605986,0,6.659779242161767,67.73541842233007,MEDIUM
89,86.68746502815328,33.00501866646824,25.928468206798605,11.717049154077475,5,38.65232261357353,98.08032085125606,HIGH
70,97.89507459008688,4.980185592126868,9.463679079263391,88.00954709753078,4,8.802066882265647,23.89314400078227,MEDIUM
63,60.4618787271641,35.623459525960854,1.1925720976424514,93.00431041156786,2,33.35696346307757,42.3729826935911,MEDIUM
25,11.653500282840362,34.21556776460747,10.661343997396,37.20935904427192,4,27.58782789997224,10.89092120118643,HIGH
37,89.08095467720443,44.520104303938076,24.44575913035011,12.651930860968697,4,94.9116418363108,26.430356274636658,HIGH
48,90.74577834722544,32.84658794748063,2.6338505141190427,44.39864096689675,5,61.244839335010546,64.42483704700854,HIGH
34,47.56000028276795,28.644927647988926,12.793949910373353,38.114448799760524,4,32.92847383705465,56.51220636455977,HIGH
31,68.7225381469122,29.051535033193908,20.521459087752934,28.207920995599697,1,30.899839616218273,71.98795683958457,HIGH
72,91.86064438650551,21.503214909019242,27.270062858412466,79.30449979799774,5,93.30299464229068,92.12565146397465,HIGH
45,16.103263722066778,26.648077349588856,21.58321517371847,26.572169427452852,1,72.70795332601915,77.71632619407256,HIGH
57,96.50765685001505,15.167405248807547,22.36829189965915,83.95286642366429,5,93.32500304158002,31.01063563999474,HIGH
29,19.609428955906097,9.237324828728365,22.873424511988965,65.07834379021216,2,60.560451125385676,63.17439203662111,HIGH
81,30.89642808424021,34.36889425891805,10.77784003603654,71.93271562594444,3,13.408662753048972,85.38313241636467,HIGH
65,74.0817215178994,18.697970056525048,25.563882973967555,54.230103735970125,1,16.378637547239528,26.495940708084454,MEDIUM
57,78.80849687154112,0.7507130225878511,8.095761079385438,47.17396199725478,5,67.13390871006504,24.26918973765355,MEDIUM
31,15.952269181140043,46.355160308889694,29.568829187591042,88.0416102374743,3,68.78627041346999,87.3436159898845,HIGH
36,48.48001149623102,38.810735956514726,18.23789873763884,84.1895663308626,5,31.28974914114975,63.09296309365494,HIGH
100,61.47410060049982,26.80796925918405,19.241814734589227,73.37012954669288,0,52.06490912237487,47.902911293547895,MEDIUM
10,89.00019444246048,12.286082475894183,16.13607430359971,98.54475793365619,0,55.77009498134095,54.032034894005854,LOW
85,96.63330804136835,9.492516998640955,13.186616241493795,89.59578184343779,2,46.1347163963963,45.133907332791935,MEDIUM
83,92.71295379779636,34.49764792508246,27.110269399487887,51.72210577644717,5,45.16980878296554,73.65144519181914,HIGH
19,26.17942527000459,29.272386036009507,26.82984054746795,59.17663940919638,3,41.35593050976166,47.83415621047206,HIGH
27,50.83126621789032,44.83087536418229,26.873847216799557,89.42936026246464,0,25.008229407723825,70.71315569143563,MEDIUM
96,81.68376002281502,35.91873598592815,3.7063265050630045,20.274844494167,3,63.40724182348205,13.104121683259633,HIGH
95,44.567863683541454,39.55332971185126,15.34999354453516,95.47785002284475,3,55.03458856091426,9.171077929323388,HIGH
26,92.10275009399192,28.274578925708454,19.785910218061314,23.50807610594606,1,17.88667646732687,72.64451134856415,MEDIUM
58,37.72559849811082,36.5080873551333,28.828983406631252,35.99024837002722,1,11.755397840247984,17.499248022148144,HIGH
30,10.317960873472906,38.26979035627506,0.3662329447215751,54.78648466607179,3,54.350115960430024,5.546302145410121,HIGH
68,31.40905186175291,29.44311635921546,14.271359694094617,46.91362291402207,0,60.12165665634133,5.624437207339331,HIGH
75,35.030164389155374,31.431771277468144,24.603641739171557,28.68738408686736,1,14.825616817969035,67.06130343047442,HIGH
9,23.083697459434234,1.6216045867638806,17.34278146282161,64.29569174989864,2,92.03846982695362,9.657979461135909,HIGH
58,99.43616625698175,8.066761371527049,8.53141634414116,69.48321500596572,5,59.49689863047196,79.79422005569066,MEDIUM
27,96.96639374628964,37.466740451368054,10.805659427824574,13.225603836635987,2,32.28218508405195,90.26532874255804,MEDIUM
13,78.25977890535552,42.16548150422837,1.947775995619454,52.37351597926856,0,69.46194384948011,31.069761561414673,MEDIUM
72,47.23821183456599,10.492268463905713,6.271529409003348,15.236612855175139,4,72.97285197626795,64.75296691246277,HIGH
16,53.529668488850234,34.432713912717254,28.016750243645497,98.76505981097003,2,42.70536050859436,85.54080713589796,HIGH
38,57.28521027984352,49.75121677787756,10.6156003312257,21.674182379887235,4,49.63969254471793,74.27255067994052,HIGH
68,54.32540083466643,8.995361582809563,18.28217273191846,73.77283607530538,1,0.1580917225831202,7.278745764226721,MEDIUM
85,81.70592979053643,36.873418781187304,6.219925090573209,65.37771947613977,3,41.404113952437186,36.710264408713236,HIGH
76,82.5439166082093,10.616896678245535,19.218549326327548,72.10153553892972,2,79.01955028462116,34.23839217817022,MEDIUM
69,59.499423944601006,38.35163004924777,3.4151028884580237,39.99546014310823,3,72.43966428110117,63.519367584666,HIGH
8,84.88384929155274,9.700778994901038,25.014759005145024,93.00517887266402,3,91.61630531735752,80.73916646374786,MEDIUM
87,22.217850635458504,7.769314433336438,13.818538090301672,87.87019154673128,2,46.24700753687995,82.34582922850207,MEDIUM
100,15.042005666788786,26.0536612195312,16.948279229916068,71.03778621848863,4,53.588547571538705,24.784934668636133,HIGH
92,39.85473634271457,45.80932255388404,23.873483990191417,15.95917371858057,1,28.046002865388353,7.9614506454726985,HIGH
53,66.38597628537255,42.120288746792625,17.12944923468435,45.06096465039328,4,11.68446381732351,79.32267402407764,HIGH
44,73.47395656409675,15.724969919711357,0.9488464753696502,47.248261107592285,3,87.70487326207925,40.300439804279065,HIGH
43,29.452589133821704,15.115914931525564,3.3669381680076595,80.64495849136675,1,91.33538461670587,47.15853883377832,HIGH
8,81.91227505683665,45.24779003115531,4.622333315807209,40.61043138151846,3,73.24410667559437,54.74465634289441,HIGH
46,22.896554315487485,43.58994927192165,24.664155538888302,94.4221462045103,5,99.272034416137,24.492775453881993,HIGH
9,51.34315695526405,35.68386952013157,15.670346196555192,10.369888231071213,0,68.70523307332695,61.45732017478446,HIGH
16,39.996077805897826,44.45929379989943,3.093084883819006,78.95621664306957,5,31.248080002129264,59.86818426889861,HIGH
44,67.4965766839102,10.492284342974562,6.016665367606052,35.79106394125863,4,31.91497905014984,46.9059841614722,MEDIUM
20,34.53887860058892,7.874800739302068,3.4338118170030496,96.24682490576093,4,51.4060661959464,24.62485105946829,HIGH
49,59.44290912645788,13.552605040951377,28.29833456226148,82.36025546114216,4,24.482507386263443,11.768072765923051,HIGH
83,90.30187942450121,27.02885510163294,1.5217855118380474,12.609341758237786,5,5.045601059441951,41.44196573727569,MEDIUM
16,48.38191706890246,8.94914966250866,17.883640875952516,63.34806015083463,5,69.9365499957176,63.5499570800685,HIGH
44,39.90988860703839,9.907356915212674,22.75207638834497,82.8369840831581,0,97.36818888990878,76.79557887927209,HIGH
64,61.10103720323424,4.645808716435362,24.07051494412624,72.87394681680823,0,45.55841707467413,70.02540760651057,MEDIUM
95,78.98441457663246,23.527293738608883,28.423448106004546,22.93495154007274,4,25.805276567385793,39.527687819654545,HIGH
28,72.96531589741855,33.2590309270948,23.663361190436387,89.41635012051833,3,48.750673257011265,11.20969388750765,HIGH
19,41.62967386155342,23.062084185244984,5.124046344069547,79.1147363288357,4,57.46782580568939,53.25521826579093,HIGH
56,83.57976030025316,39.83788866809804,9.77609184894335,68.45062715100616,2,53.274556592833136,43.077565104521184,MEDIUM
57,31.471776261022207,12.184553052465997,4.770608687525627,53.41371904718489,0,34.07141581791501,82.3219919646955,LOW
80,48.80336478790832,49.01026131039623,17.01633582725974,40.798075117226084,5,23.615431914542206,67.948164408002,HIGH
14,76.54303404523203,35.59544107846479,25.10244581549547,20.289057443251323,4,46.290843431188236,57.73333161530733,HIGH
61,25.855660198056803,47.79417231894795,2.08822904488277,19.78701704513863,4,77.13433788706789,40.996546269236376,HIGH
68,68.04902039032302,3.074111078133063,6.528353203170059,22.502506374221575,4,90.325600471339,65.43261790226951,HIGH
5,78.13699456457257,33.04406968847529,13.589232608211594,36.23529281540542,4,57.793141489595,23.588328916861553,HIGH
92,88.96828173468853,14.986766714705674,23.830399791867492,71.16030348397427,3,71.77912219060978,91.9362018831457,MEDIUM
16,62.44542800434479,30.57453780860515,15.31271638069989,86.2873070797325,2,6.241055853085875,90.60219103205269,MEDIUM
11,10.075898269577852,28.001512892824888,29.360886892507516,19.87284852200974,2,86.56796368299777,27.34791119406351,HIGH
94,63.11474871251098,31.260715170997123,21.353209551302257,46.54293890551368,3,54.51187879682784,67.9363182296899,HIGH
65,22.51619791195106,27.771078938467447,25.299830121803737,42.42590997812629,3,15.426729089372504,99.75832408599473,HIGH
90,21.299423814452965,0.5801376222617893,19.451677281195177,22.959629780952113,3,65.79266968126231,97.62262757175175,HIGH
22,17.619709986074447,32.11214497906775,12.47566398832636,51.04257889406697,5,60.442951269679526,45.441896238987184,HIGH
28,50.895492329056125,21.20623422862963,24.602142747501826,44.624324604702366,1,18.579103369095805,62.43445944566912,HIGH
78,54.83412672737501,36.54566900311036,21.36389996895093,34.23254033159764,4,57.635235314793896,8.178878224880823,HIGH
9,61.13346199314394,35.24412712774374,3.394931088448041,53.33796178219018,5,8.006310568815078,74.36761959994473,MEDIUM
72,98.52211883173554,49.183418881364986,23.366094517578265,51.844269458394194,0,52.33567944907804,62.95670787544849,MEDIUM
36,52.52064151137811,37.08430553366874,28.812331408720567,17.02737265502409,5,53.919721244348764,60.06470180815066,HIGH
83,14.749684492667573,17.177308550116887,23.355813997413975,52.1981929306919,4,90.6055081406477,59.52670365357683,HIGH
47,47.89144964339068,48.029065123856256,23.94669666020973,36.0287598898689,0,69.50511628602781,61.775469304586956,HIGH
43,75.4274542678292,28.185313664541816,1.8425328946039177,52.584447875862544,1,57.28599954517176,67.35038920555009,MEDIUM
42,82.80062017116104,31.215850274003326,8.604469631186168,17.425915013357397,4,7.686225959245297,79.45746810283985,MEDIUM
37,21.928488652570532,14.04859657407444,25.735751522397038,11.27827090567816,0,60.38215396897036,91.46249142451704,HIGH
99,23.602205211848073,22.332658383908427,24.23522073970721,33.512732911314764,5,23.6195880807329,22.176873132141978,HIGH
72,87.58129852248837,17.1423997670679,2.5320439712730702,23.05632266103452,1,83.76142196055373,76.51232320361308,MEDIUM
57,79.33310102287702,11.897371955464514,13.205550251751934,67.38171998452762,1,57.77573938247643,84.97413834767187,MEDIUM
11,67.80349875834281,37.77419657242708,3.4798309324361076,25.084035707722176,3,47.62319423360163,50.24529286387787,HIGH
73,31.02951805429213,34.17549792886071,11.702114598733836,33.63626363175723,4,87.02777358497256,6.126988809073417,HIGH
62,44.38036852377955,15.784431234658774,15.90760268633283,96.02836730846454,0,91.77121410615247,65.55529436926297,HIGH
60,64.94370112287834,32.60329621223944,8.17771784997748,34.329350546284786,0,25.534391890721974,60.496799216863565,MEDIUM
64,79.58359137755781,37.45454558797067,22.029403672789748,62.98518619943228,1,51.99523220763101,69.3832252217564,HIGH
28,38.19428450826652,0.5288994583494411,0.2542849998972174,16.115675949130402,3,9.769875947582918,14.871192053872772,HIGH
62,41.63647778144083,36.26253280166426,7.5568832143573905,13.063758627571474,4,9.19412825769328,94.15801943423722,HIGH
89,90.45702677362652,10.841235872540233,17.981549271512673,20.961111811747834,0,8.638637405962356,62.445149513640914,MEDIUM
53,69.07551660200356,44.994860756362165,16.982064128637326,97.04489578775446,0,69.56536336560771,29.0668951942326,HIGH
64,69.44300617468645,3.7857087846027704,13.603312951928835,99.57226361985892,3,69.22214918091258,68.42002420230693,MEDIUM
46,33.16029358340012,39.03656492903719,8.318624446639257,15.614864188819453,3,33.265473690598135,10.705571543668709,HIGH
38,26.01365379729669,3.4699240668571663,29.382659404408848,28.060220293158064,3,17.84421700647709,51.745442973829014,HIGH
23,58.65689411151155,21.562678820783827,18.41898872926939,19.56247405808292,3,71.54003177508432,14.812276015518494,HIGH
14,16.337109442211762,36.3772575745718,23.317114959481817,11.688831379161142,3,14.88542754416564,65.83185058148521,HIGH
9,69.81452528494256,13.321824055763882,21.001655980161768,91.41557891085544,4,0.37037545098587143,72.22253694602513,MEDIUM
67,53.0325483474522,20.195637585241027,21.833022634894483,83.10480885717536,0,54.01287170190129,5.314199227990712,HIGH
93,83.61789934474743,24.103317082376645,17.01731656535806,94.15379687580558,2,33.34397128361145,33.76866726620798,MEDIUM
12,66.90452739396261,47.94119434322208,2.7200092446853272,58.11636669040312,2,8.0456784674388,48.66573860677363,MEDIUM
42,68.30133146256836,8.830915225474339,1.1799354778631665,44.57473076482168,1,29.887034517438916,42.05994889262144,MEDIUM
18,66.75553517040485,17.963056075015494,2.5458745401831306,66.95121421976788,5,18.946449562864707,8.391337419627668,MEDIUM
8,74.7765131270477,29.647271423967602,14.676976514332189,15.669336776036957,4,64.34076376835321,52.4699943939172,HIGH
62,96.99167258758118,0.8209142971942862,10.178553176534423,40.39467439726045,5,4.281453345349318,16.227775328676593,MEDIUM
88,70.05847764820432,22.91851823780305,20.342334703400738,88.68298536755536,1,74.10514993916877,27.133637687992316,HIGH
14,13.31899006807338,7.079523611402028,19.61494580337323,52.40976722274794,4,4.5801693519074815,71.62319706108204,MEDIUM
21,11.292868446576673,31.63307273758873,27.139870518595874,83.86653007144287,0,45.61845929266951,21.2154918488745,HIGH
80,15.756185379639378,40.8735197433573,3.4253904589586313,63.54796664361484,4,22.05725242429234,81.42308543809435,HIGH
59,40.3608799206979,41.79479739896683,22.13785209023904,46.18077493593949,0,97.58532694286733,59.71686599298607,HIGH
22,38.94308973311213,48.23461949568304,6.396955124488745,14.102789114249289,1,33.55037276686868,16.47082150742314,HIGH
23,78.17950775745429,8.402542656770267,11.097820301370561,24.85055140763155,1,92.56755305974617,8.86639496438379,HIGH
17,81.19470660584423,31.60973065064903,11.283931682481237,24.197829525222843,3,8.072260771952255,5.686279513271302,HIGH
16,73.60671236111239,29.686526166988585,8.511946368863187,72.41531746586458,3,69.23583308375807,24.585220766017926,MEDIUM
86,34.385477282686665,22.52095655055021,7.1776127676866075,25.70940423718406,5,3.7621211977839186,22.10004436324448,HIGH
68,65.08448359017689,4.401059682366121,24.79450794665136,37.10797899445012,3,0.457004128180738,27.385705696275622,HIGH
20,98.79431722848051,48.83957397031927,18.567628196306817,87.64579540864781,4,50.75407566076229,49.10052067176604,HIGH
85,69.3394442553057,13.82132919619568,5.811569790395895,81.69516744784688,5,84.3781694535716,91.59101530961111,MEDIUM
68,25.869143563347773,33.5071317563478,1.2934680403830712,68.03747529370618,2,20.958975281321734,28.881269073173318,HIGH
83,82.46383071025582,37.92040104163722,1.2995244796025218,76.63751963318208,4,17.58876082155526,79.6217417177647,MEDIUM
67,56.34133458469702,3.542974924698161,7.058994931296202,50.033880348083365,4,32.59723143209984,23.88138257692189,MEDIUM
91,90.85354811930392,11.503161780154436,3.303986041128387,30.5003857525123,1,73.77478660091418,87.63919878002855,MEDIUM
53,90.22286347940302,3.676485818248337,17.552767727764184,14.89054203140732,3,14.494127196196583,93.14927606207272,MEDIUM
63,26.02546889230405,18.674254095705077,13.732205790241334,27.473943061246725,2,97.55558913178334,24.210034623069145,HIGH
21,12.88851359709313,28.43329163627763,8.418124646656548,19.99983434862362,3,45.857892497050635,21.264125088097597,HIGH
48,29.786820782548244,14.75807562605887,4.70364372198588,81.51088593468018,4,90.55781004573068,59.92153735580224,HIGH
75,86.95036195720141,4.32371661502724,25.70921291152435,54.02920587061281,1,59.158087129510186,84.51395749272761,MEDIUM
40,11.305347127479298,21.40551832921015,26.177954132852143,32.304829951052625,3,57.94670300364986,89.72314967297442,HIGH
80,95.16271191393787,45.687736039497246,26.947553829493575,47.59946680230322,0,4.005867981369415,49.71199989080614,HIGH
69,13.025849896019604,26.55608631458884,14.378080176498706,81.82157630248975,0,45.24413682169097,27.848591788811188,HIGH
76,77.77708225785247,34.657991950134296,12.198542419806246,29.620583667934532,2,29.579042821423997,66.52581885382837,MEDIUM
16,11.433714800927524,33.45178041787319,4.854085006558408,51.335455307461245,4,74.72866966103025,7.319280004203123,HIGH
63,51.7384578247752,6.931195733770368,21.094046698218666,26.645116441602134,2,62.68109564803226,71.87069598714426,HIGH
5,87.43443858964332,3.5349295977053274,26.803033208269767,39.96155245440326,0,29.65899812124837,76.52436104141168,MEDIUM
94,95.1485944176101,27.1217553225269,23.834362597870772,80.89226597264309,0,62.04552120033446,36.890994235107854,MEDIUM
12,56.326283254317936,45.50020570853835,10.91971566259367,14.640632048152298,3,36.55908589463894,63.81767778756515,HIGH
51,42.978969631895914,32.408632918741716,21.146209776477345,60.46823876977221,1,13.840580717661688,36.818319280967906,HIGH
74,20.220191094379537,23.924673250831685,28.17443797415729,62.210744681967974,5,20.97939756004027,75.7765878907156,HIGH
33,38.84174348223246,44.89665190404573,15.106979164531841,48.06362125980168,0,6.336918005953562,37.7965252695904,HIGH
67,55.130508597205825,41.47799131375157,14.104915494432735,57.87140310591269,4,89.94511983712341,47.93794634931065,HIGH
52,81.99134804753648,47.2682661165383,24.26387629913191,94.67882983000375,0,18.83535824112833,88.97800321503014,MEDIUM
16,17.215336301635382,44.89729299352013,8.651180630532615,96.09642369244439,0,16.476621684389357,15.642335163226722,HIGH
23,54.66958614844699,43.74965697685486,15.6206291806932,66.45485775204095,2,41.65366587756172,69.82832060334324,HIGH
21,52.651442596338846,21.006498651154352,22.131277317855755,11.933406861398456,1,6.294950859275916,87.82040157309892,HIGH
34,85.14527667515266,25.98102414782048,10.07632108294034,62.08341450133415,5,64.6051226458135,35.99910930681301,HIGH
80,69.9269811266491,26.508311495895633,16.45406136928267,51.22063828533448,4,13.195425196202038,79.98808487591911,MEDIUM
26,81.03409352452063,11.339096905381647,11.15706949771733,35.93316636441257,0,14.833833540321063,32.016293207653014,MEDIUM
26,65.67672068753724,8.039494123984936,16.059500564317386,26.40524594179204,1,83.93316768714126,70.82163055202037,HIGH
90,81.50115522603416,8.062735661083952,3.5075200441073138,99.43957342577222,4,12.647351206011049,29.738683738699947,MEDIUM
28,28.463982571839175,35.35671905975382,19.966598447474187,98.02203067352049,1,37.291493600926614,56.287326646367006,HIGH
25,58.02786616340562,6.074501171869773,0.747756154364867,93.79620242824794,1,94.77890540513451,93.14207252428459,MEDIUM
24,10.386487523567038,36.92474907120525,29.268031084703434,39.81525814720955,5,29.55568691634436,90.11785818288908,HIGH
78,70.01989583102994,39.97880874769073,21.856313625025923,93.00628915272279,2,68.9146981480089,74.50584952163112,HIGH
10,22.548096411084757,27.54799951496575,9.242466023146122,46.1466929732038,1,44.59726911589023,13.785707473790755,HIGH
12,64.73360886959834,9.757487320688158,15.79301526147362,80.31550201929998,2,19.571567343584185,12.941007287421579,MEDIUM
62,70.93570493489652,47.88118492341672,29.27518520767708,45.498125161979374,3,31.77578121660044,62.4823930755094,HIGH
12,91.76022551960479,18.053243457361308,4.438378151349075,86.84236629670592,2,38.61126182439264,6.158125154985367,MEDIUM
49,41.62195300853014,48.87618141084016,26.22905207299434,17.8838767812592,5,88.78048765973773,75.44512927008219,HIGH
58,82.33169540632808,14.431700916510199,24.17018355309978,97.33246058818045,3,72.86055154832366,44.34840983345307,HIGH
80,63.81421363165243,7.181964147010367,9.096934156405878,98.9544185107747,4,98.66383473233635,11.28099921084593,HIGH
80,78.05026481911179,4.422413932762614,12.283819162578729,92.29694466739593,3,17.48930108235317,48.90139663572211,MEDIUM
77,77.97193730129666,6.846351995787603,5.58019254333162,44.35925793686274,4,49.058561803574044,83.16592584173075,MEDIUM
43,85.1126681467052,15.195718964226723,16.77843170013786,51.71066507851198,0,79.12195474091669,19.632277115839095,MEDIUM
43,96.04239365197695,41.712153567582675,14.176235077718701,68.84316749820269,2,41.715677216181376,51.729217813501904,MEDIUM
93,68.03072610517981,1.422129243371878,22.941550674412483,54.3745202533153,0,59.88913233992872,39.367153497049564,MEDIUM
66,60.901713067637125,43.41729590964002,18.83988142443735,52.84366419675415,5,81.82807946174121,40.45421051748065,HIGH
98,61.77373179479731,42.26400340331241,4.885416980457564,15.26593545937792,2,46.10439678901229,70.86188925707528,HIGH
50,24.697796663343524,13.633517682985751,12.585420154686375,92.08941590759211,2,4.871490068626549,32.70808927948154,MEDIUM
86,94.2685317763269,25.693324652990263,22.99327313036396,26.492274767324652,0,59.87624880122282,20.877912466620444,HIGH
46,88.51988210125967,41.34109983034241,20.549014538499087,37.096507805819115,5,69.79675120737153,39.439654343606335,HIGH
73,62.20419773196163,41.16574084152189,0.3869299151635397,56.63536716496645,2,77.88078448541388,44.13947792596923,HIGH
25,19.217607227033817,7.727745735415404,6.633405051732111,26.95751064687673,4,61.342835940161955,83.98453727727416,HIGH
72,86.14627747154688,35.6273563769135,21.06794664777221,82.23222546470915,3,46.04913586082395,12.258030929220737,HIGH
21,93.10687774095047,23.97591149367761,9.3472039754057,42.63117091738625,3,88.97263853816817,61.77662074339766,MEDIUM
48,25.498644366044843,15.234212960585774,22.333806488195236,20.67372016617809,1,85.68152091968375,18.524136955771446,HIGH
34,37.66854912997019,10.49205032371664,29.4332870271664,48.232456536394594,0,7.773529752199648,78.59576926383535,MEDIUM
60,13.826524672445576,5.390869093236589,23.791655449522025,56.21312732536983,0,46.908234148414586,91.31028334823388,HIGH
10,15.962262504906372,33.379321176660206,22.63650814365676,80.41337327019437,4,20.54011865526664,90.61161237956823,HIGH
28,70.35405830769264,1.4629558066946657,4.366709331988136,77.15782116924261,2,94.87916050832818,38.044471468473304,MEDIUM
25,86.96242738557679,39.04010680636543,18.38869286518302,55.44183061511205,0,9.910568460514025,59.92269942543047,MEDIUM
6,57.59548663742711,35.79058170003724,28.927913967189966,25.45961164794434,4,0.432892869099899,73.90818848740416,HIGH
32,92.8429460181115,42.56484050592634,14.241465114011545,72.83196160975285,1,43.966582919303846,95.98603490885964,MEDIUM
28,85.12679384599633,49.065056212103016,12.722755420418231,56.28259025871663,3,11.284547866440885,98.53821128499975,MEDIUM
20,51.93115264124017,25.986379063096777,14.874480611594096,42.51254121531384,2,55.7132122830574,8.857813498478789,HIGH
46,54.434151876084755,19.23905584350654,13.708372995344437,76.25569796622263,5,97.61790472350282,47.1758076657204,HIGH
75,46.65539984519064,49.248116409542284,12.838849914547422,87.1096374561252,3,93.90820017392271,39.906932503232674,HIGH
6,99.88509931172655,24.582418677246377,3.1551565370790113,49.425251536366446,5,67.65186643973433,16.325695169120415,HIGH
55,46.05618590528771,29.52786161660062,3.0516646969539254,93.27612839876477,1,6.471041115902354,97.64471194828455,MEDIUM
48,28.02371474762614,42.20147505054672,12.128670913598423,30.95826749078796,3,72.52005003326394,31.459241566491237,HIGH
96,78.93749477246907,29.682498526935568,22.689088312423095,82.08858078677062,3,35.609730687608035,68.33431595787938,MEDIUM
56,98.87708815640178,25.570725753490116,4.421222977638143,50.917126757825166,0,25.068986035392715,52.241009301901386,LOW
85,94.81627041186954,1.4861759169412347,22.13395067740658,84.72812217578723,3,67.81074406709439,97.34689229737289,MEDIUM
53,64.41255316978985,16.34779429165149,9.082578336142022,66.09093568228204,0,66.10806044311057,54.39514672696106,MEDIUM
68,81.34582737044963,10.096587722585692,19.8627969990445,54.12253242307549,2,54.24381147594425,81.90075175217441,MEDIUM
74,59.19580304317425,47.629024745510854,0.9479556956987578,48.73657650657974,0,38.36298767485881,34.8831237928797,MEDIUM
53,49.83005316085414,1.7990559461935562,5.306075190752716,69.34699242884265,2,88.47002290640712,20.593703178246038,HIGH
60,22.103941799114416,35.7861594815107,14.623647800984486,19.844379359461136,5,49.055371180235284,57.60947037570585,HIGH
74,61.498921009031335,23.795552761202828,25.630544086466195,55.60165438813225,3,26.339098434665143,61.14928627187551,HIGH
53,65.52457087400481,17.63818851354374,29.333488334217115,38.84345051294683,0,59.04634151244048,17.17881604663092,HIGH
51,41.398910901396036,37.102856704580404,0.8069952797578306,90.22086014050073,2,38.05733777385208,45.67407807550271,HIGH
50,47.073664230214305,2.822462343141435,7.326866592678559,31.11598795896362,2,59.2531666792495,91.48695677786446,MEDIUM
13,88.2045964706102,5.723564825055844,5.093377236957547,58.457513148713964,0,46.0909386409579,87.0200095708291,LOW
77,56.328384065083306,21.058631415150643,0.6120681828167585,52.272991112761424,0,98.57647815087014,40.88507137584378,MEDIUM
54,39.01792318767666,4.886283654096185,14.650758527231964,72.17775680691017,1,33.596746248551746,52.76300964570367,MEDIUM
90,40.55854823437667,30.74139367771182,10.900029160699491,49.239201904522446,3,63.544420039157636,97.54019006922255,HIGH
14,85.63424398399954,26.79170117306713,8.620666771789288,14.27782250016051,4,40.202735218855004,26.4591678182361,HIGH
100,96.21469570902141,35.885342152486324,17.345797440722645,63.267818989719636,2,6.726977651140309,81.11263878979568,MEDIUM
65,48.439530125830494,17.3658243550553,2.299847748474063,84.13650547836893,4,80.4126711934127,46.12649603209187,HIGH
74,38.20176696782506,20.715712533258255,7.537943786002069,56.38323091559539,5,76.34422149327582,22.157080834248468,HIGH
7,66.50595429018026,25.81120575320341,5.5961681701637715,54.92832682405227,5,96.21170746081172,75.50976104378539,MEDIUM
64,34.114235820954015,31.896317948668944,24.26800436103842,86.74971833244506,3,93.46359339812132,74.02843150900345,HIGH
12,57.00426271601261,18.21373345795523,4.43231066473736,23.542538860283912,5,76.55300818404233,85.19158960403452,HIGH
57,38.678786213820686,41.510719027794075,1.9328258858459024,28.320223734803708,3,26.693475860141735,32.26923671643474,HIGH
25,33.080197139210554,30.06161348377534,12.17597817744689,20.220271896545604,1,2.7704173666138976,80.71925221820725,HIGH
44,51.774373081955396,27.99125052664172,13.083987330351574,68.22298460832988,0,20.199050873040026,30.907636530406094,MEDIUM
8,33.25571627222213,40.176909147863086,19.760121379205458,25.838669970530596,0,96.37868905251771,51.15498672658358,HIGH
7,14.979454557318679,44.825273783478714,9.41714322602743,36.818125754933504,0,90.05748849741255,43.66565089816941,HIGH
51,70.4504866091069,44.28596760716523,11.90685151737082,85.58294262871966,1,23.60411518211093,59.24247104507415,MEDIUM
69,93.9641902659672,26.097877943596664,24.869447480235934,95.47070503056366,4,25.18080584440462,89.0336619211259,MEDIUM
35,63.98391836140241,38.659544217097476,9.402309878755936,84.91007486424863,5,38.99506688553214,76.0955517789431,MEDIUM
35,94.19500863595464,10.900419259174877,3.2044203970926075,29.269777441718517,2,43.947541272920034,29.15906244498114,MEDIUM
80,15.03328624466264,26.67349851679242,20.988531846264948,20.16652121010493,4,42.37813165400483,69.86015251579087,HIGH
40,89.14901867944442,46.84861456785781,10.889940368061163,74.4104106209914,2,2.107421044556479,96.84649013725516,MEDIUM
82,13.132848856840774,36.97248572939017,23.96823963690883,14.92051088930234,5,23.967582920925977,57.50915081460454,HIGH
44,67.50541527765635,35.030840099921484,27.09471296047798,71.67235047358899,4,86.69529351322494,86.47647821924288,HIGH
54,10.707949562974406,48.03739838040455,27.82522201046188,92.61340240387642,2,9.025032770873898,83.15723394515703,HIGH
35,36.768061212709426,42.970836866738914,4.806816931640535,49.4961263002585,2,87.94672475177627,77.84038555786611,HIGH
57,81.03856595642381,13.701826284246366,2.4028367899055256,80.15110138538917,3,47.109128338800346,44.23132526142325,MEDIUM
47,74.56474161157712,43.83806136196337,24.607239313512046,84.19607791625634,5,26.097007473062362,11.304887223440051,HIGH
58,64.19043478094669,40.67140242000212,22.133565618120507,50.79355778223953,0,76.19754452414722,65.93041573428577,HIGH
28,66.71407073666488,39.55096589069769,4.082766697498216,46.05956649785323,5,30.55475377568736,59.70188779988918,HIGH
19,24.204019549968244,25.818294552551187,29.089937605174036,84.75592433233746,1,84.6960429802657,70.14657094314724,HIGH
45,50.63409092316696,43.675292184640504,4.005294053408475,25.613112314582,4,82.67686093418331,80.95522345431705,HIGH
30,17.595905566995427,18.3799781582837,11.804825412420186,43.958802558691374,4,22.448713347863126,95.07037563012658,HIGH
76,68.23960203737232,31.33136787589909,27.205343415359383,97.67148145748853,1,26.17831654940631,85.92393276119094,HIGH
11,46.093141999992454,21.44516840591756,7.8047333991343955,18.015514062516075,2,17.01228838208578,58.88807539752349,MEDIUM
6,74.6725081453129,21.75793676575993,27.599671467010275,50.833707857528104,5,49.41490301378991,26.325975230250897,HIGH
31,27.148974874203713,43.096836214293695,23.46365830291871,35.91657755657935,3,38.20735151335547,45.97431593650642,HIGH
31,64.00745078475023,49.76037249866459,8.48901735098095,70.94697860660169,3,18.036987191829155,80.2840357934279,MEDIUM
8,36.117366536345585,13.08997319470555,18.530407201717054,91.65954114756447,2,58.29030773361554,66.48737898860567,MEDIUM
15,10.928821803624515,6.660246801169017,9.697379389643482,72.37212021484915,5,21.221766407293043,41.432068253331266,MEDIUM
59,76.24936948528614,12.811279696619366,2.8583826624602002,15.287708228007963,2,93.10646074625957,49.73858022154511,MEDIUM
50,99.70654930601792,46.966097008731786,29.016295329238883,63.84088593617779,5,80.98529506140342,5.509293594191995,HIGH
69,65.76920892510108,15.125367782087572,11.840904430582079,43.381109177331936,4,4.112498894696614,22.040361201224528,HIGH
26,55.33720496561813,46.5163470578107,26.33690255912055,21.87275803140043,2,71.02555746616706,46.12831755333091,HIGH
38,20.515785054819762,2.2081080744104806,3.83614484203099,88.45116032364542,2,74.78233677192941,92.9925190348787,MEDIUM
41,91.25134087297525,13.160819416095155,24.887675366155186,93.40451928778153,4,31.301031586360452,89.80382193381683,MEDIUM
45,76.31823144488673,24.56373898821898,28.501520935728717,60.01072374562195,5,63.665219246015084,46.799011715174515,HIGH
29,23.37587263368848,11.493027278461055,1.0758674450771932,33.42015672266443,5,46.713283983193236,16.022284474552904,HIGH
68,13.67125376862862,17.826005812294248,21.270874268007542,53.667956301557815,3,11.249088381110383,73.37757652516315,HIGH
23,21.12888106304695,4.67889391024921,26.045193288650314,26.258946770026004,1,74.9936651503576,83.14431686636208,HIGH
77,90.18050700189464,29.2838700906918,17.506421729476276,97.44646191873636,4,76.68476296274946,22.15404048234078,HIGH
14,32.15416922526663,24.905538811128032,2.829156716324619,39.579199867968214,2,68.13123448292498,69.66074389658226,HIGH
55,43.62024786420512,46.457422133989574,3.1820976369777023,39.118450089095475,0,8.106323674494897,83.91642642939189,MEDIUM
89,53.186958438642286,31.41783697724399,8.079553081289884,69.22056727500619,2,96.97705138016268,67.3364119166483,MEDIUM
62,39.242392147091444,36.57726086669456,22.029586786079037,96.16625012258449,4,12.932019838219022,87.01149016339193,HIGH
87,35.46586088154745,39.907348549192776,22.313999772978743,59.24405996256334,4,38.13909299116657,42.89155721098609,HIGH
27,31.607211953807152,38.5438743477745,11.967517753509053,11.84608322911802,1,16.29406838752545,79.05179178884359,HIGH
41,68.24512010611795,47.721622755402436,4.624039855733956,36.869199456096126,3,73.588928436006,92.56148188903647,HIGH
92,64.31622461837381,17.952212939232698,2.883344925653831,43.07111446662835,1,48.96230358290852,89.11423867097874,MEDIUM
65,34.16314632203531,30.017037474762866,2.7066704831623953,48.02827144406358,2,61.386778344479076,46.24006263848539,HIGH
59,18.36527149110606,25.667072959894256,29.198153718603745,70.87960288063226,5,68.62365358593723,19.731621581416,HIGH
68,57.45508400097759,32.36126956517912,2.519103055604476,52.139725456848716,0,90.72077110524825,50.37307969136059,MEDIUM
24,98.57676097378936,34.21569686491177,9.012259582028825,32.37881546525869,3,29.548163390558724,9.534186067763422,HIGH
14,92.5571811501573,25.670725892347157,15.319547524656395,47.17174640673095,3,66.08552539371698,59.00542998476588,HIGH
37,41.991187206934526,29.278394237819892,23.05940318929655,11.464182438360108,5,66.157832341551,22.057458607009224,HIGH
28,85.86188409750282,2.262935818467499,12.487546848525556,73.39406994572488,2,58.7208388180246,48.22482412270199,MEDIUM
90,50.49531151460807,40.3917034212777,10.240031398844632,92.63007341638976,1,21.106837082719345,12.430950298665344,HIGH
82,33.338590550761076,33.67043812063733,13.013967618579267,11.612369720088214,3,11.667826036590778,21.314858364321978,HIGH
66,51.41467155711771,20.254579882614504,19.73151280711676,76.98221470542154,5,48.672249393761135,63.75744057631183,HIGH
83,42.465590478178896,33.69015714643211,20.708800630666826,45.54975138915826,2,8.763513062215955,17.83582498370269,HIGH
29,20.072125222065594,0.7942623257757853,29.11561090980942,87.31108272383642,1,48.1117193763131,18.789648091236373,HIGH
35,49.22096264204437,31.30295755646726,23.700346098523408,27.18230074456646,2,76.97211464004631,19.075736440933966,HIGH
59,11.963514540205104,8.305274658804883,4.572667197610699,73.23382951374302,3,47.14891986521167,86.68066231685911,MEDIUM
79,31.83666838795287,14.741570342119953,24.883522875719933,45.256005410723354,2,0.78742809792125,64.8889386320472,HIGH
96,48.86091573651004,20.784295293918348,14.871096328737954,62.079514068555525,5,55.43045252489027,32.623580534135066,HIGH
67,45.97123350016092,25.66778607332679,21.7384255554144,94.1752858540424,3,23.19057860545093,10.76694481215877,HIGH
7,47.98040927854405,15.79250751184511,1.9053170683642173,90.35894765218366,3,88.9140594551995,16.109370343423898,HIGH
84,94.50680284318464,17.338205668451405,20.925433211676033,11.872623223960462,2,72.62091352954603,49.577841517817234,HIGH
61,30.88928018277313,10.985117252043896,27.272104625025555,40.52376987752469,4,85.34537914579148,72.94392043658362,HIGH
64,21.804271038514415,14.669702098889276,21.341555578344586,96.38230314491314,5,65.2500187863295,39.224278931449376,HIGH
65,81.9779553069528,42.22656419948703,18.655271352948677,35.4211493742673,5,8.619189759385915,50.8745276724113,HIGH
27,27.953580052169176,30.287450362811136,3.027111767265749,47.43859257455857,3,30.36518933975615,24.8961294285871,HIGH
11,99.93351006233507,17.93933767114062,7.824240257675319,70.92350724543996,1,82.79486884136622,89.97345971189809,MEDIUM
9,82.61339884795176,16.88673773058521,3.419078801027593,30.402123040422214,4,22.40956387398041,29.49310339538729,MEDIUM
48,80.63972236194974,38.46869507680697,23.102846788849003,60.132011503534095,1,85.34081480662195,88.00108916283999,HIGH
82,70.25373011360153,35.320245865889646,27.798962953597545,49.40440358153596,3,96.26471090435756,76.79761194093845,HIGH
18,80.34871559553987,30.48279240062693,25.751622307460792,19.168123559094365,4,4.19694372065792,15.01405295632331,HIGH
85,20.62534159703741,10.269311409810843,10.849153062037946,75.55143502571484,5,44.15179100779048,53.06017858793694,HIGH
98,88.34434411627413,7.714786621590319,10.91210722951759,83.72447045445085,0,84.85950917146378,46.715303786959375,MEDIUM
58,79.22973699281353,0.32937871117743045,25.04440109636155,52.62969993590419,2,50.50227282290294,13.09721686148259,MEDIUM
52,74.36797699284604,20.750430360676127,18.883212059362663,32.09061521027244,4,42.17222093583326,26.67729037336603,HIGH
59,47.20684768722806,20.46546596961664,13.762591917479158,86.71514314751309,5,36.17743696551044,7.827478066421862,HIGH
23,79.3136674977495,35.88128678733366,15.52046096555356,16.26230700038402,2,31.480457187928902,98.28476781677753,MEDIUM
26,49.066505100817594,19.663313314017795,1.112812010983264,93.0266975442463,1,90.25111315738951,10.491933806871117,HIGH
85,98.20423673244755,39.95353827638984,26.274399948070577,97.53950325112937,3,40.200281803148116,69.68271245490824,HIGH
75,88.61917277715409,36.07755219291802,9.410857090927104,40.974162449771164,2,90.02085218414048,62.98810103865568,MEDIUM
23,73.02655574943444,22.30945253516709,6.154007141496186,58.99827619040288,4,65.20370873968588,71.25974172948902,MEDIUM
88,46.405513508513785,9.86478771305631,9.045942370060292,13.327315512068676,2,38.99935388944944,73.29365127015829,MEDIUM
21,56.8422732448068,27.039511235031434,6.412035471086105,56.05044461533968,2,52.13358651154404,76.91940080665144,MEDIUM
25,12.107956800685894,44.515966920777664,16.19797928463748,33.28211621731951,2,72.65092463995954,98.76069652289961,HIGH
19,75.87875489439902,42.07917204982745,7.792693740201636,55.67494393812567,0,4.77328729373212,66.84142984023383,LOW
20,50.38631973278894,28.62176401051085,0.156401944118848,40.508226517331224,1,80.53875621092175,98.9550074953691,MEDIUM
77,74.31824088462069,46.87697128494991,19.96561636029675,86.00461932718308,1,35.0337135040772,32.030872019809664,MEDIUM
96,61.54891617982865,6.998574627321574,11.329971742555493,76.37610899125784,0,32.78469630811499,60.32505935648641,LOW
51,50.887863180182165,7.3276626734586126,12.770763969817228,47.08476571273241,0,6.219367254441021,89.40838320073496,MEDIUM
65,29.330596179923177,3.9036346112542644,20.304673282710223,46.247833691101896,4,51.89449994178468,42.50433514149044,HIGH
38,62.58733998905463,31.823057466530123,29.895353266614663,72.01160754109326,3,73.17169604694283,44.607623430059284,HIGH
25,22.99115632117338,6.356198893772214,21.33451702990669,21.644666918537478,5,51.31854851787661,55.268405126150874,HIGH
93,29.13782850644673,23.667778086888557,22.394889181145956,94.96626049512925,2,92.16973554478716,16.282775604367398,HIGH
57,19.9302546745388,18.479298268170936,8.687717253032803,57.04997490195487,0,37.146735418531726,99.14690960626064,MEDIUM
43,36.4583165476717,1.3988892701281952,4.286081748188986,80.54132501085238,3,4.865104658023,89.95402819656265,MEDIUM
41,29.40233101306067,40.956253461413205,14.663809687365386,21.009511495220337,2,6.756453864594203,9.244835225266511,HIGH
66,61.575318261036045,28.28819880350471,27.008618638923,80.32144139675428,3,83.4459988177072,84.19992921905533,HIGH
21,78.57561083485935,25.238193063609398,13.828084937113248,50.493645221366485,3,14.898259093124821,74.14709483009239,MEDIUM
16,81.98304590753717,33.225115620937004,12.288849812873107,30.954005502328258,3,33.89978821649734,9.352872863542672,HIGH
90,90.10388485996914,36.795639722561496,19.377495889782136,87.935821599553,5,2.480408975478099,64.86037511851701,MEDIUM
95,37.796327177390395,32.25798387966365,19.31742568895656,17.663682828235665,4,54.18343288962213,76.9734406100442,HIGH
77,56.95784104649445,37.527928678630175,15.079164034917417,11.679766333293061,5,93.61818099905508,22.075623135460855,HIGH
7,34.746627515615025,10.290249900999177,24.890716531638287,85.50256967461873,4,44.42294693339463,81.65749729191263,HIGH
82,38.83880448461926,29.44465132243322,14.744191213393433,94.04639051924417,2,43.70174197890461,44.41896023068881,HIGH
72,38.56441918299338,12.85888965838592,3.439338724267359,18.940026974381013,1,28.53517245056797,22.35354799239098,HIGH
16,23.880463373746565,47.608236375181534,20.358257033495093,15.302236119678522,2,18.145784010865672,72.76355922637633,HIGH
43,45.09457401102021,16.00207319202294,12.384684359955271,39.17960117171769,3,94.15775152127549,90.45264282443966,HIGH
11,28.230351221308602,37.60668694861405,17.580872305443386,54.36814968120987,4,38.50486796301384,15.932730328904949,HIGH
12,38.65028010185151,27.656054275883907,1.9637463578965164,12.601579402941768,5,23.374045575957815,89.18481012261785,HIGH
39,59.86677368516267,29.30863487537854,3.0452824934533442,78.66804674210898,5,78.52141866503011,33.93821998673182,HIGH
57,50.138403010008865,42.313892631157856,15.01297120827218,80.45934287542131,1,37.33052204582076,98.60432796908833,MEDIUM
36,58.37820668321204,21.187622830775414,27.344781954993064,50.65678010703092,0,81.26437177110616,96.30587204389512,HIGH
84,36.032450935060496,48.60409020162436,0.016287951210517404,94.01561344387355,3,27.330293951830075,28.83445095085601,HIGH
92,44.21381629952615,17.570896015479665,18.966208222378967,62.66432498143298,4,28.13112888148779,20.334548989105066,HIGH
73,60.67734201471634,15.031917426629027,11.859147034234397,21.067926844543436,1,72.5073781285279,99.88801905176443,HIGH
60,28.976515866369585,25.24101248287304,24.0616966005349,89.55384508810258,2,63.51698805493156,98.06583305080183,HIGH
95,50.74462730118022,12.296414249493559,29.490658414730035,40.746682427496836,3,95.89926794135098,36.2034381665892,HIGH
93,22.035317034869603,46.11288905220013,18.263602512299034,10.385132291391855,0,67.27064041311742,44.25048811584794,HIGH
94,73.29697075492072,38.12326207488443,16.14394361104416,80.85747114498038,5,65.1266471129083,56.171686186939574,HIGH
90,50.06590932981768,6.170779598129811,29.161170828219035,43.87388038986932,4,35.79657404627727,21.832730507246026,HIGH
94,98.54159512191134,6.238193237294453,11.114419237430656,27.369177192538892,0,22.152076470214453,6.879258618131235,MEDIUM
40,71.24989169035763,35.459888859771574,5.745350291572475,83.46527416415395,5,30.31785324842817,73.19190532720856,MEDIUM
34,98.21072082551404,48.364825309440185,1.1038812877438264,54.35540878329934,5,70.69680065365654,24.8632005280097,HIGH
30,98.58371841833824,31.921805216404113,3.3283958293310323,34.96127986326218,4,49.40113214438937,57.419592800797325,HIGH
89,76.49333447898651,33.608777330213634,18.089176468209974,25.79759557457608,4,12.824639488736867,11.179685533836004,HIGH
38,94.02070605226827,42.77394794969453,26.430092794391502,75.60089797081606,2,19.185154771556835,69.40797811147692,MEDIUM
93,70.99610148343992,30.722827558562553,20.42041060927122,89.47917424778156,0,93.7890368902046,65.89179719943164,HIGH
88,14.66765177881257,46.93796646706732,12.976445148365546,99.55958289369069,2,12.171769648919605,54.23805057500108,HIGH
68,42.53246587926984,37.951085732677825,26.514073249970437,30.209338547489182,2,91.83914916221951,55.57897681476058,HIGH
45,10.464335570240756,9.730406975264033,2.4542670428972944,61.46376552202226,0,99.0264644752772,26.43466031491073,HIGH
93,48.143823118506454,3.722018345071082,7.499524845974924,24.803341773377483,2,6.2844124630053955,64.40299659363164,MEDIUM
8,53.196977815593804,40.402953708180604,17.775923117374084,66.3667397510668,2,84.05075836957207,28.479588778651216,HIGH
65,31.45232913115799,17.04009839613643,1.6329858053402124,40.022960951706416,1,94.35475772091063,78.69619981942061,HIGH
84,49.46765339947396,4.78353747179685,13.393685723603024,21.234373507634714,0,91.67143779497123,40.85253763766248,HIGH
93,15.852539691613327,6.376789533347721,27.57347363286922,49.7726562986597,2,61.073863972861474,46.02470402605886,HIGH
18,70.98080117271167,27.962902580277298,8.847503107025318,44.330993564065366,0,61.73019763228547,44.05526036132602,MEDIUM
81,80.87273276876779,31.200407821911032,13.602337401491408,51.77881838057056,3,87.99381674841842,63.82690265492649,HIGH
48,68.58292836235938,33.78880500157518,0.7791623743049991,56.54916032804124,4,19.248131743078368,14.75551710402529,HIGH
81,74.19694547414036,29.64432492457942,25.223383872273832,91.39329926363447,1,63.73637356527001,29.34717970909301,HIGH
58,53.32593728017861,31.042544336849566,5.577702204097614,22.390543533357246,0,6.04911828613337,34.60835151768936,HIGH
60,56.1813165722543,32.58524900465221,10.732309142765754,62.52993292860665,4,77.54956643702438,19.003860947525183,HIGH
44,64.2996540729778,14.553197238158427,29.108131753224544,56.5912530778318,5,67.83003743335632,10.445176382003709,HIGH
69,83.72654091690289,27.972495875769184,1.6382187058168196,40.94344927062572,1,64.05547924973087,24.119817388058166,MEDIUM
13,40.73967313052715,33.3930069490243,20.84344730343841,98.37309302438955,4,69.24138391848312,85.94082482121155,HIGH
77,96.67584002174021,30.805156864088616,12.560858650941935,24.605198796363997,3,87.6105478325422,91.50158736115883,HIGH
68,29.746529331772198,0.1848536129173073,6.690752661202972,30.72466091802945,4,21.313850759729025,50.670889726174515,MEDIUM
47,82.6544176534364,18.79559017915888,12.009376999194435,84.3475890836792,0,36.281714595773884,12.004459902638438,MEDIUM
8,59.92224455153224,7.120098654395418,13.212243585527712,66.82011196547579,2,4.390482586107602,7.8201294609656316,MEDIUM
30,35.56907956058677,10.947252022244863,7.859965574481338,25.685606826719443,4,24.59642602394627,23.61881820143567,HIGH
27,85.85932786435615,45.53244750991099,0.6298128138733783,70.97071410977779,3,65.48691972152447,89.07609485493641,MEDIUM
48,94.2502693751556,15.253618902043875,7.204497986206557,82.8538993262613,5,17.13598068145048,55.05804037917162,MEDIUM
84,89.34974155600834,43.919391822420856,1.9613255825251308,22.998902123012243,1,79.48981165114128,23.20972275430483,HIGH
53,72.4918506568892,15.897580459545985,12.886204937915847,67.25286537415883,0,76.30823747517765,60.79595787796904,MEDIUM
73,36.47644714312926,7.428345951318965,7.415149447305271,66.6513227045914,2,87.28514919166157,85.89275064532161,MEDIUM
79,89.72508589930204,10.461878674961083,2.4422310556468094,52.36005642406455,5,61.488644827062664,20.906186426567366,MEDIUM
54,77.617723415926,32.25357821253548,15.274755516856779,54.872899850460236,3,17.899851740764916,72.68625297038614,MEDIUM
72,72.50587063652824,35.78249363442953,14.843760760223452,34.15019126465023,3,63.810560048509544,80.1093257254239,HIGH
88,13.294403915464603,10.976314132990172,6.090014901477111,87.6851437322394,3,21.859372635184993,45.377171184326315,MEDIUM
53,61.42333480826645,46.77494534940704,11.223220658569613,59.549677652331454,1,75.16227519812297,33.02956158092621,HIGH
71,41.641745647162054,29.198111236521196,13.9575933319916,65.90132378245634,3,45.115120312236975,46.08803796656812,HIGH
52,82.4054018764114,15.851021287224986,11.471127798717811,26.160915790140365,1,26.56248781483982,12.209402055396344,HIGH
15,36.506603925185686,25.08824598520658,16.399556691271304,17.034310927455103,2,92.66059192101775,14.348865421606963,HIGH
14,42.42132018093261,27.301302999372258,10.012735246862393,70.75965925776747,2,30.271558273741107,82.4786540717324,MEDIUM
92,86.0903411708907,9.53212183179059,18.121021315007443,22.407861350897385,5,73.98210059339227,91.67634036248823,HIGH
6,79.30684817547107,14.092263513173481,10.398970793886836,99.7158101673648,3,82.18613161143196,76.99157712798049,MEDIUM
6,52.48035944155002,25.63234865265884,22.83481611717243,23.43530288258158,3,22.75784926632516,73.71690955883281,HIGH
31,52.69944266256009,25.791267524288457,23.57923944725437,78.18591693182624,5,81.43977110192264,37.362659351765465,HIGH
15,38.176735014633465,9.392327602503064,23.10393198026637,72.81471422010591,1,43.8680801167875,86.0296918679211,HIGH
8,43.723015058826796,28.875422430690456,3.8503692237076006,94.90186010600965,0,49.98002112686737,67.59057215793723,MEDIUM
50,40.584001766846754,20.95736579065,20.572884176513444,46.303184543965315,5,53.76040063771397,35.97755387992213,HIGH
7,61.081968476490694,1.6104496725440731,4.174042080422766,97.95190003318622,2,56.81908848124691,80.91884886685955,MEDIUM
82,61.64908608812859,19.54429446912263,11.439556897626357,95.38234073785881,0,53.44905807557243,22.89217442351488,HIGH
18,39.59572263998054,48.09690730703448,19.17009917529161,37.41809180670779,1,10.431317742828671,57.5261436542528,HIGH
9,84.3827345372156,30.168195623387888,0.8051551550683611,27.90988613854492,3,28.381762061932903,27.13874546926487,HIGH
89,57.19561276061944,22.73318434411778,11.059567969709265,10.994238000097226,2,85.97073473767372,44.031817258559165,HIGH
25,99.06356111144241,6.456883451511342,12.552396091427907,76.88284789166353,3,95.50967656343244,87.24145192366518,MEDIUM
21,88.34041609250703,15.487858814075839,24.536883095578464,69.83133809812517,1,60.370944868841306,94.21965419858549,MEDIUM
80,28.26755564825796,35.83860236586479,13.768693121248702,28.153245603068893,1,44.573158073402965,83.33534932082523,HIGH
82,82.68092492383428,26.29282524022887,27.30907616821581,89.13154523213413,3,46.269545388320644,8.713055067081878,HIGH
16,35.91206064944656,44.04970367211694,13.689198720480912,73.02848857520186,5,79.23467851985151,42.153584943991994,HIGH
27,47.35474826710025,8.978905491517713,18.53209549186616,48.886895263228816,3,91.08330954542758,22.427210296389408,HIGH
77,18.598075400439036,34.93223784330761,1.3099339395080323,89.69876362643065,1,27.377627702471486,64.66790431056221,MEDIUM
42,69.9991246496638,3.33719316797107,21.79613263660879,91.20112478399976,3,41.12781583695837,77.37677594660423,HIGH
20,99.57847433675741,3.8266818059224104,3.1567368293691045,78.98851722595063,2,41.00960675696729,20.659715041613786,MEDIUM
31,55.545811459549995,23.10837433737437,2.1958647606223716,72.50371426944423,5,46.190396980312144,37.64748294551638,HIGH
56,87.0195830426836,19.833716391688082,0.322120841727942,20.321444524965905,1,32.711036257666024,76.12422264444326,MEDIUM
67,51.522129819850214,4.1274314926671,19.710678139841615,74.22233853862924,3,14.02557601838389,82.94053551940976,MEDIUM
25,25.353018607680696,0.9033063825177212,3.0154536315582545,36.47301883379835,4,74.14464830670468,21.00307049133333,HIGH
90,78.72301422811266,33.86915708826939,4.604894319323746,42.22782906900808,1,71.4412272233105,89.8053320432394,MEDIUM
73,29.454984961340067,34.83711818149538,25.09503423455143,83.03606433465109,5,66.25399419397893,67.70383872252657,HIGH
18,45.155655012512234,15.416212545330332,1.5724576856654904,10.41991594716774,3,76.711423845394,93.23795246870426,HIGH
52,91.78807460865848,9.999284554789373,0.48115329929055206,12.514975287289591,0,33.71166424492489,23.25442287770029,MEDIUM
90,15.685433669769058,47.937262759464254,2.8980961733141894,85.18465746000825,5,16.788288745292647,20.869489231565503,HIGH
58,56.125009057607826,40.78121681777442,9.680387279850418,66.41077911152897,4,20.711931537335637,56.46175207593345,MEDIUM
59,20.872356525933238,10.688999334680032,10.697289777554829,25.625940198820164,3,65.3992759557368,6.13823094943711,HIGH
32,51.28983385718358,3.300814203158653,24.452546748174193,68.49504959696415,2,4.393894275524657,89.11870480152429,MEDIUM
57,37.13808237820164,29.94345482423008,29.493074787514125,19.16322308873981,4,79.12597730050331,92.611271409647,HIGH
77,25.431319942136206,47.95173521889171,17.996014354606185,98.32743053718397,5,38.85654410563447,92.83257314842082,HIGH
93,21.96382924828074,8.766552297530117,22.851488489799284,71.88625878555348,5,48.21303789877406,36.83499572185155,HIGH
82,92.08929294834526,22.445578270543887,15.330784240497339,76.76325299529948,4,58.746854740849976,98.8961821143531,MEDIUM
34,11.909204166169317,37.94705156116911,3.7216848825324966,31.27566930958774,3,75.72457435991296,63.87779170678567,HIGH
12,22.379993451439784,24.936324095955015,6.06035362593917,43.817314866145544,5,3.790671555745573,92.72386825758443,HIGH
81,98.96962400621835,22.186310119649626,26.319957225476916,22.08403106802239,2,64.36020716054057,77.24691881807676,HIGH
71,81.26017941520419,20.74467005135358,24.381316219669976,77.5495819906324,1,84.69348455434526,36.47067589729427,HIGH
36,28.523569170669152,2.703699062255044,27.53034524582461,98.95386488996762,5,69.62780484520064,26.13218518172207,HIGH
53,56.93247347285844,9.177273676678865,18.893475384870765,15.815519230723423,3,6.9984919977644005,23.284217491374548,HIGH
86,99.28113119853944,46.91372633137554,3.7668299880086,25.630824218219203,4,83.12208786251625,93.5222055719455,HIGH
35,55.66820939656202,21.31199081427943,14.012227426051266,24.774293042351587,1,24.49249582291899,21.76137296524545,HIGH
36,37.27906365455508,28.82109152088731,29.03177432021583,28.126090425755606,3,8.00159718916802,97.39274404317352,HIGH
55,43.9945739887576,23.53567422977688,12.6809177186994,64.84547984707004,3,76.03244644096378,82.86236174856845,HIGH
66,11.782996941906482,19.070965583397925,25.621266309149455,78.29724901602516,2,59.5183361598832,19.51587734759563,HIGH
98,25.81293860939335,19.02251186357857,9.175418493211962,35.490317298197894,4,60.60253566566433,11.834266719648559,HIGH
22,74.33770337874638,9.785787446321715,27.48395812279563,10.376249560379117,4,73.03686419527634,40.55449233716802,HIGH
56,93.31219641435007,47.01424926320079,29.114779101802554,43.58304079296714,3,30.781082541531855,98.81459594435509,HIGH
14,46.790882644429516,1.9413448842139747,27.648097453522126,44.63434103050574,4,16.23623832630231,77.48033129757869,HIGH
37,79.41433408988817,37.578870252611225,10.457360634865244,73.82156188768121,5,68.84893951429466,71.16326414407743,HIGH
88,44.67998417754984,21.202016895884352,7.403754348088695,52.99530024160207,2,63.0952713687412,69.26043188336735,MEDIUM
94,69.9108073717357,7.394214071829131,18.163069066883047,94.98386994969833,1,25.428803449433147,62.204186059105915,MEDIUM
89,85.73643099165311,0.6168693738917375,23.129165565737885,67.99576516482867,3,39.766692151181225,60.68524071979396,MEDIUM
15,56.66833394687938,9.441162599625496,12.688345797171502,84.67746085240269,2,69.18367989526656,52.56144808180574,MEDIUM
73,69.26374539582864,19.139430517733008,9.2393659950644,47.04480929465295,5,86.94179586237179,15.381036813833733,HIGH
78,79.90220033957105,17.21964061790258,4.281404451062083,77.38570652050747,5,39.797021969414494,34.269532565846504,MEDIUM
26,83.47504402887145,0.0789288792277354,2.0952448488198883,72.6685036540446,4,41.68423239478557,32.39232480257013,MEDIUM
60,25.357083051473765,18.732569436132916,21.12141589842708,27.821847601103876,1,50.261375269653875,15.472633747851656,HIGH
77,83.29334094473424,9.281902090065497,1.7694619484057428,26.44564593453762,1,25.93519164841407,90.71596244576183,LOW
57,49.66574047815325,45.64857021883929,3.2758634243224516,67.27902758830302,0,29.312558536013256,40.884211077129464,MEDIUM
40,15.783619365048944,1.4833325839215483,7.0434038664170595,53.667491753044814,0,0.9506576218131668,30.277671265757647,MEDIUM
5,69.87900504782863,39.46035839156018,1.255780331084544,28.996152259484738,0,37.56658032758896,54.407041547858704,MEDIUM
39,93.89155427912885,23.661589159411058,10.11089904704054,48.65082591987787,2,68.18599990766658,37.59235784372156,HIGH
45,83.51624728414217,47.04955233678617,19.95234855975315,44.059212840891,0,97.5305060714701,87.94235606770403,HIGH
17,10.277619668265675,43.52707553591887,12.054250700448492,85.18790431259087,1,2.5680427267470773,16.674981248047214,HIGH
72,35.15207771655599,34.96323106864085,24.45155275952912,43.15869056189526,4,68.61848954772658,87.6360414560433,HIGH
70,47.181393350813956,9.39674675581198,29.58544216410963,96.17924284021849,2,1.663030411137112,39.21953315270153,HIGH
10,97.263781895341,36.790651576789166,20.337882588276152,31.020278666978108,3,40.01651908398019,63.196272815959425,HIGH
15,41.35005621993888,46.954237644181944,28.24432833437126,52.85097255422496,5,85.71000002287307,90.99426239388654,HIGH
98,44.63726890420666,30.358690468623095,21.358259203246554,88.28728509548975,4,78.48619435489371,73.08323478654384,HIGH
9,21.50752190361361,39.84103802110623,9.04044914968776,70.57559445252588,4,98.7219608387245,49.34628930661842,HIGH
62,95.95460996338038,24.10842726478059,16.22003724595195,31.90203986352439,1,75.3252520741596,67.67578472563144,MEDIUM
16,19.49227094009821,49.66807354828907,0.8766534537602821,93.61031289105908,2,90.26485188565388,77.79933826352652,HIGH
33,74.72574847330576,33.29663406174716,28.545116386751282,70.35411448090397,5,13.575643243444102,55.78161377599148,HIGH
97,54.276290447561124,39.77702323041281,9.984033526168897,30.142559512408045,4,76.63373866963946,62.06454493957286,HIGH
87,40.890320196233155,45.50835628712279,22.289034590721684,75.25252770147134,5,64.21022026619455,58.380494764399224,HIGH
60,82.76027337463998,11.177541784604617,3.4706989581085357,17.891230657878715,0,34.02378539784343,61.259046301506544,LOW
29,77.0155977068893,5.8053111928846715,11.032110779155223,86.79972781392564,3,57.69168416926107,5.159456689103669,MEDIUM
12,63.105380521746525,9.492883774309824,11.64436585750792,48.13286452567479,2,79.7518139178322,93.72289069498854,MEDIUM
21,56.77762441141046,30.080881934902067,6.664246717077327,45.57811454554622,4,85.23620252356139,35.01299138178359,HIGH
42,85.34949891046718,24.991633251302286,13.6735359163788,64.13188722361143,1,74.70599313478968,85.66710964681742,MEDIUM
94,13.090947895491329,16.006967912946422,15.071339828595915,71.97399974697649,2,99.68486044382249,72.11961544697981,HIGH
66,66.79693650142741,10.785253157848684,8.744853147299693,96.98461326885057,0,98.11427951619787,36.64873193581933,MEDIUM
96,28.95517771189134,36.63290513099465,24.31255956554526,73.03666722934918,0,92.31578548657289,78.72368005668314,HIGH
67,75.46559166358938,14.955088862921867,24.450364856254378,92.11387355898799,1,99.10632149991827,57.054576406382985,MEDIUM
48,48.019372455856804,23.671080913511773,10.44921482154299,45.222644323078384,0,52.78444344308569,31.888787648264966,HIGH
94,93.07574076621455,35.05543353268959,16.440300954976482,18.75876100198225,2,75.22664799636412,60.13644957733352,HIGH
11,86.48287485623202,35.47937657835856,13.725975004129257,24.732502117337038,1,44.18837405439877,50.83196321616134,HIGH
23,28.878971037509153,40.217922161662024,5.869652048197139,68.61141950504427,2,72.59575117836988,59.6897992095727,HIGH
91,80.69493270638269,42.92153796091879,11.29667377853352,98.44304903179403,5,84.16600910441794,92.96860698872426,HIGH
17,42.00254684443986,23.693787745994655,28.35189589540782,20.561216087824906,4,65.00978048032955,61.372277075149384,HIGH
24,66.42752919368101,20.199699791148678,1.0197848347133098,31.67698789908015,3,30.268960958707403,61.634770525118405,MEDIUM
27,68.75172702273741,18.7685820370353,20.753845495990802,81.57926887546651,5,8.96111486683101,49.04900880280956,HIGH
88,44.38908275045039,31.616675724534492,13.353548430053083,11.044217577576891,0,8.263699056246542,51.475751891239625,HIGH
90,91.76306050924482,11.246752002472709,17.605514728944428,98.86144020808302,3,27.372480700705825,75.80913300799249,MEDIUM
80,26.29869345245055,24.209573864919758,19.33789946945093,49.02908307949231,4,12.523643746555779,35.89675259614242,HIGH
96,91.79924709796119,39.76124135312105,5.5466954571002365,83.15811435182967,0,39.37965449397277,82.65897010236677,LOW
72,53.97069361622519,25.945055796632143,17.541646183799607,74.23742118250195,5,12.408932859829225,76.53387814543439,MEDIUM
89,90.78420684158314,9.03320866152772,17.97307819766161,26.19438007830947,4,44.723287821198234,34.858127844999004,HIGH
10,21.593439145068018,10.311495010793392,4.836307858188656,60.624658861074174,0,8.461032792872514,16.848126412064502,MEDIUM
43,42.72036766234677,27.22135751381635,12.691539818891082,95.07056362356501,0,24.833708480447513,9.385794996398591,HIGH
71,91.4157561991525,14.669841400965144,16.02307195475406,22.586954175952307,3,69.51014944384697,54.6532946938604,MEDIUM
50,64.55549201696257,25.52951731154304,20.637909270601526,69.63552969529253,0,23.710035560081856,22.866996850508418,HIGH
43,87.04766552847998,10.760647042625743,4.026240170481289,59.686356406238644,4,35.90651622220554,17.206750916428252,MEDIUM
84,47.981351067814,27.49243052861369,7.820233266453961,68.47920463479603,1,40.005937558463025,12.909137232231684,HIGH
37,70.88731034309345,47.00996640865332,4.297318503835273,28.338660719619867,5,73.26748987242556,99.55913055797208,HIGH
94,68.10141032439819,35.72224839484031,16.90926469653503,68.29940001551611,4,60.494469228418964,44.87021489477859,HIGH
24,38.47243055194921,39.389203277836415,11.368257036635992,96.76159310582766,1,7.752459697518665,16.83901626981546,HIGH
19,71.55813224131757,20.339063207044955,9.880725288430785,18.007674236996124,2,77.80709510538951,18.90131512687548,HIGH
33,34.628210819420964,4.89734276278167,29.38455640571717,30.0003014808663,0,78.27336186590482,16.732831796217553,HIGH
72,75.54946734604293,15.327477674494327,24.640297473996466,54.065674011399224,4,34.89002116058434,59.35501711229118,MEDIUM
41,59.63880087729436,30.373347215006554,26.897107298962013,25.367267494050225,3,18.06724842278129,81.57807462232729,HIGH
91,97.12002553781319,26.584106889244797,17.83850935444708,86.46670144974152,3,59.23101240960672,29.610797955857656,HIGH
92,56.22088770709961,7.774564123735922,3.791050793827356,44.09205981403938,5,26.73699040179298,92.25195615675175,MEDIUM
86,97.7049862095234,35.37512078044122,7.473348828751271,64.78326914937747,5,45.77865912251511,46.701200780968335,HIGH
50,81.86220088735165,25.111462282694745,8.274689231652689,48.498857444923516,5,88.13877100036439,82.33220880279384,MEDIUM
44,67.20717234323124,4.3471142453903875,9.169845075871374,79.3520561467582,0,63.467668056096784,12.285855184089668,MEDIUM
35,95.03802536746133,8.255656277878842,1.722345669102322,76.90685112570655,4,92.95890069965313,81.79295728402981,MEDIUM
6,96.59496981915609,21.199181183067356,15.260470866957622,75.77176296918506,3,49.78052043543121,70.08657708619289,MEDIUM
91,89.92724804518254,34.89409764285817,12.164143550522681,65.46579463121712,5,0.7290256873965784,45.37299641777733,HIGH
73,77.4701157290895,12.211312351458497,22.16949455317276,95.57815509171266,4,68.40781018822909,9.023818244788691,HIGH
62,96.8182645378106,33.72610842070928,26.457916966910012,57.11647742496338,1,17.481419500054695,39.86983902561552,HIGH
22,56.231603561313726,47.6241801123718,12.681668064484265,44.11852892744211,2,96.97284036370628,37.106066620605375,HIGH
91,32.47887011509669,26.955981124481948,22.992417333529776,20.607886061860818,2,48.31246830042082,30.151324832746862,HIGH
5,76.42231499259084,28.442097229369534,6.52389584252008,37.433781948833236,5,51.55290128717376,89.87469649587398,MEDIUM
64,90.32445174155669,42.41758901188763,1.7249018749022627,10.53019937424154,3,32.855180128179974,38.61981071666319,HIGH
5,41.47495292214799,36.121679539292195,12.06204265829898,10.797735967639086,3,49.20461192544134,13.050659040094711,HIGH
70,90.86589622373849,20.5359526439915,27.3932733731148,10.621940672447797,5,25.01347528852167,49.716374595158456,HIGH
52,36.935645735298195,21.41707349277786,5.4654612101079625,83.03894686887675,0,98.93692466510241,67.3465662430149,MEDIUM
61,24.565087054585636,17.68688885386701,13.01880464087655,42.33130715431171,5,19.84646179576638,23.00887154091505,HIGH
10,22.031229849972874,21.05278847512751,9.936405323668824,12.844588715047568,5,19.899192413967725,50.53302359708689,HIGH
90,98.46358324529204,5.939615302195889,14.672035027322991,54.60108363616323,5,71.43209586101322,35.864331359815154,MEDIUM
56,55.16727242871753,46.17806253652766,25.291887408265318,44.99636562040143,0,95.76785944989292,80.30773089833154,HIGH
21,23.998778991184004,25.000046571213357,23.021548543372226,31.28544416042853,5,82.9835760162331,45.818179866385904,HIGH
81,76.36884004416018,21.716425746751206,8.683998871346569,53.73363194939002,3,24.774729920635487,19.487093867947266,MEDIUM
70,26.817421186357812,14.056941779973952,3.4505997294560364,33.71776580425452,5,24.73543708498064,82.95789454706086,MEDIUM
30,52.65035453126937,39.135846052301105,3.0919467734869457,75.74110422439914,4,18.118824950359002,99.29240849772715,MEDIUM
80,66.60171178805044,7.43630499742336,3.6138356772726334,46.1154844124092,2,99.0398795844446,93.26434149511059,MEDIUM
59,11.58952106149541,9.982174668809558,25.93050332016245,44.23173842323382,4,30.64459465455923,65.16444763624528,HIGH
34,29.959771262526555,21.303792848883283,1.840491706847479,48.43655450603801,0,30.428998999338553,30.578378472773238,HIGH
40,94.86988724464331,35.57927996593497,7.40905910428782,90.55956106096562,1,4.088912904661834,9.952410517192785,MEDIUM
100,38.947564580127434,14.265848499558182,8.404780605841124,64.58696409365947,3,18.484000304537297,95.09117764735372,MEDIUM
51,40.085393245459365,5.576430669757432,20.068426209761554,71.46653614684298,1,33.121173352426815,75.42274975741914,MEDIUM
51,76.86388179728945,29.445553768002263,18.141414233653013,31.442699793892725,2,21.003330189233427,41.48468888019741,MEDIUM
18,21.743686472328573,37.129371837465136,3.6106304171023362,62.79053104780402,5,81.7409151721251,23.328113197853448,HIGH
62,93.29505755660956,3.743980058214813,16.397370685415794,40.86081718752441,5,47.41985201064095,77.29386127881644,MEDIUM
73,74.86925195031249,2.1905553072064876,5.751201827424589,59.54461137983412,2,89.15866529723654,77.13873986956952,LOW
76,97.76135415777979,44.74565139636845,13.45446660292103,74.55932870930883,3,6.770849587634665,44.80539530334965,HIGH
69,81.17966556525782,8.346756398362537,8.224459222713014,97.07382471564472,2,4.5445225803575795,58.78660299461612,LOW
93,27.11718251306092,40.72667524125197,14.850777019119473,57.922286751292745,4,97.15384175999874,20.724230904771154,HIGH
70,44.57353778649026,38.96860867375393,12.025468783203893,34.4344770060719,1,0.3600546419643247,59.330307883707675,HIGH
80,72.7049572825247,43.95775084518913,23.719406317054258,50.98968882369695,5,72.05791661521286,29.589288672983386,HIGH
33,36.67273181485327,13.425732609685854,3.5731018717085785,30.153650523015266,4,23.82167748499162,8.71361416402055,HIGH
23,94.78414006176756,13.887825208622202,3.989141792901197,88.60445582237779,0,64.24131242932651,28.655767060860576,MEDIUM
31,58.1135431711125,0.06999807381834477,10.423856966052101,64.46435822173711,2,32.456187220846225,94.91064360006796,MEDIUM
75,33.763436265194144,6.680580008157666,26.950072782817934,36.54058046055706,0,62.595530462207016,5.9887781983131125,HIGH
50,29.735163344017412,48.26137322175868,5.302057174441337,97.44442344760495,4,65.73175935355006,87.45828419124832,HIGH
79,19.579845927910483,37.288489449067185,11.459429326427646,68.84422468514043,5,63.43055412496752,57.33339134294618,HIGH
61,29.857513376948773,13.439675123959265,17.449913985237625,82.6959664914006,3,15.56414771531217,27.013698550553098,HIGH
97,49.051320651006705,7.416709476026945,14.370206615408744,54.63650581491156,3,18.502802264390873,86.92345627941566,MEDIUM
29,61.269218654533134,47.16775295491516,5.412199269435762,35.383982225464706,2,16.291864875892582,21.884755586552792,HIGH
55,71.86301428604116,9.39240085685779,4.305670799027833,48.37555275911722,3,90.91310549163725,97.18661917923322,MEDIUM
17,75.18762303449265,6.864564764039449,22.51332606553869,11.06096762639594,0,37.78751297592412,6.968011971215705,MEDIUM
6,78.71011804600464,32.224105646713724,1.3122012761635415,32.35086500131031,0,26.765647636827527,94.16684720368322,MEDIUM
81,11.214721361667198,48.31803813926733,28.72853073291347,19.570505014161125,5,81.82553599654877,86.00842030501586,HIGH
15,28.20894779660335,24.021271526691223,16.88553703406236,49.98935783946396,1,30.7384992627474,50.496296433201174,HIGH
36,15.02879559187128,34.60205989608788,18.82457559040477,21.076796367084317,0,10.281531173469194,33.1901566665156,HIGH
70,89.78111814918745,20.764233597306543,0.0363126200810715,30.188147069216356,1,42.71354331477214,19.00076846453876,MEDIUM
88,35.81615865476127,46.08454588017989,20.532524224685982,71.80896594807618,5,82.27848701299328,15.678823789380152,HIGH
26,99.16912481123364,11.22612286423752,28.693994646336673,35.36328451452934,0,61.56967679688691,16.24334219282033,HIGH
15,90.60278418586563,30.225319099092097,5.342033303222448,57.74325765770647,4,18.13654875713088,45.39823211186306,MEDIUM
90,71.84446459368421,31.237913600192417,8.610166612651723,88.78619513923698,2,91.6234355414292,67.86451295067137,MEDIUM
38,82.96474733672007,35.565334110961686,2.291084778798249,10.19608883227599,1,77.77840394962887,18.925963345351214,HIGH
23,45.153961704690644,36.06717318179113,23.56638282008601,53.0588811883217,0,11.316403432073352,45.608050198559496,HIGH
98,35.06285282239395,4.522350923364388,29.843150480285825,26.368510269211132,3,35.260875760999156,51.9496152569655,HIGH
66,72.4078751173347,20.697217286282445,23.80504771395121,40.011863056122614,5,92.16049033843585,41.402595041488595,HIGH
75,54.73920649653115,26.688532342240734,15.974232972311798,83.92637782328059,3,8.361772135618272,72.9175000270819,MEDIUM
72,62.008879556457174,34.67494763854596,22.448504988700297,73.27839819977075,1,36.17094308351435,24.311568322934242,HIGH
7,42.61585980842786,23.696317507928523,4.007780385219477,19.914068172588674,2,36.085853612982845,85.68626643973133,MEDIUM
22,36.52275593157823,7.207012115140382,25.599366177208807,97.46376412973372,3,24.249740847004475,83.6430717359169,HIGH
12,77.22958246173052,5.861790464092781,20.87342210947637,22.876892119433506,5,2.634688240380978,96.66675329467155,MEDIUM
52,14.867501058624372,5.300491550098102,17.44821222285262,52.91439127452185,4,87.04769772155075,7.867644384162373,HIGH
51,22.714974337141186,12.2522902030741,0.37433100548009746,84.79611935640881,3,14.971722487671446,22.330328595844275,HIGH
100,22.61011583603651,26.372501886846095,28.462972931453816,52.31660505411791,5,33.73369905648651,79.23270625070094,HIGH
93,11.188847763905045,5.563333316105357,1.8000239613258384,67.82088535197614,4,75.1132929128261,52.81306516552817,HIGH
6,45.67516211376494,21.181038275325125,28.44725889175605,50.88668599630916,5,82.95182306919571,92.31927185763558,HIGH
69,37.543056337846465,11.365742766734305,27.943507020950456,34.46448473320163,0,52.150104476183856,97.90299695247366,HIGH
21,76.88212647339539,20.020121194066014,1.6799046588479882,45.30618627766102,5,97.59873938507906,62.48292345525871,MEDIUM
14,83.49029520391221,23.421804784765936,9.395689812161017,67.77017508789143,3,16.482435952627394,81.31722975738661,MEDIUM
87,48.1799700671863,13.495978008359998,3.132001849519143,42.64314662133987,2,2.804885983116856,31.80965848611472,MEDIUM
74,19.581808864166774,10.595497338887583,0.3293103925559149,91.87183132634169,1,55.16913771757924,65.64695129747824,MEDIUM
9,31.630163820275072,4.251967734345474,17.103683255194902,14.038708438996512,3,4.568061268366053,34.88512775938986,HIGH
44,10.76308576948006,17.832457181691908,8.472065394834953,45.8322749660868,1,31.44724425065686,42.110924191328664,HIGH
50,97.64656686526924,35.13284052710474,2.9213950778510087,46.65579051290456,5,50.35784028545236,52.70682619297475,HIGH
24,12.131677961690688,39.80346485306014,14.30859102003832,88.19311161847739,0,29.011938096003973,19.396092033576423,HIGH
64,17.087757361444446,31.297636066858043,28.58454884256334,30.841307115526394,1,80.74760338772813,67.15091424719951,HIGH
96,24.494232381936133,48.183367960758474,15.489023922148093,75.5848575740047,5,52.32870871590614,78.0204403581802,HIGH
62,80.68166726684407,16.951035444006912,10.80949067103954,87.03572977045701,3,4.001290269702618,72.71243567426967,MEDIUM
92,44.88708445072141,10.441032050926047,18.311616988527113,16.749846013049847,1,56.6900861470324,99.4684301857998,HIGH
17,82.42537998664943,7.131126063435267,26.113724405216196,59.24224472104036,0,49.891226063753656,48.206746464992136,MEDIUM
26,94.06503741893721,8.073624248862949,8.40351966988555,42.69954392167302,0,7.113392039527177,72.5122280294772,LOW
63,33.21496895516587,23.66304769310495,7.680789104807308,88.89920823115173,5,92.41607721183243,94.28379961681955,HIGH
77,53.94330958696706,18.173605523632187,8.598752036900642,46.812990733460225,4,91.7140116397923,17.25350265859536,HIGH
51,56.12313267614847,31.23159555794483,9.409362310249305,17.514149333522322,3,50.59424299753626,29.96860610957308,HIGH
92,13.840801684969914,48.87158186877771,1.7117602544373023,81.15315744305782,5,82.12350350677997,5.754579862083576,HIGH
18,36.15945401656592,7.910290200313074,11.978412610403268,16.56808093245786,3,87.41588850489151,68.56930337013898,HIGH
49,51.92898364487277,32.12422413197002,27.0037954639546,51.83676972851689,0,18.027335950566915,15.29309151439914,HIGH
55,79.13949853912216,9.9735499924125,9.861619114385142,38.55563760413317,4,48.62950162040828,71.71762965934018,MEDIUM
65,20.289379097921813,22.728932290629423,16.35243665182764,95.36803120596021,1,64.02163819482188,35.4177288262518,HIGH
9,98.90296685767893,38.71027617912174,1.8720077581240968,82.76802236239871,3,97.85608237490776,25.27497895164313,HIGH
32,88.12185415673885,47.63225047238782,20.51014321064659,34.2863299152733,5,17.610561909967124,18.46509990527935,HIGH
40,46.45616320784255,14.916840148633675,21.366201069523598,88.41602167319482,4,21.41049032631843,89.84197199081991,HIGH
28,84.74941823509936,4.622063001601612,27.04925211411736,40.781723310820155,2,16.45332813159026,38.181244615349584,MEDIUM
58,53.34627295132687,26.775314542960555,23.51572174445297,96.90308505819817,3,35.46923764988617,70.82563649252133,HIGH
54,84.07141276369866,28.045422130477565,26.813378691031478,27.870397992452858,5,66.79624883717995,63.568675545890905,HIGH
46,69.76566455344197,41.175191081676275,22.030697630979795,84.27114394534182,5,31.651528935273564,19.298096561190526,HIGH
63,94.04374594445372,24.972283417098723,9.492235134603128,81.28151370061822,5,40.63866381555996,54.46571133000533,MEDIUM
5,98.94147456102301,47.16618725378469,25.718012033190696,67.08637476294919,5,96.94575114427283,14.257375176743919,HIGH
32,77.11367873931586,9.382847108012477,20.893382626642186,79.6945955973051,4,37.755657148463484,38.06812763160088,MEDIUM
29,97.45700546478139,28.841821460092238,0.43113053670296275,83.24014144198225,0,30.194447112571375,34.16171508057485,LOW
20,72.93854314775585,32.44558386469191,13.679924550813524,46.93481297534412,2,82.818586038401,45.455673595526314,HIGH
47,20.204199950183902,8.790690250256494,12.851508417678211,25.92056445589528,4,16.26571382788038,46.40823555177834,HIGH
41,86.05824477497119,34.42753280709752,13.12481015192879,35.49235264352214,4,93.79015335823266,91.05886289041295,HIGH
17,99.58268991027634,40.29698812858556,3.1143611869896803,68.46621276049602,4,93.2496751928923,14.849153698671364,HIGH
100,77.65540827918285,46.361445465957274,2.9910621718000954,49.96930208282572,4,80.58706449913645,68.43246283040138,HIGH
58,29.068401381814056,38.84401263841609,16.54763736898001,20.30509946942643,3,95.0551495883171,38.30829990598208,HIGH
64,47.164126796420064,41.02089876117535,21.115048703097216,76.70377511995113,0,93.96168095964475,79.30862513388675,HIGH
69,35.52439804438369,43.980358041331854,7.934972116514299,85.46357573003004,3,67.33008119579735,5.394967947287766,HIGH
58,12.940714965743615,1.3123408531305725,23.715303847433418,85.66926623511038,4,82.00343902501868,61.994839051065895,HIGH
47,25.336967679295334,28.60937230021846,12.900590578130881,60.01656232486761,3,19.26604033728533,66.22126402232934,HIGH
11,82.11984816100174,28.892680789940968,3.866113932294779,67.26461421800444,5,17.371727081476905,90.89628037230572,MEDIUM
71,24.25992898170756,11.548475213191628,21.30074586000412,21.3697254313762,0,63.1441068477435,79.50672292889026,HIGH
85,92.49988260433607,41.86689389977809,4.771595064260131,39.016416880031166,0,9.326540697843,46.55499868911595,MEDIUM
85,79.30290083137108,7.6524306192317315,18.542989278042892,58.930523789327545,0,57.179383473399916,7.402538251297646,MEDIUM
98,21.749321360195257,22.68531308861939,18.945053766129107,42.23092166177902,1,65.25227196358833,26.066746251341982,HIGH
29,58.1875498268091,12.262720885244239,23.400868581331682,80.74433791659493,2,65.92576954644088,31.121658369016046,HIGH
23,66.46942080618943,31.919328490196854,17.380637273253285,19.307730719326706,3,92.71990254215481,16.655010694058845,HIGH
23,35.42167345866203,44.73023942881364,2.7833142304527945,54.482054606200194,2,91.27191293114116,24.75738322083667,HIGH
17,54.19332617215611,1.0978484204952121,2.207279090549934,96.32954557472056,0,21.029597287875713,44.89117622859153,LOW
45,67.01966182699215,22.543926465715856,4.83310934449876,36.887948445324795,1,65.96663934535819,64.96527312421955,MEDIUM
9,20.548642559591144,17.140522596888086,10.403511706868777,99.54244438752866,4,54.64827716724169,20.04688549463534,HIGH
99,32.90509196663265,6.079680544452836,18.183323226024633,58.23587597961303,4,51.17447209429813,19.472871575870514,HIGH
51,20.330961129602144,10.847889270446304,9.826191843725372,29.778500031753236,5,69.16017229843743,17.0251235397242,HIGH
40,53.341738491739164,47.66146804838249,10.456601390559278,59.63474026823943,2,46.70437480896298,81.85611447022231,HIGH
60,56.139089205645845,19.99710758117888,5.791627150049764,25.566356389290686,5,84.6035777682922,73.15263280051099,HIGH
55,19.260514099362062,39.65766160430344,17.627366627362026,24.90878039202807,1,95.37620747242893,51.34402000292993,HIGH
62,48.136358959001896,37.3539635061003,24.47676598699734,66.06198660791158,4,38.304584793234596,23.97347356288502,HIGH
50,43.65644381054133,31.63492337589774,1.9279875865735208,25.052414760369597,0,95.80974393439054,29.041047772411837,HIGH
57,36.41261916122875,41.334320931603045,19.352939117784366,96.86307242322592,2,39.8306668027788,15.89174551584498,HIGH
46,48.64481204137708,9.295744582170439,7.359544353032186,29.366574802442745,2,37.19642843681549,79.05388258302975,MEDIUM
20,10.866969962962138,34.414620701559265,21.504078655437244,29.239518432944234,4,79.52394211408588,90.38067752198599,HIGH
76,15.961162855499829,14.180712626055591,6.36525493724548,29.571707764735944,4,27.804846850235478,62.75091554891876,HIGH
90,16.73417763155218,44.63320100541044,12.65250422406165,78.05810830867664,2,81.33944743880734,23.824289208104524,HIGH
11,82.24526729027988,24.932548421171248,29.707791494074936,47.91135214815521,0,45.27851057882586,62.135914534726,MEDIUM
80,44.45717663525024,28.8206908931094,8.551107425504092,67.92999476565053,4,98.79547655928657,91.6060986285532,HIGH
41,21.795224590211042,48.34267772838875,1.110245860180895,58.0120308147602,4,3.912024451337648,66.25368830968341,HIGH
13,52.290401671534646,41.4925108859365,12.452366066706254,37.089844530229406,2,75.369227935243,43.032712545826165,HIGH
76,79.71520914275735,24.690930028379203,1.4121831342564872,36.85994329065922,3,49.333662426972616,65.9042278817258,MEDIUM
20,85.87680789568682,46.88518778159357,3.082308328737655,30.161292137988514,0,13.873442340743303,99.38633528107113,MEDIUM
93,75.18280237325595,11.317062813859973,2.6405016015081886,75.16971216503443,2,81.61476172721429,56.06804507977275,LOW
5,94.06993204311811,43.40074362326077,7.790630731728524,80.64496318904203,0,4.800339003760257,33.9075589338616,MEDIUM
38,39.63960768217551,30.63753164992773,24.374565790494486,34.29208489417907,1,92.48584072125206,60.42805439804425,HIGH
20,21.365983625798975,43.09474496096428,22.59104480984739,89.90185712660724,3,63.69036469368616,68.48234881926673,HIGH
71,57.483003524296805,28.89423611682907,19.838069265359007,97.87145074642258,2,77.26439739083094,50.857099454506475,MEDIUM
16,33.743083022223246,14.811709415682174,2.4838282211891602,60.26637111007264,1,65.94807777340283,74.85048648943774,MEDIUM
31,72.54685585961867,3.7572201236207805,14.83817250883585,29.12279241667337,5,21.61354680966614,82.75858720079601,MEDIUM
29,53.88810172236058,17.02250697041357,24.419862536457874,78.54422790920748,4,85.84588342410254,77.24635604557565,HIGH
44,73.76611255751533,32.764466909318756,25.43420937013136,19.50944276356156,1,21.878483084363666,39.54615940622759,HIGH
62,88.10729083301891,25.673202128343554,23.40063178543856,26.91581253839685,2,42.309398326423995,70.19526998832035,HIGH
78,68.35446662594222,7.364486702141954,26.285887086504708,77.05233938930873,1,1.6587934599057164,48.780447935818344,MEDIUM
39,12.572762465936222,33.0942751954814,13.57922748147476,33.90208527929602,4,8.406676616092646,45.98999548812414,HIGH
24,45.72352010903607,21.542421172532002,10.012185138424574,49.72065377632527,2,9.781269765745392,66.61906608447164,HIGH
98,93.52179630125279,9.696581324192094,5.683489010339699,25.898059408846677,2,52.95627534944425,51.893541583931096,MEDIUM
60,19.826610470596307,2.4935724758896436,7.468327349194521,19.997451452629104,0,5.313777100338379,8.390355964354402,HIGH
39,31.48904193882841,26.606586240616437,8.263784325077758,89.43402607604762,5,71.58233180981829,42.23126852753844,HIGH
17,29.7899467949062,41.203432857814306,20.750513583779398,54.565449420463175,1,78.57276514438948,38.02514575798381,HIGH
41,73.52680127075467,14.398931612775574,0.09320611378011656,26.65709432431767,5,62.211834994523464,75.21362128858117,MEDIUM
93,31.4757536748121,15.755624950469466,2.083639018232849,26.860997080012986,3,14.183365525486336,6.2098086496664635,HIGH
65,48.51302944172079,1.0413423841875213,29.23112562235419,89.31317744350385,1,67.92029422541019,86.04351845327554,HIGH
81,41.6929280553664,23.69150801865714,0.03019418306067445,88.58966843989445,3,10.938599739355226,82.79801168778634,MEDIUM
77,71.20416342569277,14.532928479969137,6.848630128488507,55.28318237556089,1,77.52565525018431,14.499284058341498,MEDIUM
99,40.210961630459664,24.533092504298317,10.523431373341332,59.11435658604321,5,48.6493313711411,39.607486528019024,HIGH
6,84.49745306176226,15.056701641588338,10.012166103282365,56.60479500671748,5,85.69561605537514,90.70584859811683,MEDIUM
81,53.59193556121361,13.496872293123657,15.579267008948817,67.58202792603862,1,97.86374375992935,86.34522479716153,MEDIUM
89,99.46783574482039,17.85972025164672,0.9271402458178535,61.98257846155106,5,97.32905881905593,39.14489321112047,MEDIUM
100,18.034658487482286,46.032362786983846,11.333347776249143,19.713849253138715,2,87.71440358973422,69.4861449432899,HIGH
62,98.85984991675281,43.804642009327885,5.248567446762916,91.92946017619947,2,88.79949028134023,42.14749143249575,MEDIUM
58,95.07398500632445,13.812356557444966,5.717179933436207,62.1565148741528,5,34.32744431061414,63.17490582675725,LOW
60,81.57996141130097,28.33312152629831,23.77576696701508,41.22980330852246,0,96.94698900605357,52.3980668044622,HIGH
92,23.241797998313395,34.046153407628736,15.695585079492211,36.08035986230941,4,66.43203211024911,33.846331955852776,HIGH
41,15.81548431501281,14.736336475458888,13.615745464180355,29.559277187820943,4,12.343576590115779,51.39481201062382,HIGH
5,48.7290545679852,33.012665746402014,0.019251342840947983,32.62901166375496,2,87.87220961098785,79.60001339469851,HIGH
69,69.87933990558375,38.444268912356016,4.6511104599427995,17.740311877338133,2,14.264425632293708,74.6400477639519,MEDIUM
60,62.67023528101582,4.035896916241205,6.565732963115725,52.58599910113311,2,24.872850486419406,69.45752632259757,LOW
54,48.03069588482546,48.34534075266228,2.9441608994529336,33.5134820104947,2,59.70387928987726,21.46368707397001,HIGH
60,71.10308899606702,16.123995112024335,17.345022515768488,71.49890653110617,1,25.00204454041328,44.54966886085985,MEDIUM
30,37.09560392386949,4.279896355172297,16.99995270232528,66.54869445788782,4,18.3372172534212,79.32854464808509,MEDIUM
60,18.6438068931914,26.328569815271095,20.824001650495926,55.343365625584,5,71.25985052999778,49.4959930602343,HIGH
59,51.98973028246693,48.07234608019092,13.838519460187763,92.13024623916908,0,95.74917537478335,44.98726906926001,HIGH
22,65.36876955342584,15.119499261167674,7.279369662774149,56.0986116050184,1,62.08897422497686,90.49167930133332,MEDIUM
42,14.81824232623104,42.255367112405345,3.778075218858299,70.30713081759032,3,80.74810263737702,88.11653289355924,HIGH
63,85.52782345482082,4.232954626788477,8.105245343572111,98.75561705596144,0,33.348345454290275,14.252910897763906,LOW
42,60.889906013996224,34.5296451193495,25.929423733248882,20.929841299672155,4,67.44129993827706,75.23952512525305,HIGH
11,73.14153990489095,25.813201496061644,16.861477585231686,97.05506156815154,1,22.354358356485015,69.18967232680671,MEDIUM
24,37.080298785429825,15.544541448035105,29.67475889694643,10.580572057556477,3,62.36639223081968,24.066488041708926,HIGH
13,10.003214059561396,30.189533114395683,3.631032523473178,18.71772730535676,1,10.360702480183836,7.342356474019681,HIGH
69,49.94342874857969,2.78265808747874,3.6543424352833065,46.41016024004486,1,82.02709573129404,84.96347632657131,MEDIUM
74,33.4244372990115,30.638002858057785,13.173895521308603,69.23433881658514,0,43.235369880681006,65.43873065752908,HIGH
28,22.751756635826144,37.22992452139607,7.220456861877923,56.03634973429012,5,54.66810256268906,50.235047903987116,HIGH
42,36.050413027988355,5.0009842809630225,17.662913983977766,43.060546667076416,2,39.118922044203266,71.2770068346429,MEDIUM
18,51.75673281789334,40.67468025715387,4.444995901280043,35.50799981607053,0,56.42090841340228,6.046866179638476,HIGH
43,13.067518830744985,32.5211163212437,19.71574335244517,50.00314454612777,2,96.27965252049529,49.45117521159572,HIGH
97,51.251515857289455,0.45600309288266194,4.749435862395389,55.057454161536405,4,21.07801388862287,90.74229975857837,MEDIUM
72,45.156189323768494,3.138288548028795,19.677577425107966,41.66803023989502,5,56.31477634555926,48.65076566444576,HIGH
22,35.050612990904476,38.130379340963046,9.087896553459078,45.453585655532095,5,48.374466133507134,96.44272591781966,HIGH
82,69.30746291751942,28.801947723515397,27.82236736423825,79.78581986800923,4,25.922601766453656,71.28802702417431,HIGH
80,95.96751371223647,17.40476101059214,18.524250722651093,46.33964669765008,0,2.952184417867043,74.62336264641634,MEDIUM
34,18.68863969947016,5.311021767345775,28.02701726838699,52.87717058605957,1,98.13283962886283,81.8127709041572,HIGH
98,81.60444379818101,5.2715904637404885,26.42266232684209,75.53468436243054,3,75.5813874105511,44.905334842396535,HIGH
13,15.573398061628088,12.524192450372047,1.1225482479039983,77.49414478659146,3,76.33519498580851,62.62066360542874,HIGH
8,93.11957609404661,16.057960729174685,20.961771782378023,43.98660512260718,5,57.37796616291122,23.974770706841387,HIGH
37,54.199271718981386,33.94245106208672,6.764896184472606,76.7938515885775,3,81.38377407828676,81.82386070527434,HIGH
29,17.74164685897317,1.2121527005417854,28.79497014030626,18.658550369132794,0,81.00088472706271,89.86264609171037,HIGH
51,79.69471042396474,28.414751420386448,25.934734733096906,40.66401806978428,5,72.99771156738967,91.5439075170974,HIGH
87,57.53390531730497,9.50684503927935,6.224243395858272,84.48181653496592,4,35.21060523128896,63.75549205002782,MEDIUM
76,86.80794397300942,40.07979447661142,13.166341877172531,66.29236306138813,0,56.91524228315339,17.08327646797,HIGH
71,36.840428479628045,5.896374769029111,6.917205166402235,64.1340626675518,2,2.2542478323140824,83.02614148228365,MEDIUM
42,93.00459961990539,12.56909235955268,21.098199417718916,16.11575363963714,1,96.81148177986518,12.10382667012707,HIGH
78,31.725856041815643,25.887987737286476,18.337420709441677,38.101538985444364,4,5.664819885746841,71.2642012888327,HIGH
19,62.44952605953874,46.84634429119205,29.548017888453543,68.79088008923844,0,33.80452425882644,29.78370498156971,HIGH
47,89.92252281923764,2.9695984495016257,6.126999232266995,83.50861404872343,2,92.41742622654495,68.01693209760155,LOW
12,31.205548155456484,3.6455950907103962,28.439927897719187,91.389147899301,5,83.50034562168585,81.71131207316664,HIGH
49,98.29504382885007,47.495389139741725,17.94442886247249,65.11893856259229,0,88.75186335401628,50.48329107409018,MEDIUM
21,34.34575658365845,2.0870488524665,1.0680025435827767,55.684383886099255,5,35.02576830351022,50.371296024506854,MEDIUM
34,11.929893596561165,2.767827371639686,23.208397280087148,83.02268525701527,4,60.813889548401875,41.04189701217722,HIGH
92,76.41312131008905,27.624798000668488,1.5642125279735275,78.91133639179544,5,12.523739360063256,71.62708983234457,MEDIUM
75,22.39933871032661,21.897642730918733,26.914401862543787,98.4281101176114,2,35.17890959504666,37.59693552903725,HIGH
12,31.43531874480104,4.5995405273949626,0.30148950825465093,47.17589353973278,4,56.80486116243877,99.13917996859456,HIGH
6,88.59302285898042,12.496120040350366,1.706509681778774,15.098912949893098,3,18.059347780492885,9.153345673098851,MEDIUM
49,64.21744122332935,44.521235020549724,29.94266427138732,21.674461994701215,3,47.87013654230745,16.625753956854915,HIGH
14,16.874008346482334,46.91850712286166,6.175828835724869,73.47296674675997,2,89.76401754848723,86.58221495097348,HIGH
61,74.18204730186389,47.07134938498349,23.40625216470789,36.34150727247733,5,24.420579170319566,89.83295526665336,HIGH
45,72.79945186322723,25.17227012827179,1.619926023476298,91.03828398119693,5,95.05634577711804,51.18973111047942,MEDIUM
15,28.31994415882549,6.856574431592727,29.278152179940406,30.748233403597233,5,55.29656649438264,16.66106473935431,HIGH
97,83.47417385067496,7.0980616047485405,29.33729102502135,72.85077452380185,5,76.4191981060527,95.53927183786534,MEDIUM
7,54.901674131075055,1.687809180579547,8.339019921773705,44.57589929578569,0,5.972004144707677,86.18455259446824,LOW
54,54.582174880030465,43.13864051647044,11.539897496406674,13.997399510445891,1,37.93269782098143,67.69294102454984,HIGH
73,14.703368614883871,15.257403638700428,16.246475002839336,41.30240845941118,0,91.00540027673489,76.67541701235689,HIGH
48,93.04288144807651,45.37247913425145,24.307310600575438,63.18627640224228,0,34.094438497562905,83.77774822745769,MEDIUM
60,87.91680625438264,39.13063396857162,27.856994286644714,77.71606471494341,0,55.32941623636376,95.48499139788163,MEDIUM
91,35.867662856476514,49.54455790593328,16.0428414039692,48.145151894794616,5,56.83030543402757,54.29672181389903,HIGH
25,96.4274507337525,23.36662364960978,29.77839229807134,31.440421580288877,0,28.07001307576069,69.84687954442118,MEDIUM
40,17.69831806341222,12.496630762271282,16.28413668926617,40.377911786715956,3,3.8606208678686915,31.055638748116877,HIGH
39,69.3306949179336,39.1213143814471,24.307784908614437,64.7199258291015,0,30.689515596956806,67.77376521746808,MEDIUM
38,86.283340126951,22.190434285523096,0.5180005967414258,10.798363178816103,0,96.58854928517613,50.61975144286151,MEDIUM
76,29.605824997834706,2.9292417986580386,28.165027740496445,34.88011040340352,4,55.144787068684785,95.56286224040487,HIGH
61,26.182351881419308,38.298841486400256,8.284330277042269,88.21498345243636,1,22.74189191336794,21.577055222955856,HIGH
84,69.03803359316416,11.63362268896645,19.63802487518678,26.582994398472632,4,86.05702775739795,60.089617968699116,HIGH
10,59.80669539095605,11.397621058230422,28.55111376521354,99.27740233626162,2,1.6118173885254605,85.26843560085877,MEDIUM
50,58.63972190505815,2.236653343058687,7.040905807106862,19.824713073470612,4,44.381268406795385,53.54837415633925,MEDIUM
35,28.363772402115263,28.518294681370016,24.87413558871141,71.29146357951515,0,64.18870272224792,88.20604813764257,HIGH
23,12.222514147971925,30.348336990238895,10.808608383309643,97.75889461288139,5,37.47156073949115,94.5355573108987,HIGH
42,65.97247319522624,8.015640962236342,1.3383173102600765,93.72776630152532,4,2.5535286264360635,62.85862386294131,MEDIUM
45,55.97165282382903,39.043687560425475,15.245468121051895,62.3337848794134,2,93.99398357783907,40.98977080672265,HIGH
79,12.933957570309484,36.31298808383743,11.432689896809716,99.80387664160942,0,95.51793491640048,96.06939087714402,HIGH
33,60.8862146386104,49.89064841510327,18.90973125731193,76.05561262091405,4,73.30456608626422,85.52153258365067,HIGH
72,81.83849926761414,30.355100509646967,19.775932771961703,56.830239815202106,2,26.91827207432954,84.42084934300298,MEDIUM
42,91.9962569472388,16.43422515804817,23.970178611794875,97.97272833121453,1,45.582117374849595,76.0778865395315,MEDIUM
19,72.37658196459847,22.250374307035774,28.72825627332034,46.89332323200482,0,35.19846093688691,53.036127070055585,MEDIUM
51,68.7996934620582,30.260929178576852,13.469040644087821,47.69652069120628,4,82.78211044280522,98.7407722465822,HIGH
73,32.044953702988806,45.46328686461502,20.223153811265973,69.93123875880698,4,26.02789535809751,32.254093009600936,HIGH
45,20.61676202219379,20.425139524423546,15.150778140853586,23.355871750720272,3,63.26297661769482,78.40127269789501,HIGH
28,88.87651272763478,0.7756125803183522,3.6236653667596563,33.703851021050355,4,71.13818744579342,49.636725526833004,MEDIUM
17,21.375815631831372,1.703783435321804,12.942595934256492,72.10419084894811,0,13.237775500787109,87.35359892461017,MEDIUM
54,91.38343533882708,17.718388560210535,12.069525203912413,60.12467027998821,5,29.339189171068103,36.996787862893186,MEDIUM
48,63.23302019229657,30.831479693864207,29.824023110161626,14.071392838938,5,92.07237091284813,95.24231029782487,HIGH
57,66.77487977205092,37.03487397536809,13.070704331090553,78.18940582081335,5,13.460553983929103,22.427823981286643,HIGH
80,92.47076625980098,46.83107231161519,2.513684738931742,90.60392544195456,4,59.30482772728346,69.02117365370282,MEDIUM
63,44.143712288434195,21.92935205128873,15.260015738576616,62.92727898908378,0,23.226354492715394,51.86287933890622,MEDIUM
11,60.7718204452916,44.865081282404674,17.39484619533149,85.96588845196307,3,28.525720032155565,41.48643590707285,HIGH
27,95.81623012488849,2.0967214606654516,28.3515797707347,89.41457494369509,5,21.068068914516004,54.31782220627622,MEDIUM
78,89.16253689969311,15.718369595507731,10.42036845195091,24.903328349214767,2,27.38485000031867,46.69709072444713,MEDIUM
26,35.96309389567702,45.88465327748247,29.664167226740012,77.81219243668578,1,66.64336120980137,18.395296887440388,HIGH
31,59.69470989324971,25.434908552044906,5.065572565946753,63.85523856601653,0,95.98567030626866,56.28382624016711,MEDIUM
29,10.59985960984923,41.625224732755946,0.7733191630707437,28.28268450025749,4,42.65025610632406,47.25834432605594,HIGH
21,84.79340337847503,14.74707905873477,3.28844630336409,73.56899799947834,0,44.440506315886786,46.065265103126144,LOW
38,17.817744670847407,6.840901819272805,8.353595971681267,70.18440172435072,2,80.36410814454187,75.70636585627066,MEDIUM
33,75.4625431201721,16.35578578588634,15.211805180163047,34.84972268947783,5,73.55217450324007,68.84774024649954,HIGH
14,73.61288213666069,15.740496252578684,27.741899424424062,49.00398618757345,5,79.41973993278802,35.165083878397,HIGH
76,69.50173843940462,43.878676603019535,1.069085586633356,67.10474399071674,0,24.591373009141282,60.70262045219436,MEDIUM
33,70.60128679581766,13.264302339447815,4.542993191892019,83.24819666772662,5,49.67264032557582,17.520233197990294,MEDIUM
86,88.8277552871708,47.54163791101658,25.714703885454743,77.4501378780381,0,43.431878140018334,51.61565943051152,MEDIUM
83,28.769227444374152,8.90575127259371,12.54478045284338,33.67664326134353,3,63.10263841144662,27.297999751440358,HIGH
49,53.58097566471623,32.84704832521648,5.401930036669146,37.00905140982766,1,87.50390730210835,68.45770117700619,HIGH
67,81.70715590344723,19.610502793581077,10.713836150634284,53.286314730253444,0,21.893052840506588,96.47730036590279,LOW
41,47.763462418635136,22.35864561997244,7.4218877395432115,48.237875554142335,1,46.473593232270716,35.29606567888126,HIGH
19,41.282071789556525,19.904465490884633,3.841735968071619,89.3954303379095,3,60.10587916672446,70.28608346217649,HIGH
8,36.18372123027703,25.37437014844498,26.694318395328896,80.45451050110552,0,56.22573105379839,35.70324163774028,HIGH
91,38.58565223969978,19.568919691827347,13.258546387821273,45.88115605311799,0,26.831723366309244,74.17775050401745,MEDIUM
48,67.26395736386786,2.281426753293964,13.429090397762852,29.917904149931008,1,53.60130981072844,79.057440231757,MEDIUM
19,95.30900148408871,30.665198568534624,9.890525295410006,64.44650850131406,0,95.02785632180327,7.006180854359436,MEDIUM
53,18.122743965976063,35.23652603227201,27.366856936969,79.01578455374512,4,6.346478056111615,9.675444843408872,HIGH
31,42.58879764521524,9.921990702009682,4.709787332597905,58.212893050889406,5,22.93344683214089,81.12211250017133,MEDIUM
52,39.83519015614371,10.780754891392274,22.000030483760774,94.6012416573441,0,84.54819621147838,76.73657211909996,HIGH
72,19.226865732185082,19.896870401257072,14.546998376164993,24.125095572159246,2,2.4244362339416403,64.99777282311845,HIGH
93,32.257786490321315,13.622912298856448,3.7092849194249142,80.56482504313519,5,40.07509360551326,82.73810923360246,MEDIUM
39,87.57853252919388,3.8263540990241762,15.135289890046312,73.3140317992474,5,41.53800235700174,6.4004694711561285,MEDIUM
74,64.43846749296569,7.592377847267934,22.07620194290484,81.33580055237674,1,83.14717159099249,86.63379065437631,MEDIUM
46,48.26374371433263,37.17416786530314,9.064619304399876,51.301507489681256,0,26.426995522724372,67.32481732770138,MEDIUM
65,43.89226523199289,21.476728503801816,6.66758871828459,46.56976446874188,2,48.33495191069169,91.22824692557415,HIGH
73,55.5934154392426,19.12041679665913,29.794618672959853,75.48017081192184,2,76.27003829671547,72.88497969723424,HIGH
62,30.16547741002703,48.75952974889125,11.920458548785549,30.89039929388221,2,47.680631699527254,15.350102901963613,HIGH
44,39.91919273837963,40.484039347586716,29.274522829868168,18.58501315474277,1,20.768181878945015,94.49886151799625,HIGH
80,32.497215252742095,7.066528276799272,18.494654112622975,52.61631918777905,5,83.96500093239486,77.25525194466731,HIGH
12,79.0667631060451,12.601192448980575,9.343648718411725,40.40816325760713,1,3.6509709965012793,70.45477206784989,LOW
81,46.58808550557875,0.2785884842816333,20.71192015913669,77.95341372949521,3,54.55887354896625,34.736536712573105,HIGH
88,31.216540403406434,23.068601529623628,14.489890004939832,59.93265202104123,5,99.27553589125672,12.736259345091039,HIGH
18,48.313182316221294,3.8752221970580703,3.8184745066359724,11.226206828567232,4,74.81487625947422,20.788712492212078,HIGH
61,88.277425598148,5.68322950566632,26.565084999244412,54.56660744074723,5,80.31536305292629,51.283370802456226,MEDIUM
100,88.6793543341581,20.907367169635616,0.2777557738313874,20.582495027729458,2,71.99429938343927,88.62148828271702,MEDIUM
39,57.02320925157332,30.755024362186,11.148954383390482,68.51986441712909,1,29.01967802886012,70.07726817893888,MEDIUM
83,95.6795826874877,18.5626654026582,18.135533463486887,52.48990328356039,1,93.62024987502184,93.07256140517147,MEDIUM
97,99.65678845879178,46.39208247338952,4.927146328474235,74.35732867305518,3,0.9821186346471444,44.54877959211505,MEDIUM
24,52.3444092723304,49.66551586127882,0.16807287451040098,73.13181688555105,1,69.40451718408454,56.08449197237484,MEDIUM
47,18.524311076847468,31.24863820846904,17.833633830350564,16.009480145132173,5,55.91560891519723,26.472803486667253,HIGH
85,11.27165402106311,9.632033211954166,8.525627289881056,92.03596478796291,3,58.44683850506179,34.0462804577582,HIGH
84,79.02899553100877,46.715395992528414,16.833368884254316,67.74394191312105,1,7.747612590073882,19.48007128970881,MEDIUM
98,29.47973225413783,8.916263007721902,16.90979296765971,21.403367904719733,4,58.73170617582658,77.77516254320679,HIGH
47,61.809014078066355,42.67001099592819,18.14325621960405,96.99929999304534,5,87.1336583911532,68.5072067855062,HIGH
65,28.837603964872248,0.13353928303901363,6.954931092803305,29.47991116509172,4,14.649165528515972,20.657746793099335,HIGH
5,39.1004088297551,44.79766710469203,1.5656756170783004,56.053473671161335,3,42.540573824079495,49.81046237851298,HIGH
43,55.03375946283838,5.864824816872511,16.804354055206474,43.95785964766715,3,70.6244591433391,38.724205044041376,HIGH
71,38.52747319461178,3.909983069928585,18.16142987657887,29.250942960250455,1,94.54899328482887,84.19246872056269,HIGH
96,22.85955999485291,21.862162113370694,13.249404539933838,72.55897790943723,2,68.53675851243719,58.00098304061146,HIGH
60,68.68829117220821,8.900620425230093,25.98415315874379,86.98350818415604,5,34.59915573037527,45.28740331760865,HIGH
83,60.38146204401951,49.895005643593585,28.182214466702344,44.42116740106439,1,93.31924449475741,99.56664983938545,HIGH
30,49.78725107378679,26.30012973952614,0.16843615163603554,37.935162853901375,0,91.10407558744208,92.00167450388693,HIGH
69,92.94075579322505,30.338720706488125,1.005845736090416,34.74562762491901,3,39.829400214491315,99.59509559774705,MEDIUM
95,32.773415853646725,31.26352058992795,29.1342208323287,84.09931378616679,5,92.75748392254806,99.73699985233615,HIGH
85,50.903264687411806,8.688548383656297,22.498079957426373,68.27936453784088,4,80.74306853405183,8.628391400767237,HIGH
8,65.16284428897397,35.66552257284214,21.16918729309652,25.92169052647195,1,8.282462075034214,84.23612088226749,HIGH
20,15.044319479942471,31.8739077860828,1.8697641747228544,18.772791454271424,4,27.74781658008949,85.99470763241742,HIGH
88,65.2603411404105,0.8337227004263481,25.11820584654605,86.3407023323326,2,89.77364727058183,21.075287022023275,HIGH
80,74.99219823619043,18.312828435130584,0.42513637405898197,69.8045803329764,3,83.7716673819143,68.6159116092393,MEDIUM
13,27.364594223009632,38.064653613241646,4.425418390845595,33.99723326829957,1,44.33988708593579,31.17491824783576,HIGH
30,71.984503533631,20.462575619283395,19.05899131599704,85.79116259073743,0,31.11645227205987,58.25314177807461,LOW
20,40.73072412582266,28.408663286308055,20.888765548041885,60.95703597161588,3,8.816195365981516,92.21105377080562,HIGH
28,75.65953394604912,9.28294446971315,17.734455904355258,96.91890360273169,1,78.87366787376902,25.664955940878635,MEDIUM
52,51.43141886081355,43.85991943041859,28.297119866326177,37.70040888605824,5,64.23173915047751,90.64052385937914,HIGH
29,77.26675896365143,36.90552343902544,9.314611864090404,44.13794110366893,2,17.800403594198364,18.34047700225409,MEDIUM
45,47.258449571851145,41.76376319983798,8.183982718788513,27.930218025595593,2,25.935408992736154,46.761840769140335,HIGH
16,54.08970946046545,28.934808210884476,10.465775900863974,67.76433197463933,3,82.95000764059007,70.26878795783513,HIGH
26,13.305798437221798,41.73620961056015,11.570420747035193,58.41539055991185,1,99.37556363805194,46.21607279745895,HIGH
87,82.98174903826116,39.813570040721075,6.223408730815611,72.96884437772736,4,55.16112061579352,75.5975195799621,MEDIUM
39,18.168175043124858,38.67044978243187,7.746415485051626,52.09193776157597,0,92.19193765170736,54.11783283607331,HIGH
85,26.778295954830078,6.990764091628366,17.604622838569647,43.505447288895006,3,65.83048074572591,90.62111525398291,HIGH
46,73.11594552856063,31.4736039783374,26.079873047997964,10.710847186204374,3,47.549592207903025,36.983824942624,HIGH
17,26.840036676700368,17.900226751817623,4.882369294801627,59.210029592770816,0,43.90087113471428,63.57817097278191,MEDIUM
80,61.83686809617921,21.748423848656884,11.980004416459515,85.0686770075782,2,72.33724547417071,62.08948252423431,MEDIUM
66,71.07002575772836,15.008664891171813,29.12297016285126,88.96894418513234,4,10.785531566281604,45.45995174748362,HIGH
39,95.8583746252501,20.037506369157153,0.8566551277099466,56.098391525258315,2,88.65952461723323,96.69738304819906,MEDIUM
72,27.86159288610852,48.62138761877576,22.55550275881943,21.69017441352142,2,78.85694202774263,10.111009345806295,HIGH
16,37.8346185487338,38.291155599601915,24.04468871938492,51.28421675890272,1,46.058772504957915,67.56781715163325,HIGH
30,89.4659266284567,15.064116681935918,2.411258112920891,31.256522440899886,1,43.65488819045341,73.7927668038725,MEDIUM
24,71.62422187612458,42.28341980859954,11.227734313520365,52.96096804991128,2,9.991347395480188,57.233761737083725,MEDIUM
55,72.89017736259302,45.64165229808761,20.05310551292261,84.8212292918083,5,24.274200769555687,92.1102248065424,HIGH
54,21.565215428561736,38.15221486064136,4.005788058016498,79.59343954503584,2,81.97910761442006,74.38535021919728,HIGH
59,63.72449864034751,26.705758672824796,10.406015549967286,70.28890100597306,4,2.689626978109805,89.13087224818484,MEDIUM
27,79.10595335933702,18.456628308549682,10.195528529909831,84.09143276619344,4,59.917019122603875,42.827172181648535,HIGH
14,68.10195416738549,6.90399501470837,5.639116475935558,29.01091096680173,3,9.28503523736197,41.486320772277324,MEDIUM
28,48.31401879763067,14.24820620979818,11.604465471641628,83.91475128575179,0,26.101949780071333,95.72662171024832,MEDIUM
27,24.71885894119331,34.11698882183006,25.026974850840244,51.84304321229908,0,34.628686820019496,74.60371251876268,HIGH
88,87.62198318841024,40.177512842012796,0.3667346747704825,38.712320041556325,4,50.69704307913055,70.19837169495035,HIGH
6,53.75254458817504,47.99605260424127,12.051101719392177,79.42236941237759,2,42.49812011320072,75.49617592424997,HIGH
19,64.32724425674422,40.1209197596501,13.50809823767727,43.55427839078245,3,71.20234767724834,85.1959985928781,HIGH
51,20.050492515374156,8.941978208994305,12.721953734393036,78.36497041964876,5,8.000911139240275,5.66088923831276,HIGH
95,63.113771626392676,9.880652470475537,24.385053280261182,75.48658898844172,3,43.48880428712337,49.15250153662879,HIGH
10,20.939630106916304,24.48107058564227,11.013123627768495,90.02493414237752,5,36.929641852026286,45.441741027376544,HIGH
91,36.65300085406778,40.95846713465837,16.282454937823605,26.085536229547646,2,41.706023378311826,47.44316414624521,HIGH
43,67.2384429961842,29.78894528436783,10.71733446387298,13.295111565397434,5,39.62145689772569,21.64719654608109,HIGH
73,18.511531735546257,36.33937021517914,18.98760069015256,48.79904918629304,2,34.538628139982194,48.512933332132064,HIGH
84,31.969063376559028,41.278570481978534,25.047537073254507,75.94189996900937,4,56.90682788075474,8.860893154672777,HIGH
46,43.551579590483485,7.337522361186699,29.305299980299964,67.40330348255398,0,38.19129952239414,98.12531626904689,MEDIUM
15,40.39954672358668,31.837053503568097,9.059579243331381,46.066562920916915,1,95.03588806596922,29.40151038431693,HIGH
88,76.8416423310584,3.964164047261071,27.370399035536188,96.86440453289664,1,57.0895122445939,99.51724878552656,MEDIUM
83,56.26356153580684,42.712182474778395,7.3125720830836425,81.90586898024983,2,57.33360161849737,25.444880293818624,HIGH
60,34.730807820098704,34.44316416170782,5.571404161346063,55.1406776192007,0,60.46225681801932,91.42590893223687,MEDIUM
91,35.642125565865236,0.2525524821813341,6.214090217363598,80.38455178804126,5,12.976694311774262,30.370061575859157,MEDIUM
81,81.12323990338136,31.7428333007393,2.9144309210755717,30.234229427773972,5,32.46088342447408,11.05363356382918,HIGH
41,75.53475733163225,30.46580770126543,13.819324580113774,47.8688307637687,4,32.87520150948906,41.958753691481604,HIGH
76,11.131050220620368,17.029798894987554,10.390989442757224,49.9944757197803,3,85.43559889686938,52.402591295618954,HIGH
73,72.79528279081885,33.64929757642047,7.670777902663845,12.90398589866507,4,96.77236086026468,64.98148602412014,HIGH
76,98.64524797407483,4.154599907827078,22.440326881006794,57.663257444107764,2,29.182304256303247,34.95711816767172,MEDIUM
91,52.06420960024603,7.795024895989405,17.548106648043014,66.18386232589464,4,43.1530791635759,99.60345482579854,MEDIUM
7,77.62495672406358,14.194384052023096,22.32156056704153,99.0712215835204,3,92.11762811064177,17.51125198565974,HIGH
82,95.3937183057527,6.1747003707959545,11.872490916767429,29.01746540734009,0,57.07450158100499,21.969131657219396,MEDIUM
25,79.01871755702213,49.21913546862479,29.366895050059966,59.506332030642454,2,75.12809203397676,44.72709957915243,HIGH
81,35.099174743490764,38.524983586063485,18.908269801506126,69.78111199757612,5,96.02394002163602,77.36654751330751,HIGH
45,55.207420276153336,26.625419926707956,6.7529763711370325,46.35693717401466,3,28.62834246913971,92.83228116257722,MEDIUM
25,93.1519501552043,8.881331384202223,8.652234301716991,57.939913531303155,2,76.29349042774847,67.33810820702993,LOW
92,91.65527968741266,19.16767119622149,19.593127239815868,97.68226524922447,3,18.88749572367733,7.758894702741628,MEDIUM
33,22.471483758639884,30.99601473784493,29.967296514028117,63.961135308091514,5,40.87752695790605,7.169193706489565,HIGH
83,32.49466788009776,28.465307364424735,14.157406319162932,18.186979634062553,2,2.2719515435139614,62.12754584054414,HIGH
88,45.04054456714661,25.56677269318635,5.790947344223186,92.18860882911186,3,36.90643215407439,88.09176871728118,MEDIUM
27,52.495200293829136,35.639626130977895,5.9935590601095985,21.938505145671755,0,89.4445657960249,24.6656907340304,HIGH
64,51.32736334245075,34.18355457605756,13.309595880593358,31.7695284017013,1,97.28052874014244,52.52041921713225,HIGH
19,82.33182761341789,41.893772531769876,26.16256376806404,91.79907630632812,1,46.221223266457216,96.4350324990974,HIGH
5,77.37477170608216,34.10117986681773,12.190401226370641,56.77907637952349,3,86.21689705946713,11.684733289398695,HIGH
58,96.18173348458582,44.16785192339739,16.120243397574566,74.42153669814532,4,64.70893397123277,55.74622711466699,HIGH
8,49.46690084988386,41.38769161925902,1.7935880928404013,83.04961544167776,5,76.8761515914697,39.520460426403545,HIGH
96,93.46509110957662,31.46340982974686,13.201374209356723,80.86811766896483,0,14.598373954795585,29.937414467367077,MEDIUM
79,77.82200709913424,5.589186669138896,5.068603984966389,47.16037488794572,2,14.19501000119342,28.09152376337009,MEDIUM
66,28.90764857683847,4.856285203257826,19.261067143168162,16.66625999839441,5,49.15769305266624,28.24920219863321,HIGH
38,40.81986119282459,34.45970581645968,9.91983639911725,50.53385423839502,2,56.82311898119671,61.47067232724831,HIGH
22,23.32215768814188,14.421521509416579,6.63064618710516,43.37660067318789,2,71.3803129577773,34.13295939382337,HIGH
96,24.247220092174356,31.694728994645683,14.258545274975633,49.587611784004295,2,15.444128769437338,81.49387196475892,HIGH
21,23.187352602708692,14.616643957476178,11.526800228053128,67.30860971296298,0,85.09191513930413,60.40688524977024,MEDIUM
23,62.58112967823448,12.971058623552988,21.634181032014983,77.09115146339633,4,40.58446323646182,63.75369917974159,HIGH
26,97.51629815235151,32.19257598961772,17.614062768059327,55.09857608591513,4,37.43625832943523,87.213825382127,MEDIUM
67,68.35388530210315,43.539113001986166,14.461574519139681,53.55985820846278,3,1.4232595777100343,94.96008404457194,HIGH
48,30.234265832884198,10.321462983008466,4.50265562794705,64.77771118299134,5,78.927424639159,66.74968290112547,MEDIUM
50,54.89112206800993,28.47039957072679,19.15909742704824,11.098070782407683,5,84.57459346867834,79.39330663405444,HIGH
72,90.83212055678231,37.06889309083297,10.906809940392693,12.95564775067724,5,9.884002023956374,36.30393269065445,HIGH
13,34.43262047913374,48.08280897690127,25.398168580515208,58.395618189390035,0,97.04372197234467,10.317605975494686,HIGH
77,57.06539163229968,12.234612277176998,23.918095917873632,26.4416191881367,5,85.75226086757112,26.69229340192345,HIGH
96,51.045944586163465,2.0116396171515727,18.27413125315979,59.67780891785688,0,74.31104495377403,74.6670389467163,MEDIUM
13,91.55268707336502,6.6274469802371,9.082825644507654,28.69588412704141,1,58.56773910051621,60.22069156424566,MEDIUM
64,18.84432105961462,44.08203541540078,1.5324839917253685,81.10145141967767,0,19.642582892104265,16.058607227953644,HIGH
15,52.843222452444294,4.993795433032822,17.68127610124512,63.84643930085569,2,56.93292693019097,60.26278682669093,MEDIUM
19,74.79833081205616,22.13209076873804,19.27882057312103,63.00437876968776,5,61.441328194396974,48.34417156325713,HIGH
5,32.65729999475496,20.358443484214746,8.122296070889787,66.80153739368816,2,50.72929820662711,53.849022328531674,MEDIUM
87,36.96735407246642,43.363048334490514,7.470660062389586,34.77595136318973,4,50.3062280333072,64.46256359520675,HIGH
19,97.95060975920482,47.28485091856877,14.627413229610907,38.72867934706097,4,47.05063290580207,20.497432961952242,HIGH
13,78.43940309346722,33.648809531569846,2.837039290062038,87.58269019341357,2,63.788297539173755,56.16605898844435,MEDIUM
28,27.423595414245582,5.435585142244637,6.954084011886218,37.64803048342593,2,32.00158608438113,55.38795437535782,MEDIUM
18,71.62716878209656,46.377574879499775,6.308757790403458,70.46985115046641,2,15.638772541213076,77.80775131764112,MEDIUM
26,86.7121555970228,30.50616147465659,4.713979734260124,96.10362840057884,3,65.34906297566715,79.93112008725383,MEDIUM
97,34.24448676843288,46.64217727737703,14.15945021830424,87.06137832328314,2,37.07911308481285,34.09207684325878,HIGH
98,41.854021434715506,37.26069678192833,13.491236263815361,48.276812141357176,3,76.26952485525878,5.53889011898011,HIGH
56,14.977668279269304,20.439388734702746,19.373781414040344,22.59372567943273,3,76.7048599378819,6.850564239625938,HIGH
95,28.199178567341065,33.10273130114104,7.677879920928974,84.92965618977522,0,32.18457954190548,80.13739713526219,MEDIUM
46,60.226135107856265,36.95084795335387,23.924238506327534,65.58002542901716,3,85.64034422782288,15.1492847283971,HIGH
36,24.437615195613148,36.142457455278446,28.244824719711538,63.36462402558667,0,78.12279437439011,42.055986451663756,HIGH
95,53.833721373127034,14.007130632895676,18.201145288224748,43.75170659526075,0,5.6114566621397906,37.555733369472556,MEDIUM
73,43.25039460831279,46.18030461826746,3.3309237223507893,22.085626045439213,5,7.398876044560598,97.83198202884253,HIGH
98,47.23996418854566,7.588629377614936,4.512587247001003,36.89700664332457,1,56.18363848925021,46.63481379521291,HIGH
46,61.54598511153954,38.13935803647741,7.821573963018005,57.79247316388711,2,68.95701290805027,18.344418915730465,HIGH
13,88.36527921804087,34.96256571687858,22.171747307619725,96.14801248020679,2,90.510349551367,47.35483531647141,HIGH
32,26.572602606669378,23.416319946826352,13.824110708133233,39.97108882597585,5,97.14386664633476,29.60745304270825,HIGH
82,77.28852520839358,1.1569154040030893,3.57571310749059,46.970105532257136,3,80.60648105022126,80.81921498896891,MEDIUM
72,15.425772161546332,49.482153919436655,11.204230788991136,60.914313415800194,0,95.97882591501738,87.94268411276067,HIGH
46,81.11237532267604,24.60047352412582,17.244464084599738,67.09364597529063,5,7.555257205148635,13.753634449479101,MEDIUM
76,80.25293894194174,26.588121860557763,23.957729305364268,86.16694075341324,0,57.39252412505215,49.50244559312604,MEDIUM
88,99.3654753057649,37.59536745886637,23.013458553840177,48.78520558474972,2,46.57151658183976,89.48879959919569,HIGH
99,23.698478404730054,16.52147213854856,5.450214664900272,61.77013919191714,3,52.77139677190252,70.79568583703464,HIGH
60,90.04572825084267,20.073303421861617,8.814413623441892,66.1320772360268,3,1.8871650163366671,26.396843944687458,MEDIUM
59,23.54454281402204,42.77873159307613,17.531294451923287,79.10009547617834,4,45.77533204377643,68.21317765140158,HIGH
78,93.28208924768923,44.66217677306821,21.447133913765054,61.91704700689338,1,77.29920010885878,24.583696270776972,HIGH
28,19.08068435162457,26.671102494717186,28.334841917015233,13.550732956466746,1,54.007625094443256,95.69275652304555,HIGH
46,88.35004462585049,46.42327510941917,19.74501130181713,28.153128454563436,1,42.428363852950646,30.752404310800056,HIGH
32,79.51108032450846,1.364821991813242,26.32912782554618,94.99479710733655,0,83.41572429836816,40.63582448225669,MEDIUM
61,88.07795090194652,42.70940562334387,6.257530461344843,14.429286272921516,3,39.917820095000955,24.535065429236397,HIGH
53,63.11954746622553,6.232465838213192,29.077313432491597,55.60329982784009,4,72.45183402038826,16.561856496884552,HIGH
31,20.83224925892516,24.455421321333198,18.14545229637407,77.47143312977389,2,41.512786739305504,24.981108818869657,HIGH
16,81.98120918588278,17.992923959336782,7.658536100849939,20.079312287574375,3,1.6145460361656427,41.102767633826346,MEDIUM
58,46.02775131569197,42.874653674686705,10.640432989685037,95.11586053593722,0,43.41488849069221,85.54177494302522,HIGH
43,30.64229533056609,35.060696707834104,19.512979308571357,82.9152481635791,3,1.5850029522993636,96.6022742621454,HIGH
98,68.26236546605682,16.1635466088986,4.222074563968511,32.409830957369905,4,0.9273947238536917,54.2690918579477,MEDIUM
22,72.55631895574288,38.11439202688292,1.8354438087801206,82.21422455373633,5,66.09521902582391,40.31188371529972,HIGH
58,84.09256342182637,20.96195748911052,5.2391244328673725,56.6739713167922,1,74.1966670821738,81.98036908003272,MEDIUM
28,42.856120907641696,46.247724484425625,23.59670344644197,12.698211407512314,1,30.60648173366062,64.40468632021913,HIGH
38,65.97222126198221,1.423909061874784,0.7749009873528867,12.564720138861533,3,3.4222772232821774,87.84267856711429,MEDIUM
57,14.184950504844954,18.851838544943288,17.955224302974948,57.268414015148736,1,10.011524718208953,38.12330860818122,HIGH
33,18.291150911073817,49.40957541254376,3.372317694588838,52.81204329281299,3,85.61404265325024,55.989084071215274,HIGH
22,87.12241049330233,40.471256016513415,0.021648849121675973,52.86191226731112,2,12.81986111616824,67.35555586441367,MEDIUM
51,96.12148191947387,33.42159752410475,2.8919487024373938,54.35215381819532,4,19.628709648425115,25.83455729409853,MEDIUM
21,82.49027330283836,7.129776561838325,19.776297900569954,76.88667139806618,5,40.38385322861357,89.25720273275958,MEDIUM
18,32.48009145528157,12.533535132045575,21.900908200301828,37.09973320049284,5,97.3956744835892,68.49385452363299,HIGH
71,56.52139225561201,49.382146404528186,8.00177620944983,90.95789195488123,2,42.20209522155724,67.81417368945475,MEDIUM
79,76.27692940917757,42.5374210008328,22.43807827815738,81.9794247646086,5,4.801843162026143,23.80013449531353,HIGH
28,11.28895575453267,31.731532526803775,25.061372770690667,31.404639591050657,3,32.25323782243766,59.34823960567828,HIGH
66,87.19124049656956,9.387413274017314,26.085775230152045,97.37017960807779,3,45.21041139416305,25.4094381485387,HIGH
84,33.65241750425956,21.99314986088094,22.348812880956796,68.99144544576103,4,92.38856310945029,37.03918616984145,HIGH
28,32.97559813177935,40.349424955238064,14.620654457511256,59.40107078156203,5,9.650341174015908,86.34036650900264,HIGH
71,33.65770113230197,39.0977134426766,12.795435557281827,12.287259078233081,4,12.62281693114602,26.57688031072429,HIGH
63,84.70701590182131,6.01388720812826,21.380860648091158,21.36693282870655,2,30.703040549579875,46.43559021922469,MEDIUM
15,96.96632964929248,48.583988288314536,5.47837132160919,83.80239587062951,4,19.48779831953974,84.8012175385249,MEDIUM
33,79.83202249932835,9.933856030334647,22.33787395520579,57.301721975835164,1,56.28830035025343,55.403346343929286,MEDIUM
11,82.02339901018189,18.132807515359374,6.912706351360994,95.2447149883638,4,16.675346623712862,20.08123073364136,MEDIUM
92,24.907196440858097,31.71563105990768,18.545527881292436,85.89149135171174,5,15.20510803224262,94.5082388500675,HIGH
83,48.161417001832774,10.10980616451106,1.4673654643573053,97.2231740161845,3,29.64964314533203,90.59087887083078,MEDIUM
58,90.43700451321247,23.400207356334207,4.083596331227042,94.4328997060611,0,7.487048395968399,72.29240058211201,LOW
90,38.04448156645843,46.15260762477684,18.393518014397827,96.33481775234142,0,75.51695660529697,18.32881065949945,HIGH
66,84.01971261518274,38.22964652333222,24.209648290974293,95.58195515015124,1,39.123827059800064,20.147086019650395,HIGH
58,45.18996978720632,9.66856488904852,25.029870797039717,16.347847434635867,2,14.044033655999966,43.13685053385633,HIGH
97,76.56894864688572,47.2170552880754,4.555386052838955,49.90432197464078,5,27.54702997251197,36.10959735529913,HIGH
86,20.55628118556607,15.558029534012435,3.078366317970608,66.56911621883648,3,23.218117401317826,46.63583873501502,HIGH
20,58.71335325287324,30.501784926044728,4.610298217178,89.22041921399061,5,34.13771903159877,30.84976483286433,HIGH
10,44.33515396280564,44.5558373836623,3.385127177886292,51.987311604112016,4,16.845600959839157,72.4272637492903,HIGH
67,78.26135796457248,11.231670723423104,3.0915049661486482,99.78447762026144,4,95.97344368625207,87.18308146627389,MEDIUM
35,88.24251589549249,33.245530536223875,25.101273514687797,96.69199771376668,3,5.66525208805494,14.9930592417038,HIGH
40,85.80924999091559,36.62213171864511,27.141940724478093,67.62388814765303,2,41.964535912110264,84.44814349613085,HIGH
50,17.478402414644876,5.056549129298182,24.179744679975975,31.8469797277493,3,22.13881357840034,46.20786814566482,HIGH
39,19.35689084050974,39.04609636450589,21.255872656672143,60.46036842910688,4,37.58223400013732,54.30184463178648,HIGH
90,44.4328502102875,30.08311543904158,17.710291036562392,81.42399711788445,0,57.56255246319887,16.1599695447036,HIGH
35,42.46307449199993,33.63046970565069,27.11368820156286,47.96463939082264,3,71.82890008711053,8.78716765339615,HIGH
87,80.93227162675602,42.6116516667392,17.20034767614557,57.048885176739546,3,81.31606713326319,64.67124317375348,HIGH
60,70.2161529043862,1.2820285618452443,17.00789992080726,12.172998091182963,2,9.880420038310312,92.46362082029634,MEDIUM
8,75.61516308111015,42.4715041707995,7.605426764172819,83.6531589289833,2,35.23784501372245,96.73091641535314,MEDIUM
40,50.14062904219241,2.3899556415201695,13.74613717923412,99.18781211326016,2,76.86111390116886,20.256250499868365,HIGH
76,79.37280139113561,27.36388580809791,9.656434522726705,46.118878556778455,2,78.09682251175451,21.345511415961273,HIGH
68,87.09817236660608,16.688163337038713,18.492081807159206,76.58733935999878,1,31.65341453901165,34.05434075462315,MEDIUM
97,18.13892362677049,20.303263259278364,18.653991780547653,67.5527503844894,3,20.214911747485687,86.31771983357241,HIGH
67,41.55345142133616,40.294874995115805,26.87340692314428,77.92937617249461,1,32.275977742617826,15.590657241866182,HIGH
79,37.94748262908107,25.30596394100349,19.269232204664934,36.65833240828925,4,53.82543591999121,42.80726707543985,HIGH
94,16.83418153133813,4.6681836584740175,21.349967032217094,92.32275731059889,5,40.46370897606671,30.020154333470142,HIGH
96,40.61475551094485,17.689982576950168,3.9909685227107214,44.67161446307854,5,81.45730858777794,89.30785481524681,HIGH
42,65.20780258856422,48.537263677348044,9.715088903778542,30.234237088473467,0,24.590359291424758,19.726122456897237,HIGH
40,12.372327033462842,11.22343012439011,20.852373089625452,29.70776425362867,1,44.03559017769623,82.09490579006797,HIGH
23,11.117651885087653,12.184010060351518,0.6232186088408542,65.09984629969742,3,41.45258408510859,57.36648462597575,MEDIUM
77,27.301519789614684,9.3029021650198,15.557141657373815,45.9655151251924,4,88.86041410441896,98.01745289396389,HIGH
100,33.53430519705365,39.83986637812711,10.91906766670035,82.15527902335047,3,37.02285018899628,90.50502168329844,HIGH
35,38.81392507726863,17.853708593934936,28.742732784122015,22.10435218326471,5,24.689535644320447,56.13616537303518,HIGH
21,18.695926802538274,45.873972693167104,29.56512663680028,73.7518526078492,4,31.3484781271276,81.68908896668185,HIGH
82,30.50419825918646,17.417139454768794,21.064334581412215,97.88437113066429,1,46.52864357019472,59.55461956171895,HIGH
11,51.421498400662344,21.893547660534434,17.731887870174106,15.819198606794771,1,2.2115182578256176,47.60448584783542,HIGH
88,15.179118891252179,17.380155055458264,26.027314448276684,23.309211028664663,5,35.44122730598803,95.6997536368112,HIGH
40,61.27782637388323,47.36755635460054,21.83281504234157,74.22509695437897,3,43.0830029429628,77.61469360113944,HIGH
22,98.75859346734093,10.760206975713677,13.563351700415895,58.455613052461565,5,30.466106780270664,27.09361317855454,MEDIUM
70,95.16410080077335,7.211653428636583,16.188378404120776,71.3189556659648,2,86.27340719608615,97.23440962218844,MEDIUM
11,74.09023424909985,17.91747569570231,3.590501496483588,97.96184641414288,4,6.362873710522033,44.30258694578806,MEDIUM
25,75.93007033702511,12.439976625063249,18.045764067858652,78.29389027553138,1,83.57394127639985,7.801317734224088,MEDIUM
68,75.580040669106,16.589505631143496,2.824842843297227,46.31997571632459,5,94.90298903387267,41.807858358821456,HIGH
57,44.316163828055224,23.720378107767363,25.417966323337406,26.46906382313145,2,35.51569519744139,72.18998037937494,HIGH
37,54.971364126846964,9.228319026718124,12.042832642929394,30.39761842495248,5,63.300732583976085,37.273416205600725,HIGH
17,57.14805463849831,1.0200380829353817,18.18478280176987,98.38091105328168,0,68.2710084119044,14.071580663388557,MEDIUM
5,96.72397806243289,26.456048344291176,0.1398307815625488,44.627816807953636,0,80.00381730880218,58.967472341058006,MEDIUM
52,87.34227617267541,47.785585065332405,5.654462867188844,65.87851572661194,1,53.521399362663814,97.69856540708658,MEDIUM
17,88.4887385479085,45.630731491249485,17.99154915828294,61.65865105333586,3,70.6367566033997,88.56883472456369,HIGH
27,55.65958547142503,40.71807370297441,13.353193409072233,65.98743523277108,4,88.8233542129631,80.3965101343906,HIGH
20,82.6484351164275,15.583267411229201,8.742928305516,41.414861913568416,1,59.010632722443965,20.90160437317123,MEDIUM
17,54.78859444994011,30.175168497582007,29.920257168976576,92.79992260311322,3,92.86064703649878,57.0581412242216,HIGH
54,80.56563847001047,47.20055502518326,20.06115240330886,15.891722444079473,1,36.56935106320781,27.747878814017547,HIGH
67,26.95061669845027,20.214234680529824,10.749642191519778,92.49494514175584,3,81.09073627263409,91.41846599182264,HIGH
95,77.91503753897248,29.556660763465004,25.433224779332534,18.185812679798403,5,32.055306368967166,55.097061384355165,HIGH
78,73.19853170121692,26.08364090106819,22.707704129751278,67.88786558869398,2,32.031642001476634,47.55093416224903,MEDIUM
30,36.36632379131209,31.31696374204725,12.127142571316396,43.936025332026176,3,2.3834150219257166,14.91025768625644,HIGH
76,53.569403997582874,19.440432751885645,14.928438214723919,80.77239676838121,2,77.08427360955804,71.39565710154157,MEDIUM
72,84.81314818372523,9.403945113263967,2.675624930959899,90.28832840079282,5,90.02763448005535,56.56476800493212,MEDIUM
87,38.22882679502021,2.397801553566803,0.8388930664675387,97.00913799751649,3,18.823901080910566,96.59777563875578,MEDIUM
11,84.13715157125505,34.20826862517938,13.014121891231854,55.75373461215644,1,50.874558367448984,69.70767178701159,MEDIUM
10,91.95958911854315,4.932536727649622,28.49892903544874,90.31204692975463,5,32.03105261397621,72.83328450726555,MEDIUM
68,28.606324727856215,32.02105708905199,0.467781285621347,92.98777047048497,1,90.03206989868694,16.051447412443625,HIGH
42,10.42649061527566,12.0193692518749,24.40913243187479,84.81736346906098,1,98.70854943239374,83.52436007332297,HIGH
52,92.58253258020325,20.09793670652687,4.6778697837150265,63.88764725741434,4,66.8532805578301,88.78475504075654,MEDIUM
59,71.23561472705435,35.50862143328166,27.062634369624497,37.876532364181166,5,73.66335683594359,30.898418976920265,HIGH
93,10.920466016455457,41.177746062591616,11.313952865768972,85.83708205146209,1,81.67246414663295,51.380566686953756,HIGH
81,10.938673663052452,34.62615698407161,1.2539804792408094,79.04139474348379,1,66.29630304090631,26.182586190848152,HIGH
86,20.29423378687393,7.946191691688126,23.735701401949704,15.985028345154744,4,32.737856482987645,94.63279683372996,HIGH
37,95.97854838730025,35.75116877653424,20.850576996401966,35.632610606129525,2,28.470482569566435,59.16029170038121,HIGH
18,78.48903582055914,19.745312192617902,26.567989040321088,28.19134969650817,0,55.474998687546176,52.30688541438338,HIGH
21,56.64030022621349,1.7847591895449821,14.364593649508928,20.026596341863694,0,83.30947338645447,22.52544118421347,HIGH
93,82.57682022501552,12.087592272441322,18.45962480550302,49.42977053263164,1,44.20238181725254,78.067023634165,MEDIUM
89,94.0254032263587,38.33950906042293,5.669082723978729,28.93882218928571,2,4.375789738298463,6.350058318048673,HIGH
24,40.72127429659575,47.52071993455371,27.655193248881922,41.51054957198491,1,90.15628147433338,10.360675172318713,HIGH
53,23.77877656529781,14.590279946325197,1.9094814118524484,26.556684571871358,1,33.58886290938572,73.51220288643837,MEDIUM
8,88.42035814857293,3.46914412208732,7.373283639921258,57.57009421216389,4,16.10979970050115,56.976718951737666,LOW
45,15.104181468657565,34.23814142686551,12.29772504822477,58.08463895001682,4,72.04824624204281,73.78753944200317,HIGH
46,43.333493198891745,7.174323835044954,3.113777939449982,31.029576812171523,3,0.3420953174767316,10.549666526184048,HIGH
54,79.18258898724564,5.982104635612295,6.735542214403207,66.54579336321032,4,54.55825334334672,6.880369086876128,MEDIUM
65,94.34898429687522,32.239507655074725,8.474053521218147,65.44441822773994,3,91.02410804336473,27.578559591425286,HIGH
67,65.1347651519165,17.25731267784949,29.639324390150062,50.94858529509318,1,45.422319722514345,88.54720956990747,HIGH
33,22.99666610224333,31.854660708821765,5.2305947906612635,97.0633005720426,2,88.19374901079881,39.9674190975765,HIGH
7,48.85629283257233,14.992883110040339,1.2766466572728885,46.93343053729626,4,85.16836481316805,98.81148996362046,HIGH
21,85.61218132365488,17.647068652548235,28.256432802779756,47.90265895073086,3,46.05815390754437,47.9696219203608,HIGH
54,51.71654390335399,16.890066611025844,19.961202755320755,21.980321072769858,4,20.591508035367067,25.611134489596164,HIGH
29,61.15479340787361,47.40025023877849,21.87920398846104,80.57132017388092,2,90.03543292237515,57.07952403971311,HIGH
57,43.7334974703193,15.344949146178987,11.78488682389218,52.32092052533117,4,65.22374410355076,33.530426069678555,HIGH
84,47.09060620203401,9.970487362585267,10.130494583776533,90.09321886379078,5,38.429050100685636,54.16258153333859,MEDIUM
28,94.88793522021346,1.1917697988337306,6.193598446094394,61.06536150000556,1,27.33199818702977,75.86731146767636,LOW
77,79.23160272856809,32.06190705369282,17.252074282286816,82.07531227024553,1,41.12897315359911,49.515077533881026,HIGH
99,21.749957566230172,46.56262341390735,9.486438097884811,93.97181956995529,4,53.05881107994737,64.66813387879785,HIGH
9,70.85704675865034,39.3481128161248,2.572501753598316,10.780181458707604,0,33.15086353764006,13.544962404392049,MEDIUM
50,28.270636326987947,7.530146821572103,6.390355670652203,85.66106621877907,2,62.32316859755337,34.97250311395234,MEDIUM
62,52.75785990413926,35.180160841054466,8.692231469580637,19.13495400704617,4,15.981240496648141,88.65332640291456,HIGH
25,47.366728266027884,26.61525901788156,18.548666777390217,24.245237935705227,4,62.868249021148436,71.48694834421416,HIGH
40,72.09673409402015,45.182580593746074,29.28374181241403,69.74821809743466,1,90.91848242648236,14.221548712171494,HIGH
10,22.20388665214823,19.047457155888186,11.381092625159035,25.341216169613812,0,58.617537236304194,98.83843993921138,HIGH
51,93.78479629519795,29.24456021633381,5.45500996276738,90.45892388960048,3,94.66040780526528,58.84438557672305,MEDIUM
48,98.9033768896084,44.32453526927835,2.066699753083766,22.144906045219294,2,67.73731588841657,92.09258067757763,MEDIUM
19,99.36071220154015,39.548376932894584,20.067115991666572,96.54175994604861,2,29.234946304118758,80.31427733698762,MEDIUM
15,41.924066500761576,49.178545847280944,14.84249689041574,65.96759751583853,4,41.773866110817934,21.060715054687243,HIGH
37,27.282083229780575,14.01229202078148,15.612948217454521,92.4332550325244,3,31.856755097073798,20.85378233299442,HIGH
88,31.49235355143502,15.331805967954315,13.467932044600081,48.96547049564573,0,27.28365492075504,99.53418617827953,MEDIUM
89,51.22787713517954,4.0122093010391495,16.538223407724605,21.758487064269197,4,1.0677879561791226,59.49699727315571,MEDIUM
43,44.26040036952358,45.226741012230875,11.40050799885328,13.23848420810658,5,27.028368932646572,40.63848604921487,HIGH
51,82.28314277628496,42.68133304776738,23.523610627170104,46.64755332213079,2,13.234013276477341,37.892714055747724,HIGH
38,59.71443844855807,24.441520974651397,8.00017589702594,92.20216155416279,5,8.47953021934268,68.29114643311098,MEDIUM
45,87.53312234424959,44.790957165332614,0.6902237558562474,21.567324642541987,0,24.29610272825854,21.825185682415125,MEDIUM
13,23.860551502345444,40.07285283392121,23.366300334197373,87.73213592758059,0,72.31071145344318,74.96783488738308,HIGH
48,88.31436359734855,30.873033430569908,4.687313716729338,66.35137406668059,3,63.10029169425475,36.43556058170277,HIGH
90,19.524946400008098,6.098919755282406,21.124428914200127,27.956917901487607,5,92.65619298901827,22.629606751440974,HIGH
96,95.6252729016746,0.1920567575728005,23.747781891882642,30.976817227301847,0,71.69791763977106,41.755590144086405,HIGH
85,57.640013302396774,23.802205479722815,5.918992618077461,98.9136620951968,4,70.62739818250006,49.574993270382514,HIGH
98,70.85434007095608,43.25041132453789,1.8379903083703653,26.64350625636127,0,7.955829930194391,97.54808380293434,MEDIUM
38,22.95034944292827,27.09992176869291,29.18171149254119,72.99703181654905,5,76.16665219946186,22.878858989250396,HIGH
46,78.065761694895,11.38577728063746,11.840039186618531,85.24363639434976,2,60.1553964706376,53.13217309010418,MEDIUM
41,29.643240484499163,12.547489935334239,10.342771351809013,31.669362468641815,0,65.48421672773068,96.97320904534642,HIGH
37,35.33042235588087,8.063208335881434,1.8485871842763513,54.453074343354196,5,6.040397748235893,76.78676178814347,MEDIUM
60,17.195645054155225,38.22169039347756,21.483291338219942,11.079904943295483,5,67.45011217015362,35.247814550050855,HIGH
51,72.82683798147195,30.275342866106158,28.7788830099729,61.22810157849906,5,83.97251763870118,47.824760332857736,HIGH
100,82.9868833217054,18.522169627135593,9.007415271568107,54.017871157919764,4,99.90974273157816,23.077079852451416,HIGH
80,25.34976455452258,34.54323088858089,12.291971921535911,89.19771866163327,2,92.34460204560432,85.41575256582533,HIGH
56,51.72614722089029,44.95447854116282,13.565292243514547,22.787460136468166,3,41.95971634211697,7.325582936177897,HIGH
22,80.94387746233579,19.07286755359252,26.107515163464775,23.444553508964496,2,1.39501648722683,80.18063513676417,MEDIUM
89,91.4826078381404,7.551932555786206,28.38128801820642,29.529440839112986,0,39.12916442177312,19.240483609844425,MEDIUM
48,27.79808358811781,24.866121780958732,4.74949016500759,84.68003478622151,4,27.76695953886158,23.0448756085396,HIGH
82,75.13562839420378,21.64281213101281,28.419926729410236,24.38385847107166,5,5.976041669673771,96.33674457722226,HIGH
13,95.76552844863701,35.30120532091716,18.23452955990773,22.73300156864313,4,94.33379880654185,81.34409439234707,HIGH
58,54.145618536823115,47.842835749688625,18.945258146212037,40.47224578813696,2,68.4057568151356,45.7547560192983,HIGH
20,63.92042377329265,26.481836021653233,10.232917232384551,43.60192248702932,5,86.4097536564868,40.10891630281604,HIGH
65,15.681249287678897,22.353910420093133,12.5100173606224,28.85103899994423,2,68.82817762601252,91.46388175210363,HIGH
45,67.04842852366276,45.09199893941278,14.285630461604775,35.24782091341628,2,57.721979762478185,36.45076842115303,HIGH
29,91.16702311815288,48.273695007649344,23.447853691730288,61.50474643261888,1,70.810488308098,62.89177605894728,HIGH
36,53.972912808484,23.487627092956398,0.5819187268897974,55.986441964399326,0,38.414334319675206,19.09376859100658,MEDIUM
46,17.31769016110301,24.54702387105273,18.07799329618302,90.18195156189043,5,26.60073195913839,47.70106786496761,HIGH
29,81.21534212898545,13.81051827665702,4.292500770937454,86.29955045877647,0,47.3746934880209,26.21666528390074,MEDIUM
5,39.44929400127522,41.24183901423682,14.47659363490594,23.150817681339266,2,95.66676267984187,51.04628286214198,HIGH
45,64.42939221478413,26.815508380553993,24.724093260778915,68.12574198050464,4,60.5081410112697,33.08385964240798,HIGH
12,76.19453929088601,9.747154088132898,23.965454959302228,35.421063246878845,3,42.29913257110572,82.76572079216388,HIGH
6,36.83593119300089,10.212001258157045,8.883101200748316,12.593911131077606,5,76.23736293719949,12.477418854981709,HIGH
64,79.82172140391614,49.648987556850436,13.400552859728753,44.38175111989522,1,59.38450652669316,77.05384887634415,HIGH
18,94.32126816078785,22.79716181604171,5.933420666969581,64.58882243037235,2,16.290109296500933,17.210889873402955,MEDIUM
7,21.152344828233964,43.38688490038292,16.577253671832718,43.19397950736996,2,83.18043404854927,40.62775941388366,HIGH
8,66.6001304915798,32.316415877597116,11.866130943148976,39.394941890071216,0,64.36209774234065,35.78134532074334,HIGH
77,13.544332604805863,25.58541858787059,21.683300148830615,74.22977106174832,3,6.387790238074009,11.44999208518554,HIGH
24,19.202789567785356,8.169086627707923,21.415613793212234,18.267346530551915,2,97.23194342634159,37.125014682934264,HIGH
57,40.921578910772226,3.478826393356804,12.016796293507078,15.593540722289234,3,64.18187081048539,42.61906598497724,HIGH
24,59.32877677720886,4.4736861491069755,6.217637087814095,24.31544110456424,2,22.73961546962363,10.368846962243794,MEDIUM
92,60.19161203637918,2.6241550754392717,25.286795429279156,30.296788238602808,0,4.217587574572034,77.06013554411557,MEDIUM
24,95.89789180713505,6.883655674973083,9.583770481411422,44.877273947273764,5,67.02630027816353,6.8292944764603565,MEDIUM
42,54.3004537531449,33.48210368854633,20.91374235189081,59.50279732135339,0,20.012440226725236,8.420530854459681,HIGH
34,62.44652669304501,0.3576186855813568,21.054726335546544,62.34248943141271,2,50.91486342145425,83.7584842785971,MEDIUM
55,29.150049788527387,26.81149915134532,27.456019884574363,76.98285040297557,2,26.564672258692024,40.558555152517286,HIGH
54,24.38769895683237,10.079295841668346,18.228555378976065,40.10371668353318,2,89.7928128096028,42.30008185893988,HIGH
88,35.684355725709196,1.4408739080814414,18.101035721838795,68.62677559603878,4,77.00166657991024,24.436055813424613,HIGH
19,13.74940793864939,40.23179080587983,22.284402236286596,88.68108882384365,1,75.97592813537044,74.89174012833043,HIGH
43,84.963672847133,33.71031664846183,26.599564610404855,83.60742634015794,2,46.377977024292605,66.54385841996353,HIGH
34,61.016193405677264,44.21902144087931,7.569977317036551,55.99894450711553,2,1.2360336008843342,83.81078330566972,MEDIUM
47,28.571742959047434,47.33975370226133,11.65715166627674,39.46229138381473,3,60.181297923519196,20.69944249449521,HIGH
67,53.21580164488172,29.837018730246452,23.850095269109577,70.03218820066982,1,7.76741252569132,15.18985103085021,HIGH
5,86.74132587617632,30.963837001483153,25.714979323270597,95.21084021539106,0,30.34465495128975,41.2349869998625,MEDIUM
77,96.50875571633762,4.861633499539581,11.041492942417108,68.11949042358017,3,74.18464860055197,40.41799181870708,MEDIUM
40,47.57383271177364,1.1197266345731594,23.113310568405556,90.86695299153689,2,14.183808313850799,48.408126669838616,HIGH
31,20.829251876075357,31.835489252306715,28.57274979691847,81.34862730453226,3,17.458128939825322,15.695742876671623,HIGH
97,31.13225408622631,43.4895894998461,17.393310225364246,60.17003316120885,2,2.2558947674011565,58.50691196004952,HIGH
13,75.82906203167242,7.664742773575922,1.9547329986554973,71.0217339096088,0,3.716116769182254,46.0863147593503,LOW
64,47.11818274670884,48.645355929907055,17.302820585088757,13.963033997229505,0,95.94288823718804,88.25570349900556,HIGH
95,35.34117463751417,23.958559037260198,24.05823050453166,12.197158786742609,2,96.31896083950367,22.86663239678559,HIGH
93,50.319021440534684,0.09742937827015297,19.505466530648565,88.61687966204492,3,55.89443963180961,71.77995880253705,MEDIUM
34,74.40123912961103,37.126298266386435,8.595513261266378,17.957439972642188,2,45.62574835174843,49.885142346740665,HIGH
25,43.59407156165033,45.09104466858218,21.785958085438025,58.66903136009434,2,73.51949560591144,37.9448358987656,HIGH
27,62.21906122684573,18.605495790945053,29.505383747988294,79.05819599569185,1,81.42274817277337,76.40762671452583,HIGH
68,70.81396273377666,20.391288906458332,28.841592467958776,17.780100361955686,2,88.47723464492074,36.616387202205594,HIGH
50,68.09177266053828,22.538437230029444,16.176353811129918,71.23039018202462,0,34.34537612375086,92.23837488645759,MEDIUM
85,23.054544358635905,17.08249395348543,18.980923406484667,77.03145037851122,4,13.952130062305901,82.54453093011969,HIGH
31,84.22169538132349,19.817508787566197,24.70330113596679,89.2650713776737,4,54.399673672004354,54.35904040830175,HIGH
78,10.363644681308747,46.72526327909848,19.939108180021464,24.82317094932506,1,68.40106897782755,79.83380319040621,HIGH
67,20.52292108009648,36.59273491668283,23.90738957524049,59.36056371274237,3,52.312102658221036,82.83928548780064,HIGH
33,61.93174899818071,37.49131575524749,20.63402826001469,98.91555212123987,1,64.04693472676148,48.09713847779938,HIGH
93,90.57109168021904,9.416556625143397,0.01788360473145456,81.42345955398113,4,79.9935207574076,52.04427692080867,MEDIUM
14,72.5443653427806,15.32779643007865,22.67401711779532,37.257184567085474,1,54.19668826330349,14.175786416212492,HIGH
29,12.115505199579886,1.5548722057730224,3.632266046200856,26.714270520874067,5,7.133615066872423,29.07622063902719,HIGH
20,47.97257747529979,17.875714474016817,12.090024279930095,72.8036663217878,2,34.3169587759281,40.61701398195772,HIGH
43,48.567149234810465,29.484539821578444,14.353184543971626,65.33228593617869,0,67.91174224863458,97.81627884502868,MEDIUM
68,38.76686626400594,1.552016010799323,21.018945084571275,87.50573852512878,3,75.29179568515517,78.12980245285219,HIGH
59,71.97320277125556,31.011586219309173,10.531647641015565,97.42261150208364,3,99.46383165369042,41.09689301754384,HIGH
67,78.31445270425668,4.341431138989249,7.564691426694755,18.28439554174856,1,72.42786350148175,72.9828065259262,MEDIUM
17,50.921757773955164,37.452611080327145,7.241359189959331,98.5600222068664,0,32.287250690023285,57.49944779150603,MEDIUM
95,86.9177974060767,10.827767705066965,12.318212783698833,10.926455568851084,1,59.3429065217947,69.14805560692635,MEDIUM
8,94.19843655501684,22.2214985896273,15.062178339339779,51.68619800155388,5,56.504995665086874,81.12422937805313,MEDIUM
73,68.83320849530236,2.4357439030722903,17.56983185954434,72.83949052174589,3,17.39186786283682,47.913963555336,MEDIUM
25,13.583484412176894,30.05601738818571,12.801948065237974,71.81266221353155,0,19.912308068682393,51.19350793703685,HIGH
5,44.85733106595732,37.226538660676276,19.616146066503962,25.89684448779851,3,4.387467579749693,22.35439096558952,HIGH
48,87.9009029378964,29.1784908047089,14.800531319245513,74.2445153744517,5,94.80411403749525,16.028506157145525,HIGH
26,22.52847769766979,37.01781965002303,28.400172875495098,60.64936788477777,3,49.61456609269651,80.46204847393567,HIGH
60,11.848384467935505,26.25876102510447,20.814362697665757,67.134879893911,0,41.86245908860713,8.18600178879283,HIGH
60,60.15534030783398,21.112761671445725,1.9552602068877845,33.64980190247515,5,35.76425870852583,43.12606243920168,HIGH
36,91.59546161821558,43.77664891538295,3.630326321149455,24.579578994020643,4,18.67907171297144,23.669119383243476,HIGH
89,99.68683972308561,18.66584329209047,7.890200498226225,16.013699675931655,5,18.551018522769592,44.2592978552411,MEDIUM
76,13.578018701839046,10.12236332423509,9.010293140980933,77.19779329845794,3,1.1193620948929728,10.699428681050401,HIGH
6,20.14773247547955,33.29555960963946,17.567185505595646,10.797174180306284,1,31.952919751950837,28.149233995047503,HIGH
66,82.11027621642123,9.433350586904716,14.242786573978238,53.086091796092866,0,17.24179714013452,57.53809172788763,LOW
85,58.72625475587213,40.193497788503215,4.383371844980644,21.426002436921788,4,14.540261671830311,77.24921212687664,HIGH
66,56.204612918853925,49.368085739236356,16.98472227857993,32.23610391039166,3,83.97709475876651,39.36363878900417,HIGH
33,84.51780761496842,20.31957323091962,22.571128479809545,13.861801537574717,2,78.06319996314409,7.628197471034083,HIGH
90,75.38457254894226,18.684111681124648,13.494850160130078,85.27351973968884,1,74.86085065268568,17.096003298012544,HIGH
83,95.4449115778661,25.477364245334318,12.195954914251182,88.46840745202239,5,15.728512586161935,61.90299085914758,MEDIUM
41,54.742013585410454,3.752770436086328,17.99465351497695,47.55847935356242,4,8.484266478176682,89.70679431274206,MEDIUM
23,79.56262653861947,1.9974274074737453,8.32168297319129,35.27501308773188,5,80.6811384757451,92.12552277327217,MEDIUM
43,85.26920250189443,30.264793458241137,27.579803759189364,86.9841012758362,3,51.14399603589438,41.678916044195596,HIGH
93,63.06049922535166,28.009384096955504,20.465513752074123,63.940769355675535,4,13.726733974611827,37.02214936646692,HIGH
93,54.070798291045406,17.120501224971974,15.509927410565314,66.82292860496113,2,62.91213726119073,93.74528244710612,MEDIUM
41,63.499043630187295,11.39211144784526,27.80459513645116,39.17479173578013,1,56.60149245803547,38.10875547954711,HIGH
44,27.26618866858012,16.74992424162915,20.283003466920384,35.066992221414395,4,42.38481124467002,67.61555722276503,HIGH
83,90.14953561738434,6.963883639218066,23.097270881011823,36.551376932091586,5,68.5979659568421,72.69899853738927,HIGH
75,38.90282398761662,39.90153203259797,17.452470776463898,25.60740486196405,5,72.27425417016869,32.68880591293096,HIGH
36,28.51604427271941,39.49725129956165,24.91167791278036,26.477005033601767,5,80.95774911117232,40.624869229906885,HIGH
55,53.590898622078676,13.537024681450394,17.04568157920522,58.36677536909244,1,25.472571407246402,11.844773322275952,MEDIUM
20,96.98623332299725,40.65572639952727,29.516026987079,10.29403653732818,1,81.19911844590455,29.20703186200218,HIGH
68,50.92845092808895,49.54268766591108,17.507508208116494,34.93824970722687,4,42.04931944548339,30.241614467235934,HIGH
59,66.53014531994387,24.477979762580905,3.2423752866018143,49.34550065412836,2,11.944477364217754,22.20494916049448,MEDIUM
51,78.41119790164366,49.70949890259733,1.2310384617391312,16.3251982253942,0,54.84906996430653,30.499357522317023,HIGH
17,93.31730288916886,34.336213552677584,6.14678219853432,90.21803848018293,4,5.987988419723578,15.586043872479785,MEDIUM
84,74.76147618104251,14.209405120388658,7.22040814842768,29.83938452339225,4,57.06171002367627,30.339898788525872,MEDIUM
75,41.81962948791026,11.818116587289756,0.6886219725855225,62.5708006956026,1,17.184233520709203,96.80797273953512,MEDIUM
54,28.282708814397562,30.814831710398405,28.63419953593517,18.20599758186656,5,61.41322700580395,97.53817104268275,HIGH
67,21.21069497325665,12.309647666432804,12.19206606320444,31.782205636468486,4,16.564255872283262,21.48659543823023,HIGH
33,35.152361464983386,0.15841805889112437,20.13484782915433,49.167395399267825,4,84.9589544435615,47.385694535611876,HIGH
34,19.032995225901885,4.099856841763333,21.37275035175675,49.827480044474434,5,88.81184114849233,85.80570625834187,HIGH
53,12.072393065048864,38.25279186357681,6.153862971471168,70.59800464091289,3,78.95877575512729,54.77386111406557,HIGH
46,11.864422596342061,25.37796669290879,11.637020149428906,49.797052700741986,1,37.29610528388301,71.82835681251369,HIGH
81,85.32457748728689,34.16392221214781,5.0514495644129696,46.36056802154915,1,31.42117809747568,43.48471705647906,MEDIUM
36,74.34404064834932,44.92263020235877,11.383321791984654,88.99575101043412,0,68.64921743815059,58.51436568935904,MEDIUM
87,72.78228205310215,22.612290350001178,24.003019188764537,44.998289059468256,2,35.95205722821573,6.946941589124199,HIGH
60,75.17606400012582,45.45940176551708,2.6838271552389137,32.943315739487886,1,26.912164216186664,91.60187128725954,MEDIUM
38,53.067767577088155,8.427082828855797,25.60940837535886,68.05080530453682,4,53.093656011031676,23.592661845391557,HIGH
9,98.12453466899669,18.228591996423347,22.82130723340366,18.097525117094875,1,9.237678062505983,71.0547154956928,MEDIUM
11,32.535200693704056,26.262693454328957,7.6543598889784885,23.412640514848775,1,85.85002529315186,31.45877873708179,HIGH
28,30.617980039505614,15.579917343940137,15.615239083792023,30.863407168261034,0,62.09446493696162,59.397859701432886,HIGH
99,25.834953531189772,27.396927576604618,28.260483165814875,90.54298039610207,1,1.718181228435578,96.32750282855015,HIGH
82,74.12761574189568,3.3691051501170968,3.045309097106185,83.55607845248969,1,53.3953324885199,79.01063508496453,LOW
75,78.47742537560875,36.16042479087561,4.581558227611481,93.8935094089255,1,78.69083584006614,35.92039668011439,MEDIUM
26,78.97146675370908,25.662295450756613,0.6215387957348861,55.40587716203508,0,39.380567621401774,20.86511995339933,MEDIUM
65,24.03184694192067,6.614549175622147,25.850648718096856,85.08519279246909,4,78.3157455021717,48.928495335205994,HIGH
63,25.763050495973424,5.493809176023934,7.446443921794047,67.61225077912933,0,6.707403051001048,40.8553843044557,MEDIUM
5,35.8482246210392,26.44465260164367,14.698695542855278,77.88326848709227,4,54.14689535367111,43.3703538733371,HIGH
72,51.995819260101314,32.36766269180377,15.589684401587132,80.77462490272927,4,71.83558556260743,76.18761363248429,HIGH
37,57.11233745752505,20.383914622253002,15.094576446248627,54.97540288687934,0,20.689301247460445,61.98083065076087,MEDIUM
52,85.77514139458384,5.776809753625001,27.124956118854804,44.4315053063257,2,37.36234160056401,34.881792152569076,MEDIUM
30,77.52802373054428,10.778521536118363,23.252161734950615,77.53127532635118,3,86.51971786501251,80.09980870099245,MEDIUM
100,22.586060378077757,39.688026272495144,11.89082315068508,22.808379541889003,1,90.3663675777808,29.027395555702626,HIGH
56,51.97141434371564,23.260235179799466,26.47150312468985,51.69693746967069,3,95.96183601867128,28.309770636513203,HIGH
23,90.73349801899535,46.13733630675257,8.862542593636135,14.780740749463138,3,90.93920319270852,89.26942018476159,HIGH
60,17.03111293793679,14.697551859458674,24.6328265620533,59.64460531577265,0,93.39771790903617,87.51975853354918,HIGH
66,16.098009137238698,16.572618556573726,9.310253245082189,55.60458008151565,0,99.20995615519786,18.864207645595684,HIGH
96,60.54310965735297,2.9943481179637854,15.285201121574744,66.76070568634714,2,2.4139847221662514,43.32414512883043,MEDIUM
83,51.426187390262754,31.08863358443404,8.547815092198745,14.582471490727032,4,58.56211641676558,88.93563823139515,HIGH
67,49.006735896524546,25.698582096455958,19.989600504780086,59.319077175705125,5,56.63505755808036,11.392472199136236,HIGH
24,93.96528239715224,18.89624943217339,19.818487848551086,49.58753135674063,5,63.520468970467036,18.67539028458347,HIGH
30,18.38706415533045,19.19447678169601,11.831982184999632,13.770248472401551,2,1.2114733111557752,17.62949212250767,HIGH
58,61.236539091391734,20.879452600878352,24.777663696520015,23.648180800840514,4,56.818682890495566,99.09049791862644,HIGH
31,10.051028349938871,3.3114132148740536,25.765219562678258,33.895691971863904,3,78.70121528661926,25.813972871669584,HIGH
26,93.23396057289139,24.674111647247155,2.399085909742965,51.364565290898675,2,61.679835414828275,98.04852269851457,MEDIUM
65,96.01015840535713,12.904168135316462,16.757057580633166,90.02532728850343,5,33.05998640621045,68.1694424600947,MEDIUM
72,24.003849253786104,34.09786441749284,21.496923027138315,56.804345260814785,2,80.61889603275829,78.93813066315697,HIGH
36,30.35790058481594,1.1112598455970568,14.501878978056132,39.533826221485455,4,30.056894942279435,97.41230874364297,HIGH
56,14.615791333385108,29.58464223904255,24.05021396200193,33.18780496407085,1,55.501408296544255,85.22637847386495,HIGH
33,89.26715400856666,12.436900833378573,27.155239765329267,93.34464690740221,5,54.22092713851009,39.48432627470252,HIGH
100,45.986563620986324,28.328643490080957,8.972535896553664,31.824477051348182,4,48.11736713982494,93.19893570969866,HIGH
13,79.74694369924164,46.306225243697504,1.7070911308281322,46.53322356459107,3,15.404594253169668,49.95154327112487,HIGH
8,40.04072684335307,18.519004850918947,9.240222402442019,53.78679654836301,3,92.78355163207223,42.65274398699557,HIGH
32,46.47859274379541,42.472503049340595,8.594027737506302,64.95154516702634,1,33.61112859784961,61.8083055025233,MEDIUM
80,43.916288143306026,4.143918715663192,2.462845910111869,81.65748682892857,0,15.004624828972258,45.71154867709878,MEDIUM
16,94.09368252236708,39.679469096697304,20.921505163901244,23.669890979419304,0,0.20872613132606466,21.86944166649162,HIGH
22,36.22807270685654,42.17898933841548,20.362191726042706,92.62752126461389,5,35.725050170763005,59.33973929520262,HIGH
10,24.869940730625206,15.488369513355844,2.9991392878313885,99.668398219777,0,98.81846684181221,63.36451753989044,MEDIUM
29,81.05884153615008,44.85280677335864,24.72572766098703,54.132408050287225,2,59.337015667131865,63.466333072638015,HIGH
72,16.45149778472035,30.636848242746613,4.158480107398892,51.61029103811901,2,15.739404144483816,78.7271408848059,MEDIUM
70,18.6508170863792,30.324179389995297,20.6709608324685,12.88303632591227,2,66.50085759372004,71.01633328871972,HIGH
62,42.287673023741036,25.4437939473982,8.80959808531912,73.50916857508884,3,41.79695979279716,93.39722419036092,HIGH
44,69.96298282887687,10.527364254251598,13.838602859240973,73.29111526883928,0,7.945312603375376,60.82989408178966,LOW
20,23.29119734235632,49.91128610406823,3.783292282222245,75.04927573062325,2,77.03667084330932,70.33395167734687,HIGH
79,31.53286497799786,24.079838184764547,12.29641693590995,93.68859431138628,5,94.25787305209091,57.45142246999698,HIGH
80,37.22914013541681,35.455538410608426,26.867689149058226,69.05634971741775,2,15.653095685537366,23.191417364650484,HIGH
13,14.402096441568103,42.05606760571434,24.108821433525222,45.06031622581648,3,46.35039467985141,96.82249022842582,HIGH
95,87.63169608356179,22.480612297692616,24.47343580281172,77.07531308384792,5,42.23483998954654,34.90489595395465,HIGH
77,88.13204767545291,9.198094162135828,26.075224753440917,24.7761211237763,2,41.58010340721632,51.25494940708943,MEDIUM
47,23.33509969549098,44.21095629794187,7.2007013513411,64.35296509103617,2,90.7306896166916,73.47451703361219,HIGH
58,13.460417608748337,0.4612571118540909,10.821825946427555,40.86666943146866,4,37.30238924710439,5.260044149583115,HIGH
66,79.44112259290489,48.4637042511541,6.051396849243736,23.302525802899986,5,65.86656410826302,74.97181907806532,HIGH
69,34.610143138305986,19.53450958787887,15.862054823405533,63.1439017886053,4,19.66610136250977,78.12262449586845,HIGH
98,82.02515016159616,22.74762502466981,21.573216227659987,59.24108629016127,4,99.67901166958629,48.361454786574825,HIGH
41,39.93448660978928,20.36681495209048,18.811281986181232,81.26544531920449,3,82.9552768753725,44.63828633174001,HIGH
64,92.26946852798092,30.43802290107967,6.928357092236617,38.36615931341197,4,22.289954460614425,30.14654791747657,HIGH
88,86.69482509407358,40.83681338633333,20.052966826643146,62.16073515171388,3,26.536591354224836,55.420567741811126,HIGH
10,29.962084410196333,41.075356472004174,7.169399052183371,10.202537243820485,0,95.86374467321164,81.22716185682984,HIGH
40,58.173187250630704,44.974694604629995,28.197507131864516,11.47090632585931,5,79.46297210960034,65.80186709656874,HIGH
44,79.2010774763081,33.165709693430244,14.899068025246647,62.21586189573489,4,66.1288585903937,32.317928143360504,HIGH
19,86.9710491682217,46.28145768839012,11.670795580913433,75.31491048315812,1,54.506325465517136,24.02442240230797,HIGH
92,48.65504352130681,16.43874147789291,7.367889347652766,53.18780639664963,0,12.987747737081323,76.19397349243295,MEDIUM
38,25.212036886596266,14.615831401873702,7.71277459313921,24.567532401799475,3,20.409332759053843,20.571193466602367,HIGH
17,78.85834301901409,14.438925426264259,29.93655246697058,72.24017440811738,5,6.858976987172483,98.36729250683649,MEDIUM
20,86.77272576346436,0.16641093551573172,7.186542540635675,80.07983833052627,2,96.51436744553631,15.770222154747895,MEDIUM
62,40.377685509096935,25.023153709620154,25.055739010767084,58.11326981989108,4,12.20975107047101,68.45984591815449,HIGH
40,80.69473026315963,17.812953065708285,2.760903094688094,25.87586868486747,1,54.53044544528478,28.776211953945072,HIGH
7,91.98279404825857,31.01709850295459,29.0826634600706,78.9835533334179,0,16.229213137785294,37.49961283230992,MEDIUM
71,83.36961524231495,26.740461287710975,14.36071067849849,93.22425036250273,5,35.13825836016916,37.31717371257462,MEDIUM
54,81.33987842580726,21.62007767840079,24.218251149152163,79.82759537594652,3,21.23599809968696,23.063650235549602,HIGH
86,53.50808143326419,29.31772386570809,20.920640692167108,97.85235389599205,5,22.675119962179036,67.41744308703124,HIGH
68,60.17119891476266,22.892659301785972,9.666420141427377,43.198372333647136,0,3.637948224626042,22.867650057029458,MEDIUM
78,41.987931516326356,49.383119741298344,28.017601528585864,68.38451423112531,3,74.97326719576054,5.70659124933521,HIGH
45,87.58061618889357,4.261263137340398,25.29067153393716,63.518364256965185,4,76.61251508928379,61.32412275596096,MEDIUM
65,54.491086749901285,49.80678392633966,21.777110419031377,40.66329986436496,4,81.08293044006831,79.68389112015468,HIGH
86,38.536021874423184,15.60290885607955,24.664937278399005,36.41061852503188,0,5.4913006268803795,33.51948606340771,HIGH
22,72.63160976205263,40.78466757371319,29.978422333233823,35.26012741472354,3,98.13102638304028,97.63730783344373,HIGH
51,16.760049498422692,15.419256589795793,8.99460406755005,12.045901211748266,2,32.77538432536732,72.62102923424723,HIGH
22,93.82692849074222,30.1453205196358,25.547096751657712,42.627894581881726,0,97.46390898838627,77.95988408259741,HIGH
45,89.95675475251248,9.130947879110035,6.369314025840502,82.03344290774686,1,4.90787049868322,34.59140967532532,LOW
75,77.9356568211136,45.64866045834592,2.3898942347415755,74.153249259325,4,87.0300417322533,56.87613936688458,MEDIUM
75,69.21097387953955,5.021785905706066,12.10949348337246,93.77086195101118,2,91.88383138028104,44.91625993573598,MEDIUM
89,39.99398957352591,37.054716070016276,4.106749013531406,18.488347272638556,4,0.40094487877837537,89.68322560424225,HIGH
10,52.23008061092386,18.056409957255674,16.258932375958025,33.785402508770105,4,93.9657170781422,90.02732955247295,HIGH
36,17.380799055588653,8.418990368071643,19.454572704023825,61.21137025254049,0,63.0838877053918,6.600321603417308,HIGH
32,75.58737891714672,6.333071056518547,22.135850107064442,83.99580722856727,5,50.96844527020047,99.01645052247864,MEDIUM
5,71.32700828513325,43.75363710273594,17.300722627638503,75.68661466139262,1,49.2652807739107,27.601611656250856,HIGH
60,28.990676590749732,33.344114343986334,5.774153804412193,57.50030313688194,2,13.621051165849407,97.50354190262527,MEDIUM
57,91.96716123856494,14.38313769897827,7.4709202981855345,87.05259814903954,0,70.69043622927678,29.224932056606356,MEDIUM
82,54.79095131256235,48.89079224862557,12.1663489023009,27.204844483812945,2,69.12999609723019,59.778521228685996,HIGH
87,62.218370369061454,48.35871818327299,7.463403969805368,73.99613718404291,1,99.81449786573347,75.76361402439773,MEDIUM
98,16.497932758675027,19.735938360155398,28.956596825600194,34.88941636939334,0,57.4574723860753,66.92603468872213,HIGH
96,19.96968965751948,34.81120616710183,12.400675067369711,40.72212881274528,3,14.438369979700106,73.8098499667385,HIGH
20,88.19210278382982,16.25558062540367,12.333805198682391,69.35682048423539,5,27.506459089675374,67.9963748093482,MEDIUM
86,23.13239320077249,19.460551572284917,5.640020788450033,69.92712942682371,5,24.276850737566747,51.44678376740654,MEDIUM
40,49.37057371738559,12.605563179797452,12.998801722433232,24.274458926367856,0,74.83243156876237,54.80678958789949,HIGH
31,47.20639117015513,44.065329539481525,4.2209358401848736,35.13952714156662,3,76.90535635781856,49.95722681016508,HIGH
72,15.876552706834676,22.721452768088497,9.095870698448271,30.188416245884273,1,68.84309043276892,31.183479314665913,HIGH
66,96.71573590601639,13.481974661520974,14.41050862235553,49.431636120621775,1,1.7145773626922156,27.269991906702025,MEDIUM
67,44.612348449964514,49.32465588618641,16.552396754107857,67.769964889123,1,10.982439866420467,73.51805355570642,HIGH
71,32.933006227699714,4.941729929973221,25.860072223460783,56.48324736916661,2,74.64029297509397,6.928458370133768,HIGH
77,96.14387184107882,5.3559576128519195,26.9632700717777,32.68888907785649,1,75.77369209951085,68.50245813638199,MEDIUM
76,87.02651415186726,28.720683529598507,27.732920169067228,92.96447334040144,5,49.70366953123491,55.19114032626323,HIGH
24,96.2759365272619,16.368833843057274,20.68913335420635,59.84851485323424,4,34.12962555994131,50.69682898651672,MEDIUM
28,19.7619612212159,15.316902742117927,22.924866473268423,32.605094109791686,2,58.619235604604114,64.74046910692452,HIGH
90,85.77190240069373,30.07861657634961,16.92066021790076,18.648093895561516,3,62.46192246397491,89.5744216312765,HIGH
46,14.122309067857852,16.807398705512526,14.141514917968182,31.70504188480778,2,49.31505488423829,45.92820320995651,HIGH
76,11.47882366236773,3.813413569030316,16.954768872840397,22.329616105686114,3,86.65515560200568,24.47113837579543,HIGH
57,58.1482642861906,36.9307682188615,3.078454810595679,99.07971328372847,4,44.12811750056667,17.89351832843985,HIGH
99,29.30803663777069,18.54384917648739,1.0984759605951322,11.05280453442268,4,40.91381812116314,99.17498038440223,HIGH
87,62.976361141220785,22.491844331138854,6.272533109817569,40.67328559697452,1,61.17740356831185,13.883464906472716,HIGH
37,81.19895908124083,26.84455430001681,18.873209715993337,78.48196626982764,0,47.601246602085745,31.322742599264817,MEDIUM
26,69.15673187493812,34.79344313169442,0.19069811542962722,85.78421208306737,1,79.5722286491163,89.30948597506203,MEDIUM
17,17.983916665114762,29.143960486847615,27.744331861065653,34.99029628938706,3,69.63790830147177,93.79220857400796,HIGH
62,60.06581755455218,8.214717740900578,22.16702098343771,98.26344107425645,4,2.1361400688429066,31.149503501443114,HIGH
27,84.00826226268615,11.710977829052133,1.3561250416428339,26.145240795813834,1,19.76446668254447,33.02499695704308,MEDIUM
12,69.54951435664319,11.28125884333484,4.035451195722272,20.608860666431074,5,20.416360621632933,64.57740379032487,MEDIUM
43,85.12717561281008,21.59112623107786,20.637513860300476,85.02577015090051,1,47.37300528443317,5.724165486400115,HIGH
52,13.161655574833375,8.754787103995543,25.2872313319669,47.8320988995373,0,76.44175600821846,25.11959166791467,HIGH
24,47.354755548831626,21.7309229929958,20.990626174047485,24.957026272659064,5,52.02618667015605,57.724746495214994,HIGH
91,57.77792226893468,45.04569282086653,17.750487528512263,96.57019959794289,4,98.44075242433644,89.20687908709228,HIGH
25,84.58979859761587,29.71347962798468,19.815498717269364,29.40288272370121,3,42.488631734352566,63.04013173643911,HIGH
61,35.12578493666439,13.011433410004269,6.424413157898136,76.0072955626785,0,19.62696493105304,33.07575077321366,MEDIUM
73,51.838154967518754,4.551237402381275,17.4420755614372,81.69416198511857,1,90.08309398129,26.825093254561267,HIGH
94,58.01886041060563,42.858789903359444,16.801945450750367,45.5146346378324,5,58.066233778334386,75.07316550304675,HIGH
22,14.754852850853638,8.989629722768576,26.273972518399454,81.9048605216923,1,90.80012593474848,53.29951820178925,HIGH
82,58.93034606872418,3.7086465364302432,16.170086537065497,17.521109435856907,4,53.75664688165227,29.667530840697268,HIGH
47,59.40166869950439,41.40550538089501,1.3205568703384762,54.14575186760761,1,13.97124290680144,80.05267274341168,MEDIUM
94,67.26244477960823,25.897753293746046,18.745201403427345,16.42917080216867,5,63.38544752204886,12.614903897683355,HIGH
46,51.480928471811986,34.066946907457435,29.782556633776245,40.39133386832781,0,76.54794455433608,79.1045180529026,HIGH
90,72.17951858176774,43.144289333223355,21.692700690853762,17.527041800504136,1,75.75585226878377,81.75735310106518,HIGH
79,17.295687701083228,34.39782008171902,14.423396353368902,82.48359470697831,3,78.36496822110884,56.2079772093671,HIGH
52,15.152281976282003,31.542301456805966,29.059310094610773,12.325713744240154,1,98.8402905712551,34.72018246359587,HIGH
91,20.36418021859273,45.712950640924305,19.368211021243436,77.72763994553993,2,15.92744520682129,56.848647163903394,HIGH
23,64.03134621778815,28.819250516598427,14.303350140269949,54.20252596586938,0,15.057724845204469,83.31391723831536,MEDIUM
41,55.12738791070093,39.41549287828052,9.42340904014824,52.198694896954926,4,43.468992015207384,7.4938785969757165,HIGH
