total_tasks,task_completion_rate,overdue_task_rate,blocked_task_rate,milestone_completion_rate,open_risk_rate,high_critical_risks,open_issue_rate,project_progress,risk_level
86,20.019796134911235,37.077524987991644,7.3467556141042865,22.558413567262953,10.24951761715075,5,89.21795677048453,13.259189099794535,CRITICAL
59,12.860441153360522,4.684761993079622,6.979826801722187,64.18168561449824,56.1245062938613,5,64.98844377795233,56.76944065730559,HIGH
33,50.428814165546825,13.909535411533136,26.079009623788018,78.29266304167905,15.965931637689012,3,34.02505165179919,19.77055248211925,HIGH
48,19.198924886786383,18.99636503186687,10.769381414538852,40.9560150231074,26.452086722201308,0,72.9731786693818,55.94166868819657,HIGH
53,17.092017827061234,14.658914070354644,18.8591939848333,89.69065731431262,36.16350261669765,1,70.45718362149235,9.35331644728791,CRITICAL
34,79.57615067098227,49.26107603303789,25.659531630454406,87.98353000797427,38.01262250391662,3,63.56844442644002,39.659057002158,CRITICAL
52,41.974363020476936,33.50875871888467,21.05460940375654,71.51928989830006,7.140250957854832,5,17.1138648198097,74.26704580528317,CRITICAL
25,51.603419066600416,13.497391339213898,27.76173538863653,71.93457625899819,21.961517397026896,2,84.28519201898096,78.71999159689325,HIGH
34,83.96223346061275,40.252290038560716,12.034943610669869,15.95697446903925,91.3136124185545,4,87.63676264726689,34.8943986758554,CRITICAL
88,54.93081335430496,44.234157694335124,19.285556106012727,22.85844313978564,13.963031952550631,5,56.13681341631508,29.96045280967885,CRITICAL
79,48.55904445651217,29.17664624728281,10.859893311408328,99.75932001902449,13.833174489085586,3,9.090941217379388,9.476055665349783,HIGH
19,23.755718741343493,7.999100086122512,20.414436404889813,63.67681276587764,38.476731167450005,4,99.61213802400968,55.26586278441802,CRITICAL
75,87.47017320110483,0.5740510971409818,21.62165458080584,71.35393321239172,53.69703304087952,2,76.8598732657446,37.3166699379493,HIGH
42,49.12887256021945,22.68618531646032,28.614477825632402,88.82676463403746,26.338905075109075,4,76.19621990520646,53.2297590874109,CRITICAL
18,88.34667128530901,14.922239572431645,19.168484845980156,64.80731902943552,15.28392685496348,1,53.937903011962575,78.96951546990303,MEDIUM
72,92.6644144956132,29.94722922301145,14.658171240868436,20.068095278880556,36.298076718093355,2,23.945231033805882,27.882801282487144,HIGH
77,95.22545007681947,4.282672603393939,14.579713899498413,16.229126662154524,76.06021652572316,1,12.83914644997628,50.151825919379476,HIGH
75,24.86142630767149,26.3836893709127,18.197817524478868,96.79266154067096,92.89134930021768,5,68.98676320996215,72.73015241781657,CRITICAL
56,99.56344209948053,32.49390288197267,13.143002517435121,56.58182569320316,12.100419586826572,1,6.402589632634492,6.998254700670594,HIGH
75,30.71032593369193,11.010869222577973,2.1297925802709763,66.7992661543089,22.894178381115438,0,85.96354002537466,11.731448239422077,HIGH
35,35.06295375680923,24.270724957524536,16.17701794184264,75.10173092928737,88.23830751407377,4,47.26710263117941,79.53884530762157,CRITICAL
57,27.136892292568994,4.8465407114411665,12.931535472191326,48.12207607179287,46.7024668036675,5,5.417118723217051,67.07827138525019,CRITICAL
87,18.8576084036763,20.13106410511344,10.179078161848894,87.55052827175119,24.865633392028563,1,53.62857539103444,18.317318224003575,CRITICAL
28,35.06906302002464,12.490322394105025,27.697967978280385,49.88176705481113,86.13491047618305,4,9.790872820160034,66.9537649298596,CRITICAL
74,85.24248265719567,48.449812864237565,27.791009490243827,86.3826160972875,16.6311110603914,3,48.13584179710395,87.14178743287047,HIGH
12,24.81734092613742,0.10776891757132145,11.712652727634396,93.38662662034,78.51293567941215,2,42.30074859901629,95.94517588166896,CRITICAL
76,69.56841807556707,24.333570582716472,5.696936018029114,29.593080857275744,5.848329200729941,5,54.21952013742742,76.05767823601109,HIGH
12,14.512810353755821,23.839425855446745,27.58161392496226,57.801352174348715,5.6879579728684515,4,8.011146524058688,22.653371293168703,CRITICAL
81,16.116477703818152,43.09096009850647,12.113266539548324,94.74365145061805,56.96754101381849,4,59.45191535334412,63.841243481549796,CRITICAL
58,69.16358480252703,28.261346192204474,9.491095379301814,33.46891260432696,66.97259747698293,2,23.868595261584602,42.59965544516918,HIGH
90,68.09507099538845,22.8612286285226,27.870549951165426,94.2160858700341,0.9315456884246398,4,99.84544408544423,99.62916254623397,HIGH
14,58.38709636914646,25.294234702438267,3.973697110994019,41.41079514680636,6.879131406001926,1,36.9527088738884,19.985949073937036,HIGH
74,73.31859325786338,30.583888286297505,29.61699190894513,68.85786859396593,0.7823107152157949,4,29.93787521999779,68.02192792177735,HIGH
22,33.801932933841485,44.485635350285456,22.27250051942996,23.990311879749143,28.175627145789427,1,71.7612187138798,24.341744671108028,CRITICAL
86,86.76215338527076,25.27045290489936,7.533637562096823,91.73431415967147,5.079889366253065,5,42.357577256372636,31.284621277363907,HIGH
5,40.020088474457935,6.540983035085112,29.39393861486508,24.542377864649755,44.183551186085054,5,42.768691898067935,5.918621462792297,CRITICAL
14,95.05458451419751,34.55098118779382,4.471628564355585,13.242532425474755,36.921598451219175,4,14.809378556748264,17.107324331803184,HIGH
44,42.81863637945305,46.65440052603271,29.165887950517813,13.590539030009635,35.78092322504261,5,24.952973922292443,14.765394058819634,CRITICAL
76,89.5721231305908,20.318869491605838,18.619845304521384,23.90980044989842,92.98810156936744,1,97.62060329309628,82.0233133943377,CRITICAL
57,12.230772570836985,36.8282235877541,9.96556403839286,93.7734297443493,80.2235138937139,5,81.0749316574389,30.346542411474843,CRITICAL
94,19.72860637626614,43.608339145304484,25.75779754013345,30.0190345791098,81.65866055969289,3,34.965842444591864,82.95095619229839,CRITICAL
34,30.06311924852281,33.001659137431446,11.953979356943504,35.074275492070356,6.9420754662819935,2,35.11461290827522,53.39353917516355,HIGH
91,98.30347184784341,26.810786623936096,28.17711420974147,20.380757666628483,97.0400611022228,1,58.058973373870785,98.43730442389328,CRITICAL
9,19.756229249324,21.728187928232217,21.85635181958113,38.230958277549206,60.62088533061433,4,11.564578402933046,90.45294962656396,CRITICAL
29,32.92502555247238,35.43926419170853,0.050738346558883984,93.30176489491744,53.84519970927919,5,94.02631203975534,75.01858088157853,CRITICAL
30,42.77993246031377,3.498690556315509,19.92713054733817,39.71800324383368,31.391564505835966,0,71.97542630139502,33.5306154800701,HIGH
44,70.02036136951567,16.309145242869995,20.91625242583197,59.89712299001143,19.184009299014747,5,94.0363670730183,69.34520480090963,HIGH
27,65.39634243562425,15.047493728278265,16.438116394070946,10.036534572755878,28.69137168689272,3,78.575882747758,62.63284919557745,CRITICAL
46,51.84893712223128,22.10798996524037,6.411042029673009,52.586756731839365,90.11808258282542,5,16.969139619805475,13.055575988886567,HIGH
70,69.74684526744988,30.963040268118775,2.80161600226688,95.67996962072277,23.486859852668395,2,22.464066599728827,23.91734360902478,HIGH
8,14.159234628348258,49.19680113909257,18.338219191820404,79.16404051001771,45.54161683800891,5,57.567089940931815,73.24286197240392,CRITICAL
54,54.49394521093932,12.199221978921942,19.681740333353524,10.499033632422858,75.0964476618473,0,77.84204067673251,25.789907997170346,CRITICAL
94,56.61619753993667,2.5109192570320458,7.47594838979915,86.35027126164938,45.646182547017254,3,66.75777325863531,98.84978304131256,HIGH
81,38.55681617188128,37.76250067778897,13.277202758040797,83.35058565985155,89.2020296341018,3,83.05691697214151,57.047835308028695,CRITICAL
25,76.92898979436264,23.733721841152665,7.77574645395058,32.25157637586936,63.76614367761563,4,48.45970170702668,27.72835706239012,CRITICAL
61,16.973501847826224,14.286407543157626,8.151453212465539,38.77386115768861,54.01522225184564,1,15.08306580130866,41.38835278097712,HIGH
24,73.5777227525097,3.2114425356939034,12.227981089997602,58.83500264535238,41.577423410315596,1,83.28911693404876,42.000297203359416,HIGH
79,95.14558302310905,0.9765978368863559,26.419700182734708,61.812131212907225,47.69797325573569,2,29.861265237238342,42.04873156605329,HIGH
58,58.43985108492084,36.73170303781789,23.99604512823803,90.80302126592757,48.82294775502505,2,43.58359760466366,7.7573578949379485,CRITICAL
48,70.19862585606253,39.907116221009446,21.72544132881866,85.64550967563028,91.9541620668976,4,53.41236295325044,91.15824194574299,CRITICAL
80,60.79527847222967,1.3551023170156218,19.282489440280074,22.212953850750782,46.169844405151174,0,26.015631391930473,36.09850335946476,HIGH
63,39.41612243931777,38.06148539470136,11.373786466924088,77.68088411993064,83.19242851552727,2,83.49109149121212,49.679149440239456,CRITICAL
100,58.54771431302803,49.99539142546046,10.498810311605517,68.51296839248874,78.12330496108949,5,4.0258137540766565,7.947849893667652,CRITICAL
36,27.94246141262796,1.0190008660166172,4.571470373543711,21.359887738678562,66.94588446199107,4,94.77570222166518,49.17822842634597,CRITICAL
37,79.02082885206167,8.389457168390113,18.217424816727952,77.31330867597572,11.453287137889767,1,96.47207730340877,15.269381217472624,HIGH
8,93.59984515664094,28.789836420620706,27.240784531423337,43.77762634827866,94.14705985413096,1,7.599647784305996,70.60836951363314,HIGH
85,31.85644424834189,34.85965012478861,9.047480564630009,71.58331352499906,80.55279636461664,4,78.26353463610197,37.98435770430265,CRITICAL
59,69.53692066186204,3.4478368259820256,19.426297621704155,11.138693514926777,42.00587408418276,3,10.55388706439986,96.27481888538496,HIGH
86,90.24175133245929,22.986967380087314,4.589734472815797,25.852326497745345,52.17467469384799,5,27.008239638740083,81.77892578664182,HIGH
73,79.71773053344171,23.24368858172539,24.772037952622668,63.32271571573315,32.23045829811182,1,83.07310188906034,13.232975315289067,HIGH
62,31.94770952718604,23.235423330161588,18.309951126915617,44.109037371543764,2.869999777008958,2,18.18398571576918,25.151385767075205,HIGH
38,40.63049588478553,44.01599898791127,21.035512509966047,34.86417181805664,1.0151114438677111,1,8.561296195802125,73.40709308989845,CRITICAL
67,59.96585904236747,12.016196806210777,14.282793323524942,74.06581658254504,44.81745495865708,0,9.305335055467168,26.051658044890363,MEDIUM
93,31.897464748908146,33.1980010798408,11.070613519831108,59.81256595092247,34.375739414620256,5,55.038847275667855,38.42200012334599,CRITICAL
63,34.38247842785767,12.570183810047075,3.6196765425691746,27.332586410636566,11.955474125505283,4,95.08775603934347,70.5655376433524,HIGH
29,29.474617589074512,24.209929360635435,21.737550032791546,97.89463205947511,52.46368691086079,2,98.0510630462513,84.09969451607145,CRITICAL
42,30.473484713429922,8.972077184270166,0.42445101768191495,58.072158034089696,27.43113267832673,0,55.33589667986083,71.25465232646847,MEDIUM
21,67.40826895953347,37.639608789562686,3.07762940363282,11.103886303795717,28.43393271371494,3,44.046879813601024,22.514548687057765,CRITICAL
11,32.723055144367535,43.08614823137566,3.422614221747736,15.880909160253923,49.1746560291068,4,62.94457069519983,10.092862057790649,CRITICAL
24,83.00278686475428,47.45628211790156,2.5554272518869015,32.337185968910454,55.80730346176285,3,60.63176512429628,80.12037883512484,HIGH
33,79.81241857283956,19.018901307327468,27.255131328714118,36.761781926564865,58.85251387211029,3,30.53802443193604,63.99759550185411,HIGH
83,96.40978996908692,4.961678738739411,22.882113130641258,66.29635273659429,26.464612529000743,0,15.705709338087715,21.512287091011274,MEDIUM
14,24.087935389882432,20.425878633001332,20.681134073543067,52.292123110691726,3.2639855380924288,2,70.69558298790332,71.78381801890313,CRITICAL
63,16.406178413813134,11.671190308001279,7.936638769766989,81.21229705404654,58.978958920525784,1,42.51389661042116,56.73342597750497,HIGH
87,23.40904609677963,13.28162358203201,4.267088563310319,15.367423556246234,79.26285662324116,4,74.89577220696233,59.07466968531378,CRITICAL
41,49.52381038063636,23.434898513808093,9.122735716343001,46.2257667246525,27.224619314426313,4,49.37952193450843,12.641975930433592,CRITICAL
10,90.04806003632082,36.72669616428077,18.11140922837732,12.32784031495019,22.892441572182697,5,83.59586139061813,59.64391537589339,CRITICAL
7,99.96151751897062,33.614079215161965,8.085330779011617,13.620850583015455,75.62688304125571,3,51.89638409876039,47.01179341991927,CRITICAL
40,26.334023250081334,29.266481263892718,19.043541583622606,54.255322197191205,9.124240629382719,2,40.83480934300153,35.5005343158743,CRITICAL
18,87.19597849603174,16.49018317894827,20.810210219502974,35.93960158253102,94.51935395632105,4,3.6697130313708692,13.365680313699913,CRITICAL
37,39.094640764839525,48.509236340428856,12.125251710022368,56.31366270961946,98.8119214781754,5,86.93674843206523,48.88775277330368,CRITICAL
11,26.88242872550744,18.088967957583762,22.69329462166721,66.28678679305081,75.9990536061017,1,26.705623827293245,17.44625675029242,CRITICAL
41,49.430448556514044,34.912501456108615,3.642782500878595,97.5832134239525,60.887166708196496,1,70.97828251002592,34.52126314736684,CRITICAL
6,59.70262681483597,4.660460064076127,29.76771418185659,92.16368906357512,46.14478941787834,0,64.77096887837587,19.627256820691166,HIGH
96,36.26754042356074,35.270581496292685,12.46471028806059,53.42496192620707,47.22197819034078,3,55.12650768804696,41.44067125847924,CRITICAL
81,55.741680243360456,43.966312757323806,25.920808032857643,34.86226625398369,79.00061820031135,3,33.98752431142955,79.83315354760795,CRITICAL
39,83.84945258670206,14.141949164141332,8.956675493153016,62.8243950172745,99.89023332293388,3,86.52605947002426,47.42200233910347,HIGH
66,41.061154752370676,27.59587085354055,16.30290188876019,50.9810155179851,32.17773502290374,1,98.07746313325943,27.686526695793685,CRITICAL
54,31.02062014521038,38.77722375496294,1.3094189729190575,77.02346364086763,70.52278810250026,3,38.607875249098235,68.0504388010308,CRITICAL
88,98.27363247938065,24.766432480821177,1.1105883403672856,55.206203511966926,59.0180429309567,0,87.41903740543083,46.82908992821433,HIGH
72,91.93975099268204,0.7673798957630318,4.324662479008424,88.38396742142974,96.99567940411062,0,46.9490600984732,97.07434490455063,MEDIUM
48,66.09334604697983,19.874166194288673,2.4094596173834706,39.57090300851106,67.43574951540096,4,38.00093975226551,35.08280962367297,HIGH
96,89.86948146183909,24.397374269508948,16.2304803809298,65.57135154424509,23.477024310202154,5,92.09290987802967,99.75546268084045,HIGH
100,18.134139769207177,48.916886411027285,22.81109078982796,73.35017463961341,10.050724032281744,1,69.40011627932346,90.82528589479617,CRITICAL
10,39.1937200103172,2.8059614052503457,10.753900269010904,48.76181090698601,24.41974321839684,3,56.59280619159368,80.28935001869056,HIGH
26,25.75624195566141,30.47458934442684,11.476328958506217,71.48211219664425,49.766725236795104,4,14.311772012850966,48.80924176872477,CRITICAL
37,51.36134492590579,33.342035863324035,26.96725595100963,51.87279299727714,28.76316657484388,4,15.797562207178695,46.96432944236237,CRITICAL
49,98.88865256966243,14.95771245618861,28.860872184703258,72.12821612141161,45.68358126677865,2,19.921699910889235,41.54585865189782,HIGH
66,19.59879406801248,19.068214882881453,10.768774727317375,36.62851511942061,69.92790795507338,0,97.79444845768627,67.53183251322466,CRITICAL
40,10.728816918534122,43.253369884863304,23.34934847310234,97.62425351451323,91.06169537187105,5,49.672728652387036,90.89475263490391,CRITICAL
41,79.81668816430428,11.505919548520815,24.057958726358628,29.71040850352949,19.013198927708828,2,67.77644586233595,73.48819578371736,HIGH
89,71.27695847638205,6.838961924704945,2.9149178944685383,66.47122970350574,3.9422573960817386,3,3.3364531245632434,39.661817137704624,MEDIUM
21,18.112003817159703,14.755522581457765,22.424425948151146,25.807606339987597,13.215979774678354,4,87.64605967066406,39.75646540843676,CRITICAL
69,92.21382770335272,41.523630978369866,7.70910253689787,84.22208312881665,48.18478298737412,2,74.6559350717045,37.177949111179196,HIGH
19,52.14982499674258,3.7649680453378744,22.624544791840062,30.30532261291633,67.63237247185162,5,97.99422427819034,96.89062599350308,CRITICAL
76,42.919754446500974,39.53409842944687,0.41755965302703535,58.291507744215316,45.478602773387465,5,74.90116035367608,29.905333783724963,CRITICAL
53,84.01755711040968,47.01459458897771,3.2503830659769206,31.043971199042485,2.502464964648232,4,32.80062818173759,62.95780860654923,HIGH
87,15.68953370441759,41.19276756952238,27.28162915283676,37.19711570763252,40.82958557954127,1,4.534681101338212,8.535152181346973,CRITICAL
68,20.450843265259856,11.740001621566453,16.126398176475774,44.97812480351283,37.10115154868827,5,69.64839916376329,56.31828706575216,CRITICAL
80,76.80421132887842,7.726145120491751,12.446535823104208,18.911947123947563,48.93470377896145,3,93.90530657136553,31.57531330814992,CRITICAL
93,43.347696286099186,22.169154303035082,28.51665509554281,86.99051739753591,9.935462460613032,5,36.73349584971805,90.6611401803422,HIGH
87,42.28064570910861,19.906982137218655,5.694256864832386,20.994374717853738,84.8033188463681,3,9.167342381752086,25.150052465214753,CRITICAL
86,63.74313635675906,1.0678727368185315,23.6038377136385,31.921200744762128,12.592388530804289,4,20.520557514287642,83.8326945356276,HIGH
75,28.644163331199263,10.797567595933739,26.090862803086342,39.57035980890073,14.75541799414437,4,0.28355514800163517,86.54858200611675,CRITICAL
23,98.8774573929555,27.01077284315757,23.955414706728707,19.8933713100492,86.6447888506801,1,1.4860327230708847,80.04854310230162,CRITICAL
35,62.99676298453981,0.7890541755580127,7.9610252497492,21.408268934150225,42.09605569100792,0,74.56652750339957,50.24336671520877,HIGH
51,56.19141618482725,5.452700500192275,15.11516069357464,95.08740786730957,4.336503689917171,5,52.14512147130841,48.51403959927979,HIGH
8,15.474286674505525,23.949095549918166,12.048517635376815,71.74877464560095,49.02688541442253,3,7.34907157664505,12.675095354025233,CRITICAL
82,23.35004430943281,6.309579415252803,18.729524828436237,62.682821969330895,71.21527964263069,3,99.46277558609236,55.40289955597583,CRITICAL
63,55.499596703711234,21.509966291181165,23.792882793049383,20.297266518707165,65.47129575231422,4,72.08399166575991,25.427191301112206,CRITICAL
62,89.92819197896436,20.690678558845672,24.822576743401342,45.8857165831258,72.96125076345044,2,42.6764006260958,68.18524699072935,CRITICAL
52,95.82332658572125,34.34105177334884,14.228036567673081,18.21023095294438,8.536435733161941,3,9.656443256578562,75.18561985642799,HIGH
21,60.07336620538151,29.323254136973848,16.847592419762172,39.66813832745845,12.22312853545593,2,87.36073722343185,94.40733754096182,HIGH
59,88.12829339821585,36.05303393730747,29.051958759344235,64.03690821022093,35.1646185693149,4,50.74125469680041,19.699366706534835,CRITICAL
66,30.1820382196809,5.410919096363331,25.361202558040354,43.08049455538151,76.26056319368497,4,22.615909432784743,45.76567903376922,CRITICAL
76,97.70919419131374,40.92134297703348,18.40719841606394,67.84292474468482,2.62538314535834,5,82.9460789959663,30.40753388964051,CRITICAL
28,34.594334984145235,38.12047589904989,27.64612563099518,41.59210786632836,18.140555821256864,1,56.63210947613763,43.074512679953976,CRITICAL
23,76.6872153206578,48.59051593790095,2.7527304916333595,57.74344197930365,37.619440570348864,3,34.08959817693328,40.15504378531537,HIGH
97,39.19446028705839,47.070371198502755,17.886713166152767,89.5007966066509,15.557990340448836,4,4.976249243295716,12.75024511553175,CRITICAL
61,69.5744823527435,24.283085244549813,13.261325600933374,34.585015992829256,75.49431436683707,0,34.517285548086186,15.534528359088402,HIGH
91,71.06376292841198,24.33163766821254,20.013976762090486,14.087562634398477,39.526339608762896,4,5.478195851808099,24.42019681360452,CRITICAL
32,79.06145745777437,38.20804478806238,8.683413936523127,20.79859093349942,49.738532861332686,3,17.56948018758423,41.11970734294744,CRITICAL
95,30.70996444689937,27.936178383735637,20.04144515235726,41.87504542236621,39.70711742472973,5,4.230226156279137,6.780445975636342,CRITICAL
14,87.58990122508598,28.787958036841555,17.201990426575293,73.85490654120409,41.76939598434806,0,40.50323070649545,96.78897064814699,MEDIUM
26,82.11899388794069,30.90626316521201,24.960777392151215,92.77927765672462,8.812988129788469,0,24.331647482273368,60.94277238877663,MEDIUM
72,17.07823787345739,43.526220809770585,22.374144793938086,29.941485300482622,77.91178686032646,0,51.04832845421483,15.832530784662492,CRITICAL
70,27.45133356402103,38.81141146621677,10.532992048720814,96.24010140974353,64.54429761695638,1,23.62688489467243,18.912200736380967,CRITICAL
30,25.614912019788534,7.643489450296492,22.774571401367115,16.781794622116916,95.1292140579582,5,49.411702501738866,76.67235339846366,CRITICAL
79,50.40147312955567,46.20771291928297,16.93475350208398,67.17684871545342,62.45217794418948,5,31.613889449058018,46.77746755247708,CRITICAL
65,49.798725745265635,15.141021756950646,8.240210024584776,15.055490819177024,50.733688528977815,2,46.17424864464541,8.572688329253747,CRITICAL
52,84.85269684968094,3.8365500586727497,25.927501017757173,86.97640343104813,61.50083884155736,4,38.448247658246494,60.131293704063104,HIGH
99,90.62890890011224,22.486685182545312,24.294477530939133,68.66537091837489,32.152676288042834,3,50.136730187282765,95.98362409232557,HIGH
62,19.315168954335245,44.95634169778867,10.303133275148028,74.28839942507165,50.45490015009574,1,3.914212620067381,72.2240619107115,CRITICAL
61,57.16616978531571,30.49027031613372,10.916938790571384,92.61431102052644,38.741655952311596,2,67.8897720559581,9.974724165920595,HIGH
85,68.25748212723762,3.295592713985873,2.8351784254528303,71.05414103560729,28.414697387811373,5,85.15662599844043,96.61895272212143,MEDIUM
82,88.5951695854485,16.66810180302783,17.482185437592587,22.728554252588605,34.982078753584425,5,69.8479962811881,42.23600851185923,CRITICAL
81,73.79506129339484,4.2359506002001,16.767662102731904,67.91439370251877,32.847655425358404,1,67.01163999947225,83.75110242497414,MEDIUM
99,99.74477016692832,45.62239927291622,2.803588951980652,70.34104360719452,50.848848642280764,0,36.25976689820444,22.12497767330024,HIGH
32,40.755911061839335,38.30781038339098,5.7601570099315875,99.99789589927256,15.49451729444048,2,84.44283886858834,14.608372548449944,CRITICAL
74,85.16078439711004,44.18410827462808,1.1324247707268376,40.30879347678534,76.63076044472416,1,59.72464410716285,19.654012325506546,CRITICAL
28,84.82105510202129,38.55489068654942,24.27131158917903,24.898524916965282,43.767340513834675,3,36.429941413076904,73.36063901011175,CRITICAL
61,64.95358799132342,37.6195582555743,23.514010783045283,31.0602649901882,23.91684972455195,3,90.39743381374582,23.431536741144136,CRITICAL
91,95.24171532197107,49.221989676578865,13.850399353229676,35.35945594333979,38.18724341907105,4,41.86608267297458,20.39552645835778,CRITICAL
30,82.11333017363928,6.919926730171561,7.500096347670212,67.70611325840025,87.4116945052237,4,93.42935539974997,72.58309282630508,HIGH
71,86.6049443276301,14.253150702966423,22.893504908750725,34.551216963222096,90.53062089782412,1,83.10467186381858,13.712789117613871,CRITICAL
33,83.50329302699505,44.23148868590037,27.914157813788247,47.340721523710485,39.64539654702478,2,23.577807386343263,99.47990836763766,HIGH
52,30.208488274640434,15.934243772486562,2.97249373179144,74.32338452709065,33.52903559161769,1,13.759958772587167,32.25354274476048,HIGH
65,72.64647897183852,6.939634590909311,21.166085258672414,50.374132658402196,0.5251198305617932,0,1.9003884910970381,25.48720072449367,MEDIUM
24,59.39238208994519,36.36173926624659,15.833145176601729,20.006817429181456,28.810157803923055,2,12.184834515861754,27.651752828683154,CRITICAL
86,81.45091977754943,22.855680831822433,3.32573685870045,91.46321970957986,59.67390428189469,0,63.19549420131424,59.62950846541019,MEDIUM
96,22.921915622163404,21.461944655166686,18.44428748327852,31.65078149258892,41.65675952085398,5,66.82149029196349,54.731032979430076,CRITICAL
51,16.09113906179614,26.302972266108526,15.219830897393598,98.94983370368207,55.415195241819546,3,87.33314385275176,9.135770390843781,CRITICAL
54,98.29354802964042,12.682513053460637,0.48726693326842874,80.96680146515638,34.480249316339126,5,65.71044000108314,14.8480674124705,HIGH
79,76.16682863310801,16.625930418599243,1.3300706488562453,59.141237068692234,81.35088655560881,1,83.03836567636027,70.04484380885343,HIGH
94,53.06780544561316,9.113899920693664,4.045577435888469,74.44405518365751,94.36051507121293,0,29.344257117503126,9.161596187616695,MEDIUM
30,89.72113470562945,15.779791002486265,9.302276488106754,45.84016501174153,81.54060806559824,3,25.33137652026174,76.56263728779217,HIGH
29,35.74998059963938,43.10692652346252,1.4341210273947413,69.01582308019117,27.321660611387344,2,43.69513831249364,43.00206859122389,HIGH
61,90.5173745459548,19.33223841303461,29.21170752945927,54.65829038833204,49.752339249362734,4,26.67206958021826,12.848093130236304,CRITICAL
59,17.103430544992108,30.122664941511363,24.6702383861966,59.09269576101733,32.1211428214594,0,32.79199053415598,33.08579518733252,CRITICAL
62,64.23594649575398,21.30580364415227,20.692944253364587,41.63922853947929,4.235516285012952,2,61.48514821987643,46.31934788884788,CRITICAL
86,98.20245512748512,47.395218930154314,2.251234949644778,67.37612840949686,36.33111306509823,5,67.94106078146899,95.51499264656275,HIGH
23,86.38023789734811,33.904443599772435,13.14518474820233,21.360702187202882,23.599538042035228,5,36.63284731071486,41.37116816043388,CRITICAL
77,12.914679158170028,7.6719081696354055,13.497677061443818,43.386805679509074,44.39392891756033,0,57.39217783338957,55.298688745947516,HIGH
55,38.29468971833934,13.934488314990567,28.815601567949788,12.332200677772889,18.60480494725999,4,38.698738003926344,58.358907522166476,HIGH
38,79.74680351783394,35.20189056034129,6.4371127627115925,65.06894644872783,69.39806410407938,3,20.01783409911202,17.894199684400085,HIGH
14,50.68384167208576,44.933951539311515,13.353335782273652,17.901166699425794,68.19292602506371,2,66.7839790488968,72.40634624786087,CRITICAL
75,58.79542251030061,44.56658411769445,25.540861522593776,74.06281936064914,92.73244567231778,5,17.409100974870007,39.34175739684549,CRITICAL
33,20.92262095706112,10.049018558884287,4.166306161150972,81.13357547269743,2.6284026808265692,4,57.22774071165261,49.403554732709104,HIGH
75,21.679410674239335,44.212322341730996,1.9724431580209822,45.834398269381765,71.69335985099498,3,52.56956548303001,78.0706322855963,CRITICAL
78,16.63756416201151,48.6189865756883,19.27015768159144,50.49770460966965,68.0108990649581,2,12.833461074501384,83.7601041728629,CRITICAL
75,67.58145364299966,9.098156827606868,28.987938418023205,48.93564578337774,91.07122709468874,0,83.13908064675414,54.21970262778155,HIGH
43,24.81913719011117,16.133037557727782,21.279963975877376,41.14207741076858,94.09040549315347,2,84.59337061558657,28.80750435328991,CRITICAL
86,96.07164643388784,13.722551660675663,18.750670843457716,65.29854504773782,9.342840688357601,5,16.863590174770682,94.4526638475166,MEDIUM
24,25.408056075021307,31.223959371683286,27.06002681072181,40.38576279452219,92.39297253163012,0,82.5236267326632,7.695481350393374,CRITICAL
10,95.36921685733523,38.55111843972326,7.939677234991635,28.972754173176806,57.213720244606414,4,63.899119220887044,52.313615712931025,CRITICAL
85,59.10197351925409,32.095364465061635,9.062823388638678,32.03901195840487,80.73493144287977,3,29.743387142974232,11.932437423007851,CRITICAL
12,24.227240231368647,20.781087310705754,13.933264733260051,40.61733115165996,14.366869116263459,5,31.931639264672807,98.86222009937353,CRITICAL
49,97.78367151233923,6.538307577619324,11.116205941508738,60.54860941735323,31.911588640315724,3,12.252190908395999,47.71162113958815,MEDIUM
23,18.71304873045143,14.510600248495075,11.52449500504818,65.38396997475718,24.82702803811866,1,81.34778464394495,93.70639584869346,HIGH
97,38.14434287760457,38.156068756931425,14.947966261797264,56.3252355308336,49.875970839765415,2,49.7370273047509,13.554664029159511,CRITICAL
55,55.49000167213944,48.33433152762377,6.454332675787233,41.760557997071984,5.054040462789189,3,59.75187710101862,85.07071645673143,HIGH
91,52.352816803137614,26.83453746444635,25.415170961804037,48.78349924127865,88.24557309185928,5,36.5777639775401,43.30913685086406,CRITICAL
10,46.052345891328095,28.514082194051465,5.839659056631572,59.79006339590365,7.353174974284182,4,45.03543806404181,57.23642350415486,HIGH
84,71.23587761069746,5.940550986179477,29.25248446241352,45.45133414557464,79.48972283809458,2,55.783183827212866,39.732605455232346,CRITICAL
23,27.915209339720498,25.456125811259106,15.002337107119315,14.077301722036726,13.70363735675204,2,80.39658551942121,54.33660748164291,CRITICAL
24,64.56344701634237,25.775286607362695,9.838975429095788,65.17613089582102,16.25020458769394,4,73.93193605736042,33.427262540190235,HIGH
48,55.65834875811669,25.485705037541624,14.695399561987774,60.663183458008994,47.48925999980332,0,36.835780986576964,69.01160728493657,MEDIUM
58,62.53319276639077,39.83774069650735,21.75972637655566,71.92392860824944,2.6647154963833186,3,26.553043698572132,67.28114235681204,HIGH
79,61.987095627776455,36.07000561481534,17.5056983114292,25.34608555719934,62.90252411453636,4,77.4606129833811,41.11808194993951,CRITICAL
92,31.797690412710203,28.628513570206298,21.015627334243547,27.17058950442346,44.103856618473294,3,15.143125811934544,70.59752478725991,CRITICAL
57,55.16375541498889,30.57390299458837,14.148163916055342,86.3539295362335,72.74020989409185,5,13.80824857852102,24.697461972268247,CRITICAL
46,99.8310581564934,23.918549167170056,11.304743285570872,96.10169429768932,45.966353201958654,4,34.23270176818461,38.65726392125721,HIGH
97,71.26713006122274,40.182626505685334,7.930865498649309,53.57620915251802,95.73373961934382,2,55.80866508074042,26.36236860931759,CRITICAL
43,79.40568421788791,35.24504684182919,20.70719734690821,54.01027715603759,47.980342320206134,4,93.37003747708006,80.56350882022168,CRITICAL
40,35.90104379481575,28.673840193682253,16.295726309648344,90.61844153862036,39.45324556408632,2,95.46088633914613,81.43850422587418,HIGH
42,13.785983814945297,47.76568588396209,2.3708830802955108,93.16086687008925,65.59720505509075,5,47.90792630164832,24.196460684056664,CRITICAL
73,34.40194497981782,28.10090098387424,8.148644001172398,19.8303923413972,74.0890976688493,1,24.24580384102868,68.63422666484487,HIGH
72,30.310448165349744,11.641827990297637,3.0059387713599275,39.7264261138605,47.24039070348807,5,77.07660580982791,5.492237408677353,CRITICAL
75,98.01196406497785,7.897053810547083,19.586783931038994,89.25827115070794,47.56996443677583,5,19.94559746676017,96.5718336946389,MEDIUM
46,35.687380717179266,2.9581293120745364,23.061749806134564,68.70688573771716,23.2220199221017,5,72.31176782424234,93.98359107630947,HIGH
27,47.60964840205048,41.880244454662765,28.017678317346007,13.270586429129995,83.62031981125068,3,18.63116319224889,76.15530413689076,CRITICAL
42,88.90688511261311,0.4633584240049893,17.03885605993486,19.65706216961842,98.29938883710064,2,45.4349078156795,65.92467890391904,HIGH
72,54.452117830763726,46.928025087043615,25.5317921573399,52.12186921056611,19.281139827380976,0,33.06840968317856,74.45632721183355,HIGH
87,33.15383922065672,9.309953456403386,22.09853686476771,81.169089798273,56.77812224209393,1,17.549491383846473,86.33391790597848,HIGH
56,84.42908427486786,25.764032947989797,2.602133095450677,70.23302680689588,18.478120104733996,1,47.7454098489893,93.90341176513189,MEDIUM
5,33.470674935889946,11.776062640076695,22.61269955344371,95.86313403894214,30.19458396916147,5,57.287734755453265,29.847549327462314,CRITICAL
51,72.3491731380465,3.106216590026806,3.5467454341191775,37.61257078032578,40.54166129683973,4,92.3106013947117,89.34113433091281,HIGH
44,72.12613396769328,31.935566259969168,28.219068712377013,43.07895127919532,22.084923996872153,1,47.818189973522394,48.22297391321368,CRITICAL
82,43.626235778824274,35.09703634278271,27.383906648493127,78.16154709738933,80.1994991780031,1,76.18596199711071,69.63248239234281,CRITICAL
81,88.582155263896,4.093515323663743,13.4024393248945,73.33895126402854,7.8102722147440184,4,11.220879153727026,83.7335351260504,MEDIUM
69,28.194110106998306,26.833007913027846,4.936114697482651,86.9037406655456,44.18405526596308,5,20.540148553936156,60.399029451896666,HIGH
16,90.90004165421263,22.274134609361024,1.669074174783891,21.874990583898906,41.54245738446598,4,5.773678093252476,48.92593904519775,HIGH
44,75.09520718425021,19.797435497662875,24.493596777993915,77.12240345486342,57.83112650590354,0,42.36973847786252,71.53656341923171,HIGH
74,99.47112944292282,46.72913994424732,2.070574384809414,94.03980063264376,3.1734871023079037,3,17.998132682570855,17.865742316496586,HIGH
87,98.04999564316908,32.29404090485817,12.610858166469836,99.35709387227911,38.24796188513721,3,37.56455338019876,69.85938363964642,HIGH
89,88.70983495218324,6.649490316783668,25.808597433813635,20.676985055674805,99.2846776077587,3,52.884253954400926,74.14652338608217,CRITICAL
33,85.1339450501844,37.808970742946606,29.35472048037417,51.670351107530195,71.90939750108521,3,53.19336084967588,83.21924155069951,CRITICAL
36,51.45627506937366,7.756068660188364,5.654413537102272,88.76873571613547,76.54899292651164,0,80.94781835391944,44.82785685671645,HIGH
7,31.659966472889074,3.364545144474768,17.81832442438072,50.17969596237421,67.2023636872219,0,24.47341512183925,9.202489355319793,HIGH
61,31.090535063880548,10.86346050887767,25.91190728010169,15.079963152201485,50.38958489409345,2,23.41615171416569,92.05771814654886,HIGH
78,38.701332673227284,29.89588371386312,20.17595704310741,38.859860385368485,30.176443514420328,1,98.56955607251258,54.518850155167726,CRITICAL
57,37.045085838167765,3.047881855338108,28.45560765080164,89.17425018674946,91.15776656205445,5,67.87501232862515,57.805813268452695,CRITICAL
11,97.50612118093173,47.07932049159559,20.14027574237167,80.72241363824662,31.87344573163122,3,40.825917682958845,33.48940697136311,CRITICAL
28,77.89744875143128,23.675941020610995,25.480227967801213,37.0662776915633,70.75767974879722,3,91.47411738159055,58.42666521075637,CRITICAL
58,60.15580823793458,6.704637552953901,7.285755482687573,28.300305975404896,64.67058515479447,3,84.71333859196119,13.784079670052048,CRITICAL
97,84.6465656693529,2.57683145570069,11.315039248840193,64.44725017445522,3.9547554207000513,0,18.81632939327553,77.36115966603495,LOW
97,70.43054700118708,10.850826084388121,6.2666726565675095,91.6329544780164,30.318802563115767,0,21.180777204900803,23.052251274864126,MEDIUM
99,20.558457949900102,49.97860035089058,14.367626290270973,31.833386366116738,60.440153407878114,1,39.663205977623505,27.73644110148797,CRITICAL
46,79.79624938573933,19.033087218646127,16.009503822487893,42.333359999641814,26.15616273853526,4,88.28119523620404,49.270386355875296,CRITICAL
97,52.25413798203026,41.98655907818424,27.429914966924674,43.36344292881326,41.39301705786246,4,86.40848414694823,75.41897597806646,CRITICAL
7,33.46966989187926,46.73791251481767,17.374287781122014,47.582026619965625,15.241141018414329,2,23.001862600326362,59.13000370688332,HIGH
36,54.937133413239025,32.73039830605109,20.545398370377185,33.15940818713945,82.15919396923563,5,64.16944543987071,51.60658034517433,CRITICAL
26,75.9495013322517,17.60880841659967,4.198755857418519,59.18916958532086,18.404777286126752,4,99.03235408798564,95.93750492170113,HIGH
72,13.04413814482215,42.33486915913612,28.355643336026944,70.13939890538376,76.43388435720192,3,13.749153049696016,64.91665655364224,CRITICAL
13,73.64526073331139,0.45707308453308837,15.171987590791954,43.58806234181307,61.7835235876803,5,93.3903721098001,91.71138819980915,HIGH
89,53.90689456027641,0.3306178496079448,16.549306827337706,11.06658713151032,52.94176468416506,2,53.57381029239248,32.23541097066213,HIGH
69,83.18414988225189,33.70164760596052,24.18503096842287,91.87960293988895,10.70164286944929,0,52.438540122581635,27.892039069783277,HIGH
84,57.38103868601946,40.76071953566413,8.019742100299075,45.72067802482643,37.305158346368216,3,45.89977455511851,28.104749948323793,CRITICAL
94,30.327152736467998,34.202081273519276,25.43601306094607,68.83621476032377,85.82191590211872,0,9.350050542710942,41.030082112782516,CRITICAL
75,52.8404590118702,31.837403777781937,21.08535450057318,17.44175102552216,84.53297945403281,5,78.43763107901111,58.756379655348326,CRITICAL
17,90.53120909284297,45.9576107720106,6.892994913030501,91.11456631221265,69.22877124514751,4,47.55002876452733,9.423387220465612,CRITICAL
14,71.59858691172772,14.01865068797456,16.29092094976675,69.22983164311319,17.935450322006908,2,1.5658095191934618,24.680020963910444,MEDIUM
23,77.70290228621785,35.63556999746799,11.94888061185366,16.924374229721128,16.245025071470586,1,56.669591989107836,85.69703040249554,HIGH
91,90.68731903024478,16.586491981091427,22.66827793562677,22.595553481167755,98.8477957914103,5,7.842769101852809,75.81837331921395,CRITICAL
49,14.832678875265424,21.854412642174957,25.160239728395247,40.65334718275953,76.90056533654423,4,39.67030493089595,78.48771703247563,CRITICAL
8,67.07106526642615,39.17740694902311,13.516505842790778,30.532455086879487,55.30377249504838,3,43.18479462395447,69.57101151837509,CRITICAL
89,44.20654421830527,38.60837020673449,8.861384421152287,32.18048031762069,7.350668372242152,2,15.422096386551843,72.60932970396858,HIGH
86,23.884920154280778,19.48109876985782,10.821006843421813,18.23683858266152,94.29602273424524,3,35.99174973468966,30.627812107741715,CRITICAL
21,17.85675091196045,21.548975798801955,16.709550966636836,56.119676356941284,10.329292734162433,0,35.39142873452589,13.841104743688044,HIGH
81,80.59948518275267,43.18590886340958,0.3702184465186331,47.24290627913147,77.91691056244039,5,90.11360448564331,90.9947195597691,CRITICAL
36,61.47643876745855,8.479146169616275,11.421960704662293,22.495605306347507,30.113126537506872,3,14.593482064654783,20.884703072117603,HIGH
40,47.899210579527185,24.211565696696425,2.3076408418547145,32.652976401001254,24.659006834700293,5,49.58024367228626,63.58353524340004,HIGH
63,19.62751308228118,15.232899787562848,28.464703871836956,39.89954937804643,62.01921878746893,2,44.02229214812533,45.90854098998136,CRITICAL
88,97.68028388541461,6.80622357891324,9.61995466125263,95.25510298145046,20.08514887020717,2,17.763727131914063,42.83276034168076,MEDIUM
45,36.23033364220479,34.7478883836055,14.73021938676307,61.82913534624645,24.24242967805731,3,28.03001464642175,79.65732050932077,HIGH
51,20.24990412507983,28.192525431439297,17.766811027511565,59.10661769057399,68.17126331300877,4,2.6916108675335337,74.0852695618131,CRITICAL
95,28.868355672515516,39.884276051570176,24.93845426131083,16.22428047438636,84.77879300389948,3,67.29776523955405,18.222016656152334,CRITICAL
43,31.781905090371897,32.93314842661591,21.457091738982786,81.01690868980566,7.396513558228845,4,47.92346997726262,43.0764842462905,CRITICAL
69,93.1146178605802,43.481686223934915,12.549020769516797,13.30886476609768,96.84280407393685,5,89.5501515360899,56.00606867233584,CRITICAL
86,92.29611238575261,5.468471262214347,7.446929065347084,69.82244984768923,16.633849328011152,4,4.429669352784959,98.44277956543836,MEDIUM
91,68.20692454252836,48.34055667843028,9.94790106245505,81.66079579845814,10.594455160608717,0,25.873837040365544,53.514242849879246,MEDIUM
71,60.21940747087185,34.38322043986447,6.63095208535609,43.670761102453426,46.306320855276454,5,58.85899565401472,52.54424925387478,CRITICAL
49,99.79324528731881,24.13855422457656,8.862966615552176,92.84927902039519,8.585479942015805,5,14.167517683154829,34.62958267026644,MEDIUM
63,80.58429977758273,26.055741490023582,10.449008899069396,18.7860728013138,72.1993943279708,3,31.890947421770043,33.525087902284326,CRITICAL
95,20.357674002890732,42.45900040234549,19.439097518331412,70.94253996017956,16.435409285070325,5,24.391294655199268,21.573057118292724,CRITICAL
25,39.78906899978523,21.318469181084115,13.861624724832671,81.79802094738386,62.976031887867876,1,64.04788766600781,46.05277298078184,CRITICAL
8,76.36495325915234,44.15486872096525,13.487250341222396,48.65975569930091,0.44500433261365213,1,20.578447936732193,76.4709220592467,HIGH
13,61.96131146816674,39.975117844335486,16.106670317119324,42.92137264712633,19.70742751475455,0,26.23533954523609,86.9504720084442,HIGH
72,96.93247599541971,15.670205502573708,11.659177827382477,45.328960514295275,11.423207333627817,2,84.55178026695592,63.64945453696037,HIGH
91,73.5389524851382,14.872241734967595,18.434535471387584,17.627677176072503,13.394776965071065,0,23.857272643879057,16.110145877221438,MEDIUM
52,72.40928875448009,25.541243474358044,12.547173186337758,22.408056868110172,38.3709962837687,1,48.66702156923834,56.05103064981197,HIGH
87,93.76254439347207,8.661740107429239,5.005965714821672,35.99512966444111,18.709857996240263,3,61.94099787891749,87.22461193135918,MEDIUM
6,53.614802750111544,9.756424581712459,11.518325276038592,60.5423869601594,65.30697606129188,3,68.46966705599866,44.48489135104063,HIGH
61,53.98295607457171,4.1335312893233445,0.9258211692901441,78.49509566908817,29.20899095587066,2,22.484341664320684,32.42367946341524,MEDIUM
63,60.90854150672735,38.62738190811856,14.859400290934632,55.972538219310266,57.27140539452928,2,77.51130278639955,83.21186675976882,HIGH
51,58.78390412058668,37.83931212187205,22.80012392676925,49.72299217560734,21.854193501007344,3,10.241643887749829,83.85671807154128,CRITICAL
36,36.79380415926043,49.96563346394539,13.491970284912412,41.37192791400824,81.67285851164385,3,86.52904703762955,16.15167251739655,CRITICAL
35,28.889035083079666,36.88064910021569,20.674007613352874,87.49438266432178,61.02618026194768,3,16.59816176902592,18.227321763043726,CRITICAL
31,83.21768789458903,40.272024668513914,17.102230344149948,57.90527176333704,59.6857685884599,1,32.365361585468165,71.88510736674291,HIGH
42,61.54620218322333,47.61986727193625,15.432449650501079,91.01397597146733,81.51809058727709,1,96.2771994993792,79.64064958767325,CRITICAL
12,99.3237603080207,43.352379521688924,3.8066450584143077,87.94709154920412,24.96772419381398,5,32.20967116093769,28.517700302153752,HIGH
91,45.34306752719942,7.108581653768392,18.972059473853665,66.50315387010767,37.5172327846227,0,63.36277633502977,88.61188272419572,MEDIUM
16,46.25656959716389,37.4901191436595,20.841108471826338,88.95856211495702,45.469564907442084,3,32.72892801609303,5.234943088488551,CRITICAL
98,18.3827492280593,48.60751459689783,19.045216366084773,72.75600800097023,85.0106239790698,4,39.771586818866375,96.97221510720323,CRITICAL
32,54.52434527999397,16.143257479497645,8.50779228011261,59.257948190078345,13.059425030754579,3,78.83036534766823,89.94469251366282,HIGH
11,14.13486330927704,31.3089761077947,25.10106536587665,11.465321713546997,92.94328753475219,1,44.128594887642656,5.0642134936499,CRITICAL
59,28.208638575765974,34.42959409557552,3.957392621520406,68.49974794065875,15.897746290581939,2,9.33399845256504,39.241361422739786,HIGH
15,43.46593908820892,45.190013441782895,4.965752374780314,45.67074102390099,30.55092448442307,5,75.5232157067536,45.776939371757926,CRITICAL
16,73.33282357876398,0.05431518458618445,14.304201247827423,21.942981283598794,22.619086145940603,5,44.50668767786543,5.7659440568217954,HIGH
48,83.53981242219686,49.4077454732136,12.669418013251796,21.895763598330475,7.08283054005121,3,8.93310809937371,81.56589921363131,HIGH
18,38.201632969681555,44.04944974901353,4.113878842306368,79.61144352855618,75.3157800991068,1,64.15761485169838,69.32802240230919,CRITICAL
13,57.74574488920129,0.4237370976504784,19.500606394734206,49.60894787018667,72.24320263643223,5,74.8268836374388,92.38994184220165,CRITICAL
83,71.79095528881659,42.998126230107495,2.6006410039796557,19.04186012298749,75.24456465479524,4,73.00091488959782,38.39588583639731,CRITICAL
59,38.30533013639524,6.9915094404616855,8.309029708345362,17.5823844398188,55.33966317847301,4,72.11796388595782,32.06747695060161,CRITICAL
93,12.414196553157927,42.35350104361972,26.274815641712248,28.490114633719774,60.69268696719598,1,74.78436409812495,33.07649486799633,CRITICAL
11,80.5421439618776,39.68890158633571,7.180232292761142,44.72970172872342,24.108175560520984,5,59.392976813772314,55.1872175889375,HIGH
6,98.81942795588701,46.69622008371079,3.959486421981061,87.47326035430727,56.83803887729609,2,54.635622116135096,21.413179654322295,HIGH
65,95.90076855467977,38.51835246123069,0.5006820531256861,16.077931234549048,26.218527716206708,0,92.2579288933194,95.12459970997683,HIGH
55,55.59495438474343,31.4285348030288,15.031468965212254,47.38887949378617,70.18106386235164,0,64.05372883123518,56.07725902292483,CRITICAL
24,34.97209621611041,15.495344280832096,15.339140948859942,28.287774456204502,80.80600809706533,4,32.67502962852381,60.711530486181026,CRITICAL
88,71.29501162382894,3.3057541810607494,20.96027644816474,75.69625396883873,84.64681151407763,0,24.447975371936547,92.83963666316822,MEDIUM
19,50.80346580674284,30.44162022137218,9.278701916205787,76.75241581517989,74.06581802341782,0,1.2664971559499194,18.035120752770176,HIGH
6,24.74493678418668,47.65081008773488,15.690160881852247,80.46883913893713,72.0765518093459,1,37.18694308916524,76.22875648891015,CRITICAL
39,75.96422537995375,5.902836014118151,26.996922797565812,40.15099236845751,42.93245693443759,4,6.3871989123148065,72.67070857904706,HIGH
78,66.47795496088492,24.80737844675696,15.323456382779156,14.989519975817943,85.93597826874712,1,36.76877778568117,29.236027698712423,CRITICAL
18,90.4841578129836,33.70602157815485,3.460008106024061,76.67019662107705,0.2568506032510798,0,24.455145035670345,49.81763600988512,MEDIUM
54,92.82038907339886,8.948046688422584,28.810264361832704,13.18272165773682,80.3115486457554,5,74.06658281065769,44.84008391446586,CRITICAL
46,32.34368650215188,45.79273824404475,9.598054126931268,84.33972959972795,57.15359626174581,0,50.204094255958275,90.68439587953578,HIGH
27,30.086655485558666,25.788706534137525,1.3778579132436375,46.08323623391522,87.69912381849748,2,77.35274795058854,34.516288534504085,CRITICAL
16,59.77822557916608,0.3984586778727761,6.020134603588675,60.74260667417682,30.390930726808296,4,24.258399355356907,39.98599463113128,MEDIUM
68,99.8008404637515,38.79429779776275,21.973900102177996,59.190331834878016,79.59735411787545,1,0.6377882751804065,43.95343040877189,CRITICAL
34,58.73906799538532,31.797091975649444,20.803824188679144,10.863533806719804,33.50173682083341,5,37.62748304680436,75.1178527182745,CRITICAL
44,19.355411741640367,26.490724453000624,7.14502783562597,54.282598916490784,5.989507565318963,1,71.16524747001027,13.837530644018381,CRITICAL
34,90.75587247383133,25.98796092460185,21.025407290960388,43.52427766666727,97.45547901682511,0,58.077062737626584,53.015637566773705,HIGH
86,83.79666027047944,3.7415242164938745,17.03462184867625,49.14845905914868,96.42182747327408,1,29.167602405690353,85.83680204991882,HIGH
55,73.06530456893879,36.7676434391184,9.541731577983018,34.476028464920894,7.468743580247972,1,13.611184641671903,78.16392891516733,MEDIUM
18,23.986949618974304,8.21874903498841,13.981653373099853,46.58612967182924,53.59245490900236,1,45.19170769177951,49.017926530359325,CRITICAL
20,18.13787992436724,40.37984523402707,9.12644948655069,73.42343235551579,60.33024865413442,1,83.59247509879863,36.14039759405523,CRITICAL
16,74.00416584566004,48.42000020881845,11.887333880393133,14.405555583138046,29.884071096902176,1,3.1082093358759555,43.417261512481595,HIGH
62,60.03583853935494,27.50604460010403,2.8417583097614143,19.171661379566093,79.38097427769976,0,1.1956923169412992,83.88537152999042,HIGH
33,21.764371378958018,41.18367075941779,11.16719231447993,66.7267793743442,64.46850157085018,4,58.61187522025454,92.15571524360011,CRITICAL
14,11.962016446475145,3.223601802345488,27.074882457998445,49.90881914523899,12.87915489970045,2,12.252765925747388,94.51666279729096,HIGH
11,25.11902878561508,28.69420999033614,24.650562045968513,45.54988193997275,2.948229300029148,5,42.66640184283793,38.6246090039464,CRITICAL
28,34.74835921218179,22.300571532332818,4.458942272063218,65.26959199999189,61.697716449040755,5,29.510516299971645,44.13925959813568,HIGH
75,53.112783696413906,4.386077552950374,11.490458280720416,47.73113390766979,64.26525256384352,4,24.914775513674602,99.43829135005151,HIGH
74,81.53616198716833,49.470180788076696,23.45747300536275,42.32008988538085,54.45178060340516,3,34.403411978987606,58.736855929548724,CRITICAL
46,44.95431471123703,8.990793684893461,9.566327019881387,29.711816926578507,89.57647816143137,2,5.859123027811853,99.19547572590423,HIGH
72,42.16896034043874,29.199445992561333,6.982863837625056,24.366232745439483,24.785705400157287,1,26.652700106568304,82.5470903528298,HIGH
99,15.031779026720478,49.819602425322856,6.5823475813177454,86.18545814186199,79.73906873794088,2,93.52060320915449,99.19648248922813,CRITICAL
27,25.849033082199103,29.625975459070634,24.18630676078165,72.7863907239622,91.39800041285343,0,70.34528829199135,38.40980410589337,CRITICAL
77,60.72458381048743,28.155444543200918,5.647009947157688,98.92055893641788,88.16263598977602,3,54.212460152099325,21.67789292776182,CRITICAL
9,18.123163916581255,11.631167904161954,6.564268250747318,57.38036627336598,0.06834963838308061,4,20.14643833521411,17.396506833822343,HIGH
96,25.97138853885434,40.121222229407756,26.0465129443084,15.360036656053065,14.771201898611464,5,91.72241474811186,78.56481738788973,CRITICAL
72,87.46025199323957,48.0279375137879,11.207723402501196,94.77308921212375,39.55955623538543,0,33.65610711408045,35.64730441542646,MEDIUM
25,75.91168228821768,21.843419146479114,19.177979743628672,53.84800172169673,31.728339325042565,5,96.87428963331676,70.88823783779159,HIGH
83,80.82926133360192,11.161860699032122,17.668504673493107,25.78164669911987,30.682322929795802,5,29.45172647189227,21.882287407211514,HIGH
5,95.39092937991589,47.43490799249515,11.748042818328058,99.48548174928676,96.5183940287551,0,18.208175601354736,35.23060662670903,HIGH
83,29.880572539331087,28.27751230601602,28.100633806627627,22.657903133371153,74.53433281019825,1,34.68101246832285,35.35427451841014,CRITICAL
86,89.67882280556236,4.436300628506318,21.268974394356732,67.51924191143911,88.66535152178217,3,1.139562029549801,24.92000701804743,CRITICAL
93,16.10153020578104,12.83289707713574,3.2410380364388782,10.115304174522095,38.59370979534099,5,41.965322918520734,20.802152075115135,CRITICAL
57,54.377379412646285,18.93562873871295,16.380719030353628,19.128570367340945,47.94892503971605,4,65.09695631134772,70.28023840062588,CRITICAL
25,50.61586772377673,39.95972828781697,1.0023835960571348,11.8070198497513,26.112770998226196,0,7.420040176665932,21.159994299363117,HIGH
53,24.481404542018897,3.7501210522078887,28.255024306056832,98.02373706087039,33.79505842479358,4,89.32261726464091,71.92794142622019,CRITICAL
60,94.81980322917674,8.249859738095704,26.69259811212131,24.139339959770567,10.125781097333563,1,97.43984206764716,43.88158724631135,HIGH
75,74.9834294118108,36.498700283514495,7.957943080499296,35.33707661007388,23.754828494724567,0,39.2902214614822,57.21795018603039,MEDIUM
67,23.823094106506076,18.041446061363654,12.828178723371405,36.50945040695933,66.20202260098677,4,48.03283974504083,14.213755260742387,CRITICAL
31,25.374897252300077,14.590573302305376,2.4580828413897704,85.93921669122429,30.83534001177294,3,47.09444529495895,90.01336092351977,HIGH
38,18.20231897956113,27.206301460984015,5.546436616261418,89.6943423474585,36.9401664931945,3,4.46169246978757,46.77534017101307,HIGH
38,30.361805225440023,13.42809966364748,1.8491810898029792,77.70116279037583,66.74684591345684,0,66.81411738976195,81.77711495338123,MEDIUM
57,97.36349834562182,29.486322115180176,16.608057184737266,85.67174497872254,81.84052148653736,3,96.56277040803015,70.27145357694425,CRITICAL
65,61.54428615680968,11.782100974121047,8.965563270216071,45.53239286877176,85.39398216776975,0,50.21014703156048,90.54323083980123,HIGH
78,70.97813970184272,31.01365571746515,3.6084562426629985,78.14698800752741,17.287897280649446,1,97.21648783377569,81.80376852533949,HIGH
21,13.840831057010146,3.9184261069744544,20.493764080567637,28.1727351975011,82.25640328766868,1,83.41081186760042,29.499204198838772,CRITICAL
98,92.27565432087279,3.3505976524306202,11.642974590442522,45.76194949213323,32.612680536973606,2,51.96881775420693,92.13038152440856,MEDIUM
6,80.78955749449946,31.152896429440407,15.676860313494277,47.76344508027058,41.44423987689787,1,56.65939270551065,60.35432325337716,HIGH
17,93.24353500833462,28.134187973866126,3.02971328476346,35.74835686439852,53.56334811459167,2,87.78935626960548,30.09297986618526,HIGH
88,53.70263130576976,30.44810759762176,1.123970114931403,34.78727278312784,14.385267062667372,4,68.08128632132802,43.163390336069014,CRITICAL
55,90.06167925228317,16.574703786713535,7.127378817489215,77.11748378552225,92.08349829061653,2,2.023288859327188,82.65166290400137,MEDIUM
43,37.98543680631517,42.142328430570366,25.74704349700723,71.63668244212542,97.24966426856817,1,13.438552096844047,97.5508453373145,CRITICAL
61,79.66278101745321,16.043415765993284,21.863982398086648,64.44812192097257,8.928685030293227,3,21.13905021058976,83.27709625423836,HIGH
99,53.60142967368957,25.82507091283387,11.217306290794324,15.058523836540228,79.14903920812341,0,31.112309328890888,53.145551147472766,HIGH
22,80.24647866648868,26.214310854424756,17.060168988022543,25.636362041150846,87.51805561254167,1,83.69766776086949,28.701574825806535,CRITICAL
63,14.550335352292628,18.01875408911479,5.973293171967004,43.15167348172937,46.42184637868879,3,63.5409809075844,16.7679215946165,CRITICAL
8,31.774428513065043,24.439336953328393,13.383102978225875,96.4468340452259,47.45822890615481,4,34.97599016446545,20.53379337919583,CRITICAL
38,77.406502103644,34.442526880797715,8.552081293042859,44.79091036668862,16.290740559862048,4,77.98301351436794,25.36026579458686,CRITICAL
33,68.26419025853338,33.88476230454854,8.072507378068712,46.85564768459879,2.0052357499524387,5,0.8897986070045771,91.59396661497532,HIGH
87,25.58805908339303,40.04324041622271,6.713100951699263,64.75094946069791,94.30049680580176,5,96.70244433683767,66.06032957256558,CRITICAL
59,90.59346775623254,42.57930865463212,13.76994056671829,29.63881486656383,30.214509127435196,4,82.43108214706636,42.729491297351416,CRITICAL
18,10.66128154125984,49.97146899340877,28.994563633937524,85.54405773938207,56.14571172546008,4,60.90501046380168,33.35521299406326,CRITICAL
18,53.35645769346755,16.814182694390773,8.29449749900283,39.262336325155516,27.68849302913763,5,71.10937755717917,89.7755107796886,HIGH
43,26.952407311600712,25.86467927898257,7.209062330354833,15.109720695679512,85.73153600272815,4,40.409842625655465,35.360645127831376,CRITICAL
22,74.91548778333495,32.77002852312208,29.924072987348875,33.348364544079004,41.85656860813416,3,73.67320957431123,60.387251729268954,CRITICAL
78,83.44132309475812,17.15835248177866,21.401078676215526,71.76862998394041,63.83135898776132,3,90.65265055050547,68.82750521642885,CRITICAL
69,37.01753456955949,8.499333203076825,19.728440540245497,60.242323996888295,29.37840528607596,3,12.794413969605333,29.57192580321975,HIGH
76,78.66263964873723,9.153417850629753,20.391371078697848,40.20692168846069,8.92998220194392,2,22.332792538560863,87.78606205562576,MEDIUM
58,80.92813931268394,16.565856848538825,7.8167770621711075,36.464600948530844,85.12138882114103,3,5.367695440645037,65.26769064694335,HIGH
79,94.98708856000692,3.5607868702037915,26.682781844111634,55.04296370434339,86.74977546982299,3,52.98385046299975,44.245189131318675,CRITICAL
24,22.362873325581155,10.014829539757175,12.275755402563123,61.246322917610854,90.66209345061276,3,14.322415229963848,86.92742461702602,CRITICAL
28,80.10470596904331,24.379042287405372,18.930983167880854,25.914183990711464,63.449896915267104,0,45.20532285684933,24.891324991832384,HIGH
26,61.86510241630328,7.921755868783997,23.55632717093136,80.17772106769472,12.940595756828587,3,63.34875407025942,43.32238063780529,HIGH
66,44.49847780481146,1.8862659237468993,5.982427536843509,43.579126488463395,1.4077118724632132,2,75.68477379771223,55.448209629243514,HIGH
7,70.9073327509399,31.33434643358113,7.464693686276458,72.41722724533574,34.43497740633209,1,10.270822333954621,52.81696547511008,MEDIUM
44,25.03181685414784,41.19219148372052,8.946067604824163,36.174501262853795,72.78319114468128,4,52.41176436680194,46.1981968533809,CRITICAL
92,99.59251688451356,17.136641962877995,27.041513284335736,42.332579772996915,18.842603389086943,3,1.9124733123319415,26.310529515750982,CRITICAL
21,29.00712062468302,1.0956636032807943,15.13900663755493,21.084578357586484,71.11100900958506,0,37.519243267583946,65.83050310090162,HIGH
73,66.08212995806952,29.696203393742525,1.4388112713329304,19.73021051899407,83.61200095693899,0,68.97497483774261,44.59367869205666,HIGH
53,21.12355566960137,12.636914653478687,21.056046445621643,28.49454240923585,68.574002854758,0,30.11164547567923,67.8581347286186,HIGH
89,56.82783107681529,31.13988884003249,21.02179038610239,47.6943176594283,89.86219250031876,4,71.87662245161678,16.184784001537732,CRITICAL
19,80.62840595516363,24.88695315966258,18.270054280701885,80.01630249373206,83.14988205071248,1,35.792183655080755,43.926841900187455,HIGH
25,13.546513686571178,24.817735668404634,6.23081952814845,93.98119101866897,33.06036161967014,0,1.2749401268609795,13.455269755077387,HIGH
19,85.17089487369171,33.451096525082,4.474334780002983,18.107440621833202,51.170534696465886,5,72.3576248446781,90.9540414758753,CRITICAL
87,30.804425784257134,49.4332965378802,8.880665361313154,51.78496215125335,9.980891505761747,1,87.41404491621591,85.96362514498742,HIGH
51,82.14364924214026,15.635355348138214,22.156205873765288,18.549862329752226,75.82040048412382,0,0.9672327727069829,18.14747205390578,CRITICAL
87,25.34610487207378,17.876370211887217,13.131435503458043,65.96263299992565,87.84755373974737,0,37.26221532744488,37.55865866223421,CRITICAL
19,46.069976285267764,48.1154965074877,8.154992722505703,44.71439407833828,85.0671578036584,3,64.88464838722638,80.70640791836365,CRITICAL
19,21.926041861290397,36.32055560449003,29.447075115695664,85.99148626883019,10.371310573836945,4,48.26748505403457,59.04962595140447,CRITICAL
61,26.31345044835719,18.98753895579438,10.757967444812898,12.593460661409939,68.44641333814728,5,97.34445802253693,17.412256307099504,CRITICAL
67,20.164373143639068,20.56421318675871,1.3791697613901,33.54515805056408,31.42379448738709,5,86.83322718585201,54.85770164366981,CRITICAL
100,61.89841073110416,28.25061128436957,29.336866726523954,70.28599223928839,33.83006417684232,4,68.82416434629275,63.73270652478935,HIGH
60,69.55419365613668,12.42884974253538,10.37248462372511,70.86660115216971,38.48766174067143,4,89.20618816300602,63.22683107244805,HIGH
6,67.90588449011315,7.846368665087061,25.465367243280024,86.66840363014596,86.9415634612768,0,75.14300010476109,35.46021247569264,HIGH
47,97.31305439050601,2.517535726327197,6.681195695063971,67.89855833409266,40.32769934617229,1,7.883059575479168,47.19794326364861,MEDIUM
78,50.32887270988365,42.82946120890086,13.412043597413941,20.68361668482696,49.737334806650104,5,1.7769128848935,43.32676760235549,CRITICAL
9,60.14179102643498,0.008485773916822037,2.726866407345967,64.37829484556177,61.90661537463823,2,89.01108988250624,58.42159434892884,MEDIUM
88,70.43269337012404,47.51775649966829,10.90027432709433,14.884769197501106,22.29181143963146,3,33.19726255547317,77.90455798713123,HIGH
81,52.582031298423,32.85836032155698,21.477405008494657,20.262102252016447,75.9319951079117,1,0.2196947793343007,38.73820296554989,CRITICAL
86,96.7990315108906,14.599178190414076,15.659552598124076,73.18864479339868,4.577810985503428,1,49.242214218116686,83.074672692279,MEDIUM
100,74.94031859061843,5.348075275975949,18.325552984160513,26.8789060478443,93.02162591531453,3,21.558950436894598,83.33264365222259,HIGH
29,74.51091230224087,5.3882873643746,12.434110353849908,93.39638774835797,83.7466237486465,4,12.321919033039485,89.71666371671807,HIGH
63,69.26110255001824,47.80951608128755,4.0390804329189836,54.894577789235015,53.03643475190842,0,55.32263289042434,46.116986086126644,HIGH
79,53.463876718233365,25.416644953594165,27.634869421314033,25.9482194651931,57.85543857041766,5,81.52441540984941,14.837626306738924,CRITICAL
89,64.04914196248701,44.1347931779339,15.123303580594932,44.61963748693337,97.9500760205043,5,76.23746562617927,30.991608595830566,CRITICAL
48,97.34424849208905,22.642285304068338,4.001154930482805,47.147092552685734,70.00142848971251,5,51.22946225025737,85.09207097174196,HIGH
75,87.46367915162422,35.59371781975725,28.065362323876073,66.93249560565374,20.088908232534443,4,71.43845356298945,70.22807324530847,CRITICAL
91,21.940455573202627,35.51982218402861,29.255384793503534,26.003142933178015,54.24914784305689,5,32.23813974138552,15.963498966944414,CRITICAL
50,60.60521903062829,29.140313554792918,28.28020952652929,73.91112683395306,67.42434855391734,4,28.592798022536357,85.49360368495215,HIGH
6,57.04569875882821,1.263607062723604,4.359801348983866,70.32287608902476,19.99024172647168,1,98.35323936240043,69.92208122315478,MEDIUM
23,85.54436330186542,34.5297425182005,8.854216978848179,77.82345532406485,3.2306383242327152,3,10.24800063379766,87.46336049716898,MEDIUM
99,60.569648503033314,11.215369307403538,19.413583329603945,44.99979958969051,51.09223036788938,5,28.763865450722026,68.12688901620425,HIGH
53,44.87991837777913,47.835098500591336,29.27468166168379,38.13885828051707,55.212459753306355,0,74.3669966245749,24.2932861592871,CRITICAL
61,84.698513375963,45.57431885368693,21.138872066783634,68.28691469950004,75.51077052085499,4,73.84500324978454,23.66456276725188,CRITICAL
97,96.78608408134276,14.708886090224576,5.322776954647895,71.43929665313817,18.697658153232368,1,73.50794860262188,16.338612070931724,MEDIUM
10,48.56570329606608,27.829931029766648,3.9019959034611684,62.558745191553804,25.501614813242202,2,46.63313382095791,94.06197279473052,HIGH
10,23.833304521266676,16.131501494675998,1.5256632358568034,93.91436790140718,61.560867609933,5,30.115481831543846,80.04127732965584,HIGH
75,42.22770293473654,39.201572428525076,9.535770161165685,29.79658138848017,18.386909753535896,0,78.62582393373575,20.140196789156406,CRITICAL
74,58.33323572805178,4.597277696953323,6.635942433043583,29.201842916757634,33.18835149039815,2,29.357435717020387,95.27928625421443,MEDIUM
84,57.744900604614216,49.83155413021694,24.710652027756066,98.30198778537668,0.8803696295037411,5,34.60072908227685,27.833048261159377,CRITICAL
87,65.23309873547149,31.0565848811817,28.766904482218006,71.42962246916753,32.09370105070815,0,38.58759347840439,56.322544729543345,HIGH
41,12.223515674622599,25.843391128670074,23.11482966876582,56.287815587621225,50.873559300271346,3,4.385166091050174,90.33675284605606,CRITICAL
29,38.82814814336987,4.117272402425042,2.87869293258968,97.44658929157896,77.33185182360918,4,0.7330586216845125,11.219823099853393,HIGH
90,66.65630355196002,10.658756593223979,20.562155490564432,85.20985699708322,20.557956798191523,5,87.86372317092412,75.43062831196666,HIGH
60,68.19050433865108,46.987555575415676,22.406724770227864,23.837911949588097,45.92252352600417,2,3.788631474614812,11.958562770154073,CRITICAL
27,81.47933082783013,27.90421026589054,17.248868827883747,30.4881071447491,25.864795899117567,3,45.112566374404174,43.42256196690632,HIGH
45,11.520187147372715,33.66493661638564,16.045031101830062,67.72804718334757,61.83493589106022,5,58.56080133133892,71.5837929813852,CRITICAL
14,42.1930124873243,25.14184754570407,8.695097965052401,71.72907931448194,60.65658411868306,2,76.52742410204625,46.57923419948137,HIGH
55,83.99101331431481,1.5409575678362208,4.689704224497323,29.787915291445927,74.67539116069119,4,29.497846931319128,65.23433855687958,HIGH
43,70.95601409545563,45.70844581923089,23.85051366697378,75.63921189542603,37.3130514900324,0,55.35241877642789,57.73162583582488,HIGH
20,13.759582642113301,28.63592974716979,11.82245102610112,59.277290517301445,8.512685674943887,1,74.82965867327934,90.83690571758186,HIGH
49,29.056324862978638,45.28140151721667,25.543765540246522,22.82096054021934,18.399272278538316,4,83.47483668680621,23.460990457900916,CRITICAL
28,70.38801202155206,28.364632223640058,1.6316491778316444,77.59376327628857,99.00764226489741,4,46.12652036895939,57.21813791952084,HIGH
42,70.45167242037243,12.534380740747746,5.92252777343748,62.25360880678248,95.15399063441971,2,12.821514659595156,67.2699331662105,MEDIUM
17,35.6623429488869,3.4904442355478515,5.8049570734320435,53.727510724649854,32.83460782195809,5,30.567548940672072,60.496143620293736,MEDIUM
77,61.01757036748833,40.384988232081064,28.759767657885117,25.177555981538216,31.32147807342941,1,71.21991272256986,65.87966171228726,CRITICAL
40,85.60990529025898,6.715291619144442,21.98918387254244,89.00972465571654,46.28483760756102,2,77.47669615259156,51.26228133148568,HIGH
18,25.81931448057028,30.331383303543063,25.25378986014782,87.28422898337193,14.00016687161999,4,19.643192934419694,74.68673861922251,CRITICAL
85,16.881614070149382,3.7699978396688314,0.5589088461370606,55.64604801570165,3.1194231008309092,4,57.8900787272561,78.07402421573885,HIGH
32,91.56732196583648,27.579699926307917,16.304079717543555,99.88553575106666,47.21039507829259,1,36.58186301030095,26.21413152431373,HIGH
80,75.9904144491611,14.549958010718694,13.941034265113583,55.937079400940696,39.67851576497075,4,1.0591683258700968,27.693676431166182,HIGH
83,71.5745491156423,37.86030356367554,4.211120779712597,24.3300176123013,56.635725459986794,4,65.94133069529768,96.93487818456374,CRITICAL
99,75.88040272530397,46.95876291349364,1.2125947815520566,78.53251400506342,23.17499076043156,2,36.943518544747434,9.066801879671454,HIGH
31,56.60967068147173,39.57302285777455,11.642793298439878,92.61117496280305,88.1551981318276,0,98.05897820631023,35.78675545607787,CRITICAL
95,97.15972607525856,31.678349088745993,8.204859458254038,76.77187363578712,57.86314349200581,4,17.384981644645002,67.09915474771901,HIGH
51,62.891094228627445,44.91133087704669,2.335124131291262,32.64277692041985,97.2674108350593,1,51.63717821675703,38.52531073717394,CRITICAL
49,53.8175406406758,24.105504485656297,18.126329408570605,55.165328602366756,13.896830707712994,1,22.999076602673696,53.881420948582246,MEDIUM
40,29.036539372217927,9.34528379043838,10.866688326452731,74.55724376086859,11.833022282354266,1,41.46136850951062,36.37135269808984,HIGH
19,53.33649844505375,23.940732136004105,6.321118531552903,24.512163387636317,83.33649963952541,0,24.36703074212695,17.149085920164126,HIGH
80,24.50162263307842,31.477021244407748,1.175725957184507,61.50423693074181,5.591200416044417,2,92.2446870655101,54.080865800623904,HIGH
56,63.94217705154367,28.18023511678826,0.5586010691171073,74.75925695536799,66.17450626291581,2,94.72538686226942,25.576374699729076,HIGH
82,99.34982413371809,43.36511994960472,5.117003519690888,84.73272172338527,60.08387144112001,4,82.04531801304974,22.278994427659466,CRITICAL
89,55.972441761246785,8.386085079679933,20.56773491412504,93.01167503604526,59.65333624973594,0,22.981378717877977,41.61887886047552,HIGH
18,11.490636454607316,26.135567150857923,27.280176692685377,71.59310480789506,82.65141855892627,4,9.62985767232044,50.20757262150035,CRITICAL
83,63.983241718361455,43.8876318871484,15.942898505180152,77.71448359322902,9.318996580124594,5,13.032884077716433,62.3300918283475,HIGH
5,90.72720575627785,38.74352115339016,19.476952053196015,56.983980669539875,37.037745024878014,0,69.76428071395793,45.750845125326464,HIGH
66,81.06000266358592,19.061824809952753,17.671442584236196,76.72546380540206,76.15392270474919,5,57.61208168992169,45.421492701164595,CRITICAL
37,52.9427113304086,11.625644531132783,25.771597419042344,35.49400012080602,87.67663131932245,3,25.780497632191334,5.519598144062893,CRITICAL
100,81.04802340746124,28.89935729002231,3.5348581194345305,10.647464720552332,65.45461208031973,5,80.42871528558561,43.840282331523525,CRITICAL
18,23.930072250563224,32.578796738896585,7.608981786959519,86.94792336411356,42.35615474333632,2,61.1880677011315,99.22087404621796,CRITICAL
55,77.94747105488501,20.66140791479682,23.513652508906127,53.422098130619254,37.0212968879147,4,48.37601576281908,98.90828508237036,HIGH
78,40.99206737933683,35.27473039855426,22.07347291813832,86.94990305412372,65.9282849126203,5,22.977130447771298,79.39537973280687,CRITICAL
25,19.025075579443815,25.417177155822852,23.58243368680131,82.07683600151434,61.40253670294389,5,70.67899335328698,20.27011086765564,CRITICAL
86,10.476157012531477,4.554429211935202,4.359853075072611,93.32756090180642,43.5377434552764,0,26.30919979644585,40.22933697405289,HIGH
82,13.397980445657105,19.2163005213011,29.533443018938197,65.25690316450425,52.10055432205589,5,96.35298222115082,10.45898828538511,CRITICAL
27,67.62621830771232,21.948602427061793,6.051217284180438,69.11958004361585,80.39099091153837,2,19.474649454362204,79.47614730860231,HIGH
70,56.42322683975455,11.58354864090308,5.084486754393065,13.24550198299139,23.925662528737725,0,97.5645900945699,13.25006719453356,HIGH
40,80.17055910787755,17.6563831678264,11.854293511536186,62.74721486887287,51.774270098929485,5,70.36219244347302,92.32185500536677,HIGH
75,35.60444083327415,41.488240122464994,27.450269218444618,41.32857234234182,96.32876650654887,2,22.629551296206863,96.49042825013319,CRITICAL
63,93.67424567309082,28.745336087290735,7.8332251701581725,46.64211634964815,10.646495639257658,0,50.31691662538932,37.29675997023634,MEDIUM
19,82.26480183151216,47.83546747926376,26.28339138729201,83.18326146457368,57.4893878773909,5,44.27686405633051,40.82262667641801,CRITICAL
66,79.29704734604502,37.87366425233362,28.83716175904843,51.296358640071155,46.07204414645122,4,86.20232792746327,50.787165396254416,CRITICAL
38,16.07988345951282,31.683089877909428,29.825941000964267,70.922167845859,22.99301385891541,2,41.242597218934954,38.544145219533895,CRITICAL
73,10.875087254298244,41.60885224616143,7.447728280862326,18.370848714588256,67.36979167818137,2,7.6028820533689085,93.48264278438795,CRITICAL
65,38.24855016036639,10.928306689231187,17.211378574909816,26.45060073763601,74.61562580101736,1,49.89993403636831,23.968321213959374,CRITICAL
99,31.785086606046736,13.270268666289237,6.876225963853274,85.1446432059451,83.63347099616892,2,15.599556847615892,15.135482560012163,HIGH
15,70.82309123888739,33.1712039160225,18.414809258272573,78.78197913719742,54.14739546030245,0,84.80105957559651,40.26367086144842,HIGH
45,54.310633993379085,49.26806646622242,26.90999319579885,88.1891952062098,49.08053516065467,4,28.026662318318706,26.098814392582263,CRITICAL
78,21.542135513375214,26.286772191252528,12.695276024562133,94.568897922852,3.256264703329803,2,39.37169228523979,70.202171420387,HIGH
27,51.147643088442436,6.018409020544796,15.54615418465523,38.40861389062516,0.8418604819625419,5,21.075238570144773,60.19578080304744,HIGH
46,42.54420932494124,43.09210116405068,5.614573258585496,33.65641311811301,26.94082295249801,4,34.3096460148127,22.47179904865586,CRITICAL
59,28.94792338995907,35.03563134081504,11.169288836064482,86.88934785167376,27.962953188068408,1,57.14097181792495,98.03088292263305,CRITICAL
92,30.571007454970175,4.993487045472655,8.098473207076097,31.222465559695685,43.22187517308349,3,19.60632141369859,81.00355853229055,HIGH
99,23.459325153893463,40.28341807787951,5.2982182997883855,54.96380435006656,99.55617702996015,5,51.70069749205006,73.4532313048399,CRITICAL
67,37.00307639381038,28.10692260358556,17.035035576159352,45.85617116769948,69.05431759606442,0,21.546732495589605,29.157519864076708,HIGH
85,18.667169812969362,37.229661023116314,7.793073660350297,42.42759220623599,55.74914882469517,2,34.41402764606127,44.11728595582814,CRITICAL
49,88.0631725576723,48.1558280458957,5.968743319106196,61.83050117260138,64.9130951899575,1,97.9373133035817,32.03782952379702,HIGH
46,70.58735561326151,24.37468721521808,22.09578494286465,90.06692042243985,38.10709984128457,2,46.37520807364,95.87647094399178,HIGH
26,67.65225874405013,46.428333348553,12.654494635300354,65.10791243201032,40.47727201052067,0,7.911192746460049,37.644421321754926,HIGH
45,38.519041752600515,14.567817639720992,8.024171726119137,68.01798638396694,27.1248101351349,3,78.09740369230991,94.18313432112826,HIGH
100,62.82277961734095,48.27630164112473,12.419671826210195,26.54975791930456,2.3101092316507588,5,23.462719218449703,28.90646595017274,CRITICAL
100,73.06272355822158,4.003236893777356,5.007313951189573,19.270838265119746,6.379239959116023,3,54.84337438182938,7.504666769792898,HIGH
55,57.158451220763276,49.80068656923294,3.117852120649575,65.6291954515479,8.431126665199296,3,30.93706535499986,28.502669334943263,HIGH
41,49.884438413256866,6.320585359363667,15.802270137932398,25.354718585099402,3.5154980894544163,2,86.03688174133926,35.894125082365484,CRITICAL
65,52.047412900241746,43.54491365722721,28.0457271499368,59.36907470253143,13.511490799145587,5,53.928756845769755,61.128938025016325,CRITICAL
63,66.79427703769537,31.792556821291782,16.919534601638624,57.11138239190567,63.952824871081205,2,90.8923151695492,50.756909856710365,HIGH
34,82.42369896218077,22.093015278826723,10.973499658451335,33.38263395439519,30.357291557308898,0,52.331624042525725,77.03787763085154,MEDIUM
22,40.94964255249948,23.459897762201308,0.24951331789119902,92.98795561696475,94.69575118681244,3,29.96105179871067,77.75757432648058,HIGH
42,63.73033770031769,39.83836919338181,16.4463658720949,26.97138813924959,88.21620684903439,3,39.47520796201833,20.510602056377436,CRITICAL
99,68.1391719361774,41.42134278206455,6.617772786985397,17.12887598575312,62.532301425607365,4,76.45382940766146,91.44566832673206,CRITICAL
93,71.61762613406674,14.233842733672647,22.28780676393455,82.79277841891334,41.290387651324735,0,18.24071790026428,32.511553432672116,MEDIUM
86,50.98087113794421,22.638361629893677,21.014177938421167,54.279641262449694,32.06437231555238,1,4.963207222309862,55.822221540677795,HIGH
28,97.50993444923023,14.10572687879023,3.751176084994362,49.45749719023433,0.8204089349586496,0,15.068369369748858,51.8900575535958,LOW
48,47.82187244327293,39.28626693765162,14.951872676155741,43.42573733427823,69.69348027663284,0,33.024864703583034,85.13689843046747,HIGH
23,15.043450996170353,38.78264553562617,2.1415408424717053,52.313209893884775,19.21922929264528,2,81.72507239995703,83.68394450246149,HIGH
20,97.71386525879137,35.734126064539836,11.54393697631925,97.74749927123251,24.716219110503047,0,19.917987630393075,74.85566402408939,MEDIUM
17,56.902520805155554,49.105792570280705,14.184766349745455,71.3298088052068,31.210936558406978,2,15.861143640551155,74.18252240127072,HIGH
100,94.36788312690105,26.04631264587548,7.599382210052666,67.46680108378214,19.872363180239983,0,86.36576657496003,25.68988366023477,MEDIUM
19,31.236925400508984,21.70808252860363,0.45203115806587424,81.49513576067241,58.469686001278156,3,78.91437801948885,5.848336309487504,CRITICAL
10,62.296932045465496,34.53757072808991,20.652196168052914,23.94927481879204,77.07970000019661,1,15.76984561973751,13.683147468900234,CRITICAL
84,40.457988707545326,48.482585324709525,22.78680494989432,15.40471021368922,35.551767531465664,1,70.1328140023003,80.18929321469521,CRITICAL
21,53.90585937306819,15.836977951852866,16.75051326794069,68.01813817100805,34.73177388722104,3,73.31888317537702,7.028519105007856,CRITICAL
53,42.23507475253883,6.736608688047613,26.95989132810128,53.677191984626184,43.75000041650592,2,54.27340768056942,51.558739602779625,HIGH
77,26.796405605419345,17.383233950913272,21.972072303681383,34.779201657247285,83.13495933911199,4,16.034340909776525,55.45805588161513,CRITICAL
62,36.61053950896613,13.167463444771599,11.013381210136185,10.064784585182453,63.80260624435374,3,73.36577414388529,88.87857539041627,CRITICAL
84,87.1146359500793,38.80082838989694,7.163596746480634,74.89032064155309,65.82894173798199,4,81.90497337839815,23.037597982485792,CRITICAL
92,54.77942436125925,27.573390362460724,18.391177270515804,39.03400359215146,64.09039297850731,0,9.62562972545663,67.59464786451,HIGH
10,85.16740221084623,6.488713316112305,26.204783327417168,28.18711258199039,48.53702872366953,0,3.1817149899990627,65.96640847212416,HIGH
54,69.21291324564716,26.291068130720586,21.03942064724138,33.034467730058026,36.63540200942962,4,71.78451945697812,6.243180434182637,CRITICAL
31,69.01744257082413,46.42018597191845,24.962330925454975,52.12532290884699,63.89167164318277,2,55.801988947002165,94.13316648148675,CRITICAL
58,83.98238646400107,39.71247885690398,1.7490007334149527,65.5239992881075,52.90208312917735,5,7.03881296102441,33.870932142465264,HIGH
32,96.45280708934123,4.855962507883127,21.755157984275666,57.84949462622253,18.94604131066757,4,65.68765137252437,59.15262855146735,HIGH
27,60.258113201167376,27.907080357963064,22.38325128827561,78.96550780144473,57.656365899714345,5,45.87205924283744,68.19802370348665,CRITICAL
18,25.012838701319268,9.019826930003411,12.046715208446855,40.3761583505412,15.81764558993315,4,44.30121699982878,38.47078715068155,CRITICAL
45,59.507320815560725,49.84251570874978,25.345620447036513,47.11089625043118,63.3240822185487,5,32.34509200484557,27.868642833074528,CRITICAL
74,29.253532243934835,38.28541098171424,27.784407677779722,32.86802144647217,96.16517756313344,3,95.98244309208583,5.018584646282803,CRITICAL
9,98.4660824060693,29.788141331189287,15.528280765209876,99.40708085990853,30.18416539323987,2,98.43944253168009,25.408167215387817,HIGH
45,11.953123431183958,41.09699612235572,20.69157551728281,34.836142306924515,55.36631532853207,4,57.06682050669375,59.30312387420165,CRITICAL
17,13.396267007539285,17.782787664274537,4.152245804292299,43.03746037234575,58.215570635987,1,25.624383845235577,33.52873100884993,CRITICAL
78,45.981842362998755,45.89409016722339,22.027978616327395,75.12224740700636,79.29041943142799,1,48.82763983734342,90.40728919589172,CRITICAL
94,61.86092155990283,45.38278210735472,17.856936076787402,37.03539284589472,73.07893619562772,4,38.15461104994817,79.11158126080525,CRITICAL
47,41.31371862576398,40.85708500232711,12.49565137853758,88.10479872560983,86.97865141212199,1,74.76786572693227,85.70042589469742,CRITICAL
6,67.04983927285429,31.60968101862332,1.623838463004691,57.194501636225006,31.93165402109155,4,14.958001916730124,52.72815299248711,HIGH
33,23.78777343442129,33.68176211848056,29.921019090611345,97.39362202663318,75.28402030105306,4,50.47293461120348,26.098134674384358,CRITICAL
42,80.77314686394494,7.400620032917349,10.08504534122611,52.82691889576355,74.53150380351475,4,39.919129954694185,13.082503809482361,HIGH
69,49.10420000288085,34.89352581291465,22.860987589106877,53.2830251778413,19.810852771893963,3,65.22484389791688,23.629433537355972,CRITICAL
83,99.7370890245594,26.212389113845614,7.269452751795347,33.96313816241525,43.00657311336072,5,92.4138080895083,13.511491572039848,CRITICAL
90,47.22238472192476,18.263382221873048,5.714692247078946,41.00724185592638,65.54098578110845,2,16.925526401141223,38.223057974435335,HIGH
61,66.08639406504976,22.023171203165333,27.726396207102816,31.014063715723665,68.53592274622677,1,75.77337825930621,86.01259379202403,CRITICAL
19,76.5623467036219,12.152415494971313,18.63007327766635,23.290937007872095,83.24447558830228,2,1.3733292693431376,70.91054638033117,HIGH
19,37.460624504875696,23.559515186677913,9.956301571952446,76.60116865054138,21.18753135487538,4,52.32658814665313,29.57251032543186,HIGH
66,66.07377935717346,49.6151064117802,20.85213430943084,70.14345237355654,37.66066698953877,5,52.67990905305893,29.268352733406175,CRITICAL
12,35.561218694319166,39.45942472537111,18.538943291741933,14.777672379065105,65.4757871815387,0,6.659779242161767,67.73541842233007,HIGH
89,86.68746502815328,33.00501866646824,25.928468206798605,11.717049154077475,86.74104428544813,5,38.65232261357353,98.08032085125606,CRITICAL
70,97.89507459008688,4.980185592126868,9.463679079263391,88.00954709753078,53.15606451632132,1,19.887520000823443,96.84518038115422,MEDIUM
76,93.37149757237901,1.0744229107172765,7.421764192492538,57.64738274696079,33.35696346307757,3,74.43907198086772,6.745361409664827,HIGH
92,41.67217740404629,31.26154851255052,7.086142971216382,98.04198405200917,50.12514611771574,0,62.57923637157631,88.47434104816024,HIGH
8,94.97230283874677,47.4558209181554,6.7674809288326285,40.760753756357566,39.2846596665172,1,8.779501713730141,41.30967657616879,HIGH
91,65.1203554015095,31.27623002474133,6.822839323580265,31.632472735351843,15.27491541688516,2,90.97353935641712,36.28205014520192,HIGH
74,21.85949190414066,32.62363230384012,17.430921019916347,71.5643772632588,20.23102332844411,1,30.899839616218273,71.98795683958457,HIGH
72,91.86064438650551,21.503214909019242,27.270062858412466,79.30449979799774,65.62317530291523,4,91.71121206734173,35.162140029984215,CRITICAL
76,57.96653922925994,35.972025289530784,5.524056475817617,85.55702588831954,14.55228308370674,0,76.54350125691849,88.61253051031473,MEDIUM
57,96.50765685001505,15.167405248807547,22.36829189965915,83.95286642366429,63.6847398677841,5,27.379616463152356,79.01524907241532,HIGH
18,21.839129229092478,1.309911073165937,29.57866779237574,65.5251854957464,60.560451125385676,4,23.0911348733013,27.05734075558689,CRITICAL
92,12.347604351740479,3.9737715155412525,23.394787492588655,22.067796477744075,84.61382359617335,3,71.201912797666,40.526143107397594,CRITICAL
54,54.230103735970125,6.875636117080735,5.797794884355305,12.900659790434121,76.45388541282347,0,92.54350831349096,95.26881403654204,HIGH
33,76.81299954966096,49.41217087314783,22.733297691768875,15.952269181140043,92.71032061777939,3,86.71290026386033,51.54457535853204,CRITICAL
46,88.0097414641011,44.37934579207891,12.826670498743674,79.85932472172651,60.79299579212947,3,72.02009134955517,42.44431732664229,CRITICAL
100,61.47410060049982,26.80796925918405,19.241814734589227,73.37012954669288,3.8511973028250712,0,45.160959256366205,83.56595965763823,MEDIUM
10,89.00019444246048,12.286082475894183,16.13607430359971,98.54475793365619,3.925162224248757,3,51.61266830947985,64.91161254380845,MEDIUM
11,27.08653059755372,21.97769373582299,26.53192728114593,79.6309311277113,28.59145884316203,1,42.24621824504414,63.24775652816979,CRITICAL
11,72.09576626514843,45.18378233247981,13.907368592149057,68.14913571367285,9.044080766027262,4,11.317158624359502,78.97945847822378,HIGH
94,59.17663940919638,19.65333574025307,9.703827973653192,12.242090151452063,45.368073575433684,5,89.57949072266518,88.84210249926824,CRITICAL
16,32.507406466951444,34.585871416545075,27.214873890162202,81.68376002281502,71.8374719718563,0,9.11912405056129,72.09153743604459,CRITICAL
86,42.66490502415291,26.190865303307444,11.52262122784715,81.19599348133227,51.16664514845053,1,37.86786314125797,41.157665879808945,HIGH
26,92.10275009399192,28.274578925708454,19.785910218061314,23.50807610594606,86.88185374782039,1,76.91567965749464,9.8744965706785,CRITICAL
44,37.85664748932836,38.43152111804713,13.387747024472175,66.38075646953763,11.755397840247984,1,96.04338795159138,5.335625366443624,CRITICAL
37,11.098698834164725,24.881380370039885,14.959267201312144,82.67091073481402,60.798393102513934,3,23.787835401947678,60.941921082509374,CRITICAL
65,50.836463547599486,22.09376807488684,18.036496996902397,10.591572091163577,88.21678649436056,2,61.97660388695853,57.967121585544426,CRITICAL
31,14.402691994872676,7.412808408984517,19.59830634646561,13.304894664017084,85.38292872341877,5,57.80927154273869,62.31211906933745,CRITICAL
47,92.83462284425825,2.4515681374399523,12.508707715660746,26.04235525816805,67.20904952614049,4,66.09246111773969,71.4854475224171,HIGH
78,80.85768215802273,8.870963367183975,13.66013484060797,62.1069663198067,93.14798193860057,0,76.8511983001936,35.66807582984936,HIGH
53,83.82382680542767,37.92209939186418,25.299288902537022,15.843327986858363,47.081684421409506,0,69.46194384948011,31.069761561414673,CRITICAL
72,47.23821183456599,10.492268463905713,6.271529409003348,15.236612855175139,57.136707551575086,5,52.89466231106912,13.328625417858234,CRITICAL
97,71.97888504289105,46.69458373940916,29.588353270323342,35.846857342383444,60.88446069344726,2,25.966003928625003,59.63855545615636,HIGH
84,41.84680099367711,6.4856568777151296,16.87903012999823,56.77352201660444,63.18576074968361,3,80.79803599410297,88.9480497158583,HIGH
34,73.77283607530538,48.96288297830352,0.04742751677493606,12.15881177663584,62.54607423896532,0,73.74683756237461,24.69642945348183,CRITICAL
83,99.90883065251177,20.702056976218593,10.013767708014706,60.43739544260439,63.75035435880566,0,64.06183108775849,70.55162084664804,MEDIUM
37,81.11759525615905,15.388627462194854,15.200688812880275,39.15314554447631,0.6131262435292828,5,33.32828904789804,42.624685979021194,HIGH
77,65.43940086968358,1.455869090573031,5.268872647139932,39.7463348883709,33.7936855273543,5,47.91082733583677,50.077543077909695,HIGH
9,68.10869985981174,24.074776156018036,18.816014631230665,90.28524941109264,53.696754497236455,2,46.24700753687995,82.34582922850207,HIGH
100,15.042005666788786,26.0536612195312,16.948279229916068,71.03778621848863,55.51772083035519,0,20.826247019616982,70.12186353291074,HIGH
50,15.95917371858057,7.4652453066632205,25.222174606734473,40.52371761594481,37.52407776304397,4,84.24057749358525,59.24325590983378,CRITICAL
54,26.864101913327485,5.842231908661755,23.470318112866625,37.7453277518895,85.7819477576758,5,3.1628215845655006,44.317608946902965,CRITICAL
68,88.93438593587132,18.5791788443574,24.883724067522603,37.23658345231852,52.5100419687616,1,11.223127226692197,79.5696784075538,HIGH
30,92.20184615503527,22.18870464935701,0.748043238898799,53.43968720321373,50.00543084299398,1,34.0115904239094,50.92983457879647,MEDIUM
72,37.9322838023155,16.366897576784726,23.084441916301618,18.842640846911557,98.2273473873912,4,67.67172887378956,17.608129862642095,CRITICAL
97,13.289728323691762,19.379410786061502,25.944306073116856,20.42523883558726,31.098131785048054,0,68.70523307332695,61.45732017478446,CRITICAL
16,39.996077805897826,44.45929379989943,3.093084883819006,78.95621664306957,74.55547251737177,0,57.755983440945904,34.65357535102092,CRITICAL
31,38.879233286157216,9.627281981172924,8.299486160041942,38.723481145134855,44.111562275233894,0,27.265420667321028,19.96212140467393,HIGH
19,11.373104574135123,31.147248133877575,15.42181985878392,28.59196416160154,35.031813792411725,2,27.105210081902754,94.6113927804947,CRITICAL
41,61.667464837687135,8.563748773650403,9.341326791032301,90.30187942450121,54.05771020326588,0,13.007400206470997,49.719880005812485,MEDIUM
91,14.541040953497756,19.179981966987203,2.5835874139813484,45.272508458111204,70.46775936791401,4,62.94706898642659,70.56186520635875,CRITICAL
62,65.46838039164385,15.622032557551597,24.523259371104942,74.16088162553481,67.08702654339359,4,7.854560743035288,92.6644791796474,HIGH
64,61.10103720323424,4.645808716435362,24.07051494412624,72.87394681680823,9.726299684929973,2,68.44779748053745,72.47051069749058,HIGH
64,52.349128729495995,47.372413510007576,4.311650513357579,90.61307754758587,25.805276567385793,2,39.20769183587511,71.46338900283068,MEDIUM
90,39.72951606653692,43.03957964569475,9.742832657683579,53.87560593131014,6.536519881586999,0,35.14408206839269,48.81795995196547,HIGH
26,35.4031632029618,17.43077211247393,17.240347741706817,55.71546993601246,40.56859822388953,5,79.67577733619608,35.95762418832061,CRITICAL
88,16.383159095933916,15.105906327346547,13.829245582405434,63.148236104918794,23.857529178913563,1,54.79490172790011,97.51971446592802,HIGH
54,15.945394118609087,10.411907290635892,20.82179581917156,48.80336478790832,98.02052262079246,4,78.73267705902519,56.730053618123,CRITICAL
35,25.577691045665013,33.480259805133336,22.181011348410678,74.07179394123662,83.6748193849849,0,59.216313508209204,48.97630125962882,CRITICAL
76,18.788851827249488,22.260811618035287,9.241071706090146,46.52143274444853,59.8259181594436,5,81.40667199820683,78.27762099271449,CRITICAL
53,39.46674186353805,32.249455772401674,1.8444666468798376,29.585059609510175,13.89167374913508,4,90.325600471339,65.43261790226951,CRITICAL
5,78.13699456457257,33.04406968847529,13.589232608211594,36.23529281540542,61.557216627844724,3,19.566662017749003,69.74409485873139,HIGH
45,36.97618008647021,39.71733298644582,20.386767827991424,92.66514602974054,93.66764831150101,5,98.25803035133922,37.705139510910804,CRITICAL
16,62.44542800434479,30.57453780860515,15.31271638069989,86.2873070797325,85.25051794512916,0,36.92228935739077,57.14408797733824,HIGH
11,10.075898269577852,28.001512892824888,29.360886892507516,19.87284852200974,28.220924634992805,0,23.524117046382642,71.7110788156507,HIGH
55,66.26928730779483,35.58868258550376,12.180979635171227,49.16710435644306,21.121607469385527,1,47.48714129557376,22.881549617387726,CRITICAL
54,85.89949036541121,18.014394432292384,12.517064844280618,35.96237845548274,87.27356915925895,1,13.427744814457554,11.815869671083817,CRITICAL
7,22.959629780952113,44.24443412076731,19.73780090437869,97.74775243639638,13.57757455458003,1,64.2242899581355,44.5062692963668,CRITICAL
63,90.4224222228196,34.76952597663905,27.90933037378732,66.09236334399702,45.43943592117348,3,55.20500303810195,47.75434789469762,CRITICAL
50,30.31668265701229,21.238592864786554,0.2228997449439385,54.83412672737501,73.09133800622072,5,50.17288049254599,44.02959229814724,CRITICAL
74,61.87171178331451,1.6730938025688535,1.1359509605503604,53.494131888742956,36.85785987463919,4,48.153290869100196,70.59724016194042,MEDIUM
23,75.71669225257922,26.320402690611438,25.780519764945293,77.55239881648333,27.94203718374395,4,7.823460193989263,89.54197043893268,HIGH
16,32.07081737012149,31.533142455550323,19.912108174058282,70.18454251458772,68.40740191466188,4,79.80982406409713,34.687473537316286,CRITICAL
11,91.32267453461256,26.751663080799254,0.32350200463879264,50.86312946781277,90.6055081406477,4,73.38145474457292,44.99653017913461,CRITICAL
42,36.0287598898689,1.766312008742671,27.685935481854493,77.44827514414769,72.69717140869912,4,26.044313655359865,64.78350512646324,CRITICAL
79,25.21713168589323,2.5809942395686623,29.710944881682067,82.80062017116104,62.43170054800665,2,48.476018818102894,17.048026867446524,CRITICAL
14,86.63007304473707,13.892439846713456,3.9761628841901775,35.28747383333399,85.78583840799013,0,74.14291658367917,62.363046270521835,HIGH
80,76.50705101789687,32.95778201768292,11.093004898989355,25.785942848866675,78.2527705287746,1,48.49185137510984,80.9403406091179,CRITICAL
9,40.85631958072222,4.220073285455117,4.352107553678174,94.05476692285492,15.415029851804828,3,75.27612968801377,44.23004827041134,HIGH
54,31.415269519836126,22.009250419586557,19.12723999484254,28.977107271538415,73.43611109393315,2,5.4325786547817945,30.11757211216519,CRITICAL
19,14.727087729305293,23.20074640167683,14.286958270080488,52.863961660515876,94.8251774552672,4,23.3661311714357,69.93344606483535,CRITICAL
54,52.71306226876574,7.257491547779038,26.10833207549177,11.067673608595868,92.72225260534066,3,38.20040947086617,34.99041934585167,CRITICAL
72,71.45886798224126,2.0508807515219996,27.53136423184574,67.36817361298597,95.61836558896249,3,61.04855680319816,66.94626280325494,HIGH
39,40.14706659562401,13.354390785960984,2.948303652259092,68.89089534115728,39.11537636899097,5,74.90909117594134,74.75977829716753,HIGH
80,79.34475576537335,25.997616103815506,20.331544806870443,99.3893362298049,31.326982786962798,0,67.28018597399902,84.01050248336371,MEDIUM
6,47.01238899523681,26.263213196362283,20.564986567037298,41.63647778144083,72.52506560332851,2,19.307953144641044,7.2515449214185494,CRITICAL
16,15.119372043501519,29.706929123627212,26.81900892454217,29.51422457057242,59.938497571708915,0,70.80751058295021,16.397825428893455,CRITICAL
82,21.691652788491982,32.81973144555753,26.9969164538173,60.94619238591198,96.71655087528273,0,69.56536336560771,29.0668951942326,CRITICAL
64,69.44300617468645,3.7857087846027704,13.603312951928835,99.57226361985892,76.9359129868324,5,90.3391492870295,78.13864836962047,HIGH
46,33.16029358340012,39.03656492903719,8.318624446639257,15.614864188819453,38.85904277313853,0,25.823860582415527,82.21608206736416,HIGH
27,49.651734949990086,24.586089320265494,27.857588946968864,64.92716964585408,17.84421700647709,3,10.84304686179205,56.36005489548441,HIGH
60,29.654784837789578,32.16690834844474,27.378276685233793,74.38602859757589,10.328711595282625,0,7.041232713568624,74.11678939168641,HIGH
62,11.688831379161142,24.88506888928051,19.585959979966713,10.078087776604557,3.783563274596502,3,26.643648111527764,71.50524393717893,CRITICAL
55,61.71762265513343,25.76915014818521,28.197332196904114,54.16115085059812,43.60576674633677,5,78.09370369633709,79.61126198365889,CRITICAL
74,30.326215776038634,19.22119369885152,20.677839253390577,80.18468971092976,12.120365029010083,4,93.50421875089509,39.0972410267351,CRITICAL
92,37.25452688377598,2.7597336591305255,29.910473888849587,68.23669685542603,36.535536151100914,2,8.0456784674388,48.66573860677363,HIGH
42,68.30133146256836,8.830915225474339,1.1799354778631665,44.57473076482168,19.100316091530278,5,39.01047251854889,15.142961590801328,HIGH
93,42.333500935027885,4.243124233638551,18.983738073255957,76.1791764725134,13.994295176638872,1,2.536460548444852,99.65643816687029,MEDIUM
35,54.03092954299657,3.149631542242753,16.216561416553176,37.69577916690389,53.39400467645663,3,96.6574139862013,6.559737164669144,CRITICAL
48,15.044900777896295,39.38892659582644,1.2844360036047953,20.636839785062037,80.71037058074022,5,52.311963929511876,94.30853001339281,CRITICAL
73,23.405826663185913,28.967285615572948,27.74447435260567,13.31899006807338,14.159047222804055,5,1.9063006872084953,91.18199342647054,CRITICAL
84,14.122152416716734,35.06484055846423,3.9161320062797955,25.502410806264955,4.995799738662199,2,82.07392230160319,14.242762836348527,CRITICAL
83,25.362044909460053,29.552124464496078,24.534005332917808,19.56980802324541,49.714349653555004,4,22.05725242429234,81.42308543809435,CRITICAL
59,40.3608799206979,41.79479739896683,22.13785209023904,46.18077493593949,12.080243956933367,5,57.5967010452485,18.046293188266738,CRITICAL
32,78.7805094130545,29.654262652042373,10.065111830060605,20.867094059664026,14.12368026193237,3,16.805085313540534,40.143097621006774,HIGH
26,49.479509084880455,46.28377652987309,1.220966830858039,18.997106561025273,84.73667102470593,4,37.61310560827079,19.98659783217967,CRITICAL
67,17.26503469475703,0.36119974382700093,27.78410868849037,73.60671236111239,59.37305233397717,2,41.62222422175371,81.7041213084971,CRITICAL
65,72.31224977538227,10.30801092948312,19.194771111968844,57.077817771864844,41.20313245002459,1,61.05379886304853,8.574015137894722,HIGH
28,74.54788800321435,30.602490883431603,2.6406358094196722,84.38352383995408,30.119976660500136,3,0.457004128180738,27.385705696275622,HIGH
20,98.79431722848051,48.83957397031927,18.567628196306817,87.64579540864781,98.67821226993414,4,21.927613365811105,78.18147189553159,HIGH
89,28.729783258426135,2.653450963541487,3.3803736708938246,23.42956752830697,84.3781694535716,3,49.751483780386906,20.177161385592438,CRITICAL
10,14.86248528985288,18.209653453925444,6.28769258439652,32.62436017458525,61.68193504598265,3,4.331748265341739,75.33960405724774,CRITICAL
73,25.829884739399734,39.27460090408669,14.551841880732114,20.445857691596107,89.50791749007988,5,44.482089275648185,60.07736869877107,CRITICAL
58,27.887625599189157,33.84262729375539,9.770548767610617,80.10777510637013,32.613222470717176,0,23.711836142650146,44.19656844913362,HIGH
30,43.79791490899669,11.033137915108243,14.129707795029635,53.59669443138347,89.0488843887039,1,21.616516208564573,62.89618725496629,HIGH
27,44.85972734997911,6.820230729036103,21.594636483674105,66.88190052116748,97.55558913178334,1,33.589133715042294,8.048986574709414,CRITICAL
77,15.368654767083926,6.8250749674101385,25.549540996298408,51.27210324734557,17.120131671681683,2,21.985356425053602,33.04034368951186,HIGH
25,81.05922685199145,31.899960694000175,18.345842712874283,25.294193566075933,97.01358419117005,1,8.64743323005448,86.41250755316044,CRITICAL
67,87.59791478223941,10.82213021501186,14.204669781846333,51.64866250101759,1.450385697199219,3,73.61788591191059,28.43214682149877,HIGH
46,49.08238479608322,11.120330502026759,27.82439043934009,95.16271191393787,91.37547207899449,0,41.77718533589246,9.201298570674464,CRITICAL
65,76.01286716144214,25.21081642568877,12.770929306251194,45.48881406437039,80.97165211887472,5,82.12913207560717,47.981929980606424,CRITICAL
35,17.478237154065265,37.653934587695815,20.794795170080576,46.59562725941874,21.800648519927257,2,29.579042821423997,66.52581885382837,CRITICAL
16,11.433714800927524,33.45178041787319,4.854085006558408,51.335455307461245,57.03807975894711,4,2.4413473728453927,48.209875777790394,CRITICAL
22,88.67791342200442,20.2680186126179,23.695761383671716,43.337841454245044,46.4295787393317,5,0.13636489241022343,64.59397727039729,HIGH
54,90.4090996248093,16.645306919112922,0.9814252622254127,48.33120277345122,26.978938056569525,4,54.2435106450538,80.4754815599241,HIGH
92,17.28631374121434,44.04236239779542,22.072823554033768,14.933050769018251,94.53222297877379,5,36.399052208645564,9.898444939716313,CRITICAL
54,42.90317730517505,30.956672519771132,10.967134319193585,25.77406628679885,55.87904580300573,0,56.07582085530246,78.48967331981432,CRITICAL
22,98.31264600264781,11.93163526789614,3.4067303647931793,53.064411851497034,93.91479324719097,4,87.1131382577894,71.77014347113987,HIGH
100,78.4797313085895,16.02319082346248,26.93799114242744,55.32093749359552,42.29291251089076,0,6.336918005953562,37.7965252695904,HIGH
67,55.130508597205825,41.47799131375157,14.104915494432735,57.87140310591269,82.53790179852803,2,45.19783826243226,39.973855920067926,CRITICAL
91,95.08287900976894,40.43979383188651,28.22627661000125,15.906483210264303,89.19032132922037,3,8.730875015385742,42.11483776796502,CRITICAL
27,35.953541891597844,47.83134649580244,3.2809476177616883,34.83484625877598,69.70821108516606,3,15.049806889141449,24.404335055241916,CRITICAL
85,12.042124169955027,20.82683293878086,20.472101243161024,93.85493250103639,47.39049177370983,3,44.38600520618948,66.24502194703234,CRITICAL
42,27.015459281693815,1.1018309264606563,24.05967307813348,85.14527667515266,51.96204829564096,2,41.16917295657441,37.56528546882605,CRITICAL
87,80.81419266289157,24.30741958072679,19.975660375549698,57.71496069261214,54.84687123094223,3,30.408233826794962,17.535653936391938,HIGH
44,25.456341289237837,13.000372881733602,14.52729337779484,97.3651643539456,76.97497371249922,0,14.833833540321063,32.016293207653014,HIGH
26,65.67672068753724,8.039494123984936,16.059500564317386,26.40524594179204,17.535934477546565,5,69.28592689686354,68.30381676907422,HIGH
24,24.512924189951114,5.845866740178857,29.813191141924076,61.70726538734596,44.08886377543747,2,18.449658308293937,58.43628803027992,HIGH
9,69.89979534242255,48.90112815195583,4.438326442148147,50.358618710845654,97.54656788900316,4,30.155976952232432,92.44122771447819,HIGH
56,93.79620242824794,38.42590829185541,28.433671621540352,93.50301607563803,15.605326745133318,5,54.61455879777747,53.20385796183095,HIGH
87,73.49062209278432,23.695533683887664,8.694815479875851,94.96085731591693,98.06897788797745,4,66.68877314558883,80.95973662061239,HIGH
98,91.61927091334975,22.105276710795025,20.674409444402666,75.84764691522949,90.01744690543481,1,67.80083369535207,16.103229293732408,CRITICAL
8,46.1466929732038,42.04384581013203,13.379180734767068,18.32330181727545,5.50336361538708,5,19.514974641376316,55.01121499466647,CRITICAL
40,27.614410609225764,4.179477519695568,25.483541662720903,70.93570493489652,95.76236984683344,4,39.44236129108819,51.59420922537886,CRITICAL
82,64.45700396627205,47.17010820509777,27.253408506534928,42.49583822325035,14.79459383783025,3,36.96299671092079,40.41895934312139,CRITICAL
41,41.04281918422843,15.404267228217282,13.36728123001048,60.49297100219038,21.569515561948226,3,74.1527676527181,44.4829286735514,CRITICAL
61,35.97706164971836,40.2836392551663,29.11082019606015,48.144897860098595,89.64288265570535,1,83.55115323303644,61.80389216674423,CRITICAL
23,28.700541163167372,23.730656500303155,26.025774596326286,98.79745125910271,6.611578116679928,4,75.61140535456866,13.402586472248966,CRITICAL
57,67.49253997427928,13.666442936105284,5.246790324705951,51.590796812789364,56.79163244012276,1,19.925756146018514,84.06695370575864,MEDIUM
42,59.848023385947236,2.1116457219418905,24.78744915917357,85.1126681467052,30.391437928453445,4,73.98560230691122,26.329421047492325,CRITICAL
5,23.862157267637038,15.008470399687656,19.216656275296895,67.29047479129363,12.417692433158278,5,89.2686525640555,44.62989335537231,CRITICAL
67,91.61138774384473,32.23929228065545,0.8532775460231268,78.82465202323745,49.305022503683674,0,59.88913233992872,39.367153497049564,HIGH
66,60.901713067637125,43.41729590964002,18.83988142443735,52.84366419675415,69.42450986674487,0,37.320221597348045,74.63094070293046,HIGH
7,86.07520612596232,8.142361634095941,1.7553118197926398,38.771300028964546,87.83172644174326,1,35.73854652293685,10.024391195950528,HIGH
51,47.756260464059125,45.6052310597734,10.679529692690423,36.08705778606063,52.961232989241566,0,51.38664930598053,77.81203157948586,CRITICAL
28,78.8220441230072,29.93812440061141,5.014077621038035,39.03461745768697,31.62104325504749,5,79.98772062441132,30.78860249457622,HIGH
94,71.95119777788997,4.791670491702971,17.40139924398721,84.0983335147394,1.2897663838784656,4,28.141776005189257,78.9867452611432,MEDIUM
57,40.62817821563529,45.539398924644715,3.0725357423446056,23.909942323747728,22.111350172440368,1,79.51067380387838,58.07224536892544,CRITICAL
93,84.82745636794394,26.282641234274855,15.962869609716638,59.60015455785273,75.63067436410508,0,41.73462574220549,92.02296020282827,HIGH
19,83.6960269645668,46.17048763386137,14.385546896206566,38.0416119262171,36.25685657487361,3,88.97263853816817,61.77662074339766,CRITICAL
48,25.498644366044843,15.234212960585774,22.333806488195236,20.67372016617809,12.871447843920592,5,14.235933637654153,26.524570913655236,CRITICAL
21,28.88569058268995,49.055478378610665,12.744152178798199,78.67213190021124,11.172219423752495,0,77.46923080403721,76.94673326588057,HIGH
10,27.671589327630134,1.6396357838269981,19.79366530034226,63.38585544626318,46.908234148414586,2,4.328149606471776,33.656351517295164,HIGH
6,77.90952443097027,39.11854070566354,27.60294212440967,28.486106789739974,90.11748671533498,1,67.06006478632514,7.779616032719865,CRITICAL
23,86.12753702072665,47.09224897525298,28.463748152498457,41.305288759606285,16.055733602596877,4,78.08021361273086,63.230860739746234,CRITICAL
69,61.321182147788505,4.955284230257012,17.34401034487278,11.258588042821634,21.699807581165153,1,96.42637989063321,21.318478961719023,HIGH
73,10.38960358218991,36.26746762494955,27.72696291223512,92.8429460181115,85.12968101185268,3,36.64630256454118,60.991154257855925,CRITICAL
61,70.61731283513677,5.3662252354802655,25.042264615332112,98.31710118178543,42.40918473472743,4,22.7554212567046,15.720320473118841,HIGH
45,21.125386222684025,5.51580806066378,4.077371097165944,78.60463114464686,70.47309151908104,4,72.21365723059219,12.813554787419463,CRITICAL
68,20.415034626650062,14.180572128648222,18.01168525282467,38.0806219714447,97.61790472350282,3,22.587342972990786,43.69181094770123,CRITICAL
59,26.990648710054437,3.4804578478465356,25.23174825365165,52.81091171888545,67.91311082798346,1,1.2785844495321164,69.0450966485336,HIGH
91,19.465469611237033,21.90291752020358,19.756447898563444,17.650531908345265,14.33675616593022,3,69.50371160399706,97.86923121410314,CRITICAL
99,93.27612839876477,48.8926664623332,1.9413123347707062,97.76867447732221,33.863164633708806,4,84.40295010109344,43.407457893061675,HIGH
34,85.42982182073129,36.26002501663197,8.355549968365654,74.21444266242902,58.191862399615324,2,75.63029437474364,81.09350194159121,HIGH
56,42.048757618847226,33.333850504147044,28.504164532820194,98.87708815640178,51.14145150698023,1,76.79995555775966,15.263483461797652,CRITICAL
37,54.04072437252581,11.541089649636676,28.272090137289847,12.675116650494223,73.77983559135527,0,49.81349086620468,7.541144358716096,CRITICAL
27,44.43696844885165,33.960218104331155,4.582099535186424,65.97700853713553,9.633362859615268,0,66.10806044311057,54.39514672696106,HIGH
68,81.34582737044963,10.096587722585692,19.8627969990445,54.12253242307549,26.16652737739541,2,80.94815973913097,56.35025376028495,MEDIUM
7,95.73224454191954,1.5799261594979297,12.912192168859912,92.34452426971546,38.36298767485881,2,85.28742892767232,47.04283389201271,HIGH
9,12.957381650196204,27.83332752414458,25.81082108155991,37.274011445216985,70.60592037748116,3,43.06811178810018,34.683669157279304,CRITICAL
54,53.87094340295346,5.469099644145076,20.25073740420201,69.40707303464822,68.53741671099691,4,46.981837955050956,58.414264069224814,HIGH
25,55.60165438813225,19.569240981113527,14.840733913565824,97.37836825848962,61.69396763778312,2,76.6470767392091,32.021566260202704,HIGH
12,12.533228793305959,2.25592260368096,25.108024559857718,41.398910901396036,74.20571340916081,0,76.51940203558124,64.38953502043611,CRITICAL
53,18.761504430572213,17.257151377180787,10.720982420130728,41.614233442250125,66.12400058226949,1,23.46220884329291,34.64945518441877,CRITICAL
15,91.93501168429266,3.2750118035599405,9.147373686985214,40.38348313629726,1.9711990195637963,2,3.7377621687273543,67.48793972298509,MEDIUM
59,61.12444643920945,45.0704922605949,7.998566557556898,72.63626286590838,58.79892335998746,2,37.77375934299345,42.07857508681736,HIGH
78,18.795310577373133,24.41793087871994,20.72591893563672,28.531748430707086,49.67313967851439,5,33.953942482640755,63.40864798765246,CRITICAL
51,97.248497748667,10.087931341287382,19.06332601174729,97.66965374978977,7.53211814193463,4,21.408010488268403,30.189734470214535,MEDIUM
43,99.66049240244077,20.101367609427502,6.776579311021926,76.85992230634909,9.195783523996791,4,9.473361515897993,36.99961581058553,MEDIUM
13,60.97854653080337,26.55318285348578,12.813176708610165,41.25848383909954,7.666159161580211,2,50.46395346829795,33.49135701452565,HIGH
89,58.595282123996064,10.003849273292065,12.069028672113593,66.24674883770369,45.32286053267139,4,18.060085088682598,6.767315601149004,HIGH
95,56.46017035576614,9.326946950272951,14.976108941350756,69.47255944155555,82.39079992637635,3,26.793595356615572,65.603004102471,HIGH
83,86.74971833244506,45.341791374133706,28.0390780194364,75.39535616642432,5.988166125319583,1,36.42746691591046,19.035650438334976,HIGH
24,77.17901648340819,38.27650409202116,25.32365987495827,46.92342362313558,86.018594972949,0,63.39274883535357,85.36686337874566,CRITICAL
39,84.13396340484927,32.30213268122982,7.69339904640352,64.11090427079561,40.586593924822964,0,14.996224784788492,7.6318964982832025,HIGH
44,51.774373081955396,27.99125052664172,13.083987330351574,68.22298460832988,3.700373472266272,1,27.27119634779589,7.768477421609306,HIGH
40,69.28036413761637,8.799261094739219,25.575630525253498,96.74082014726594,48.58419655429851,0,5.532727285909644,90.16802018860956,MEDIUM
45,64.14397661997471,43.35858898743305,27.017246549223767,46.63061664037102,36.343424522632404,5,88.57193521433047,42.70502980500759,CRITICAL
97,85.84752405174385,11.802057591055465,17.129201382654994,55.02236756655716,12.064261378316242,5,82.89815826745311,95.21907753226165,HIGH
72,32.66272525996416,44.22824311638205,7.142305657227631,21.004915010833578,80.66872456178838,2,83.2334165158318,75.03745359961177,CRITICAL
100,76.95630767371078,46.77500479775257,6.540251555504925,19.61326119127782,21.410863824131688,2,43.947541272920034,29.15906244498114,HIGH
80,15.03328624466264,26.67349851679242,20.988531846264948,20.16652121010493,54.574503320292614,3,68.27384475346408,96.51495729673435,CRITICAL
23,42.66982110418349,35.783561456106334,24.64096098575847,11.89667894010083,96.68051593395279,4,3.4809431742675256,75.24772288584133,CRITICAL
11,72.1614209754106,39.44013553544826,7.190274876277794,59.7455112980464,30.92685016911406,5,36.28550984200618,82.16377839519524,MEDIUM
20,58.14196234960678,11.819094738977826,13.272083935544865,10.707949562974406,96.0747967608091,2,30.088815160282188,93.95062843827331,HIGH
35,36.768061212709426,42.970836866738914,4.806816931640535,49.4961263002585,31.718435793718125,5,40.62888159552023,8.21875971580646,CRITICAL
15,84.08780023568198,47.02477100927079,14.132738501640103,47.16651866871676,84.11634663695261,5,42.23659997937174,92.26188885363135,CRITICAL
17,84.19607791625634,34.924109377328335,15.19003541760904,41.66707119255027,60.211594201051874,4,73.7785520604017,48.059866547919505,CRITICAL
8,78.5777900717325,32.068639860150405,5.512188664858715,49.90644738966031,64.10988057858663,0,40.066184997614705,64.68814595808846,HIGH
45,61.82284107357922,5.541409983419787,7.488106977127318,74.22075470737973,76.76073598162932,5,76.31627032912742,85.46124083125243,HIGH
92,46.92845844729099,46.97091107048061,13.544696974388987,88.61552593235291,13.350980178028248,1,68.74668716864318,83.54301788747415,HIGH
41,27.879734766452795,20.72482122763975,5.456677614188382,88.87510116367639,94.47571548423099,4,22.448713347863126,95.07037563012658,CRITICAL
76,68.23960203737232,31.33136787589909,27.205343415359383,97.67148145748853,19.826620267170036,5,85.1830871170431,9.729381636517616,CRITICAL
84,48.60130313065161,13.007888998557327,2.671838020838692,43.112813869946145,94.72435084524966,0,1.411490677731797,54.95458153143584,HIGH
63,84.45317067671495,24.707451506894955,6.734518493763442,28.28308274707924,94.60523267234618,2,28.796197285088166,51.94597498548763,HIGH
21,48.81777299247977,10.330297648937547,6.466997935296769,84.16799996396193,72.67080670385707,1,41.83309911219021,43.80978968206074,HIGH
23,12.589580462257306,48.80640814520398,7.064568761962705,50.587902230467954,24.831795967845416,4,68.42670861425665,48.52559058476369,CRITICAL
6,52.19934472433063,43.572173760550456,29.231975307991405,45.779924406235814,21.221766407293043,3,70.84531666583638,74.92989001224647,CRITICAL
37,16.57500563990434,27.849998719525455,1.5633783488413378,93.79581467163361,47.093242338468535,2,99.67394367335324,94.2355843165904,HIGH
81,73.86093689010862,40.49264753070171,0.16082955606062987,55.408779798218674,38.09376754053484,3,67.12620211459786,17.562634102743047,HIGH
76,13.701249005226952,8.968611158539225,5.095994957628857,54.35558448530305,33.91767358623202,3,13.191953368222698,35.14515174533634,HIGH
72,48.963669261050335,13.020300536171364,9.398088241553788,98.06649417808975,49.92106174802746,2,74.78233677192941,92.9925190348787,HIGH
41,91.25134087297525,13.160819416095155,24.887675366155186,93.40451928778153,51.697268570222185,3,89.26718098296509,34.97657734902633,CRITICAL
67,78.7307872288269,7.563237307844572,25.591009838026643,69.16775299086196,79.82201832532108,0,18.89199551092148,10.183880901610491,HIGH
28,13.22760233523158,13.011198179258015,21.178885877236613,49.278687987045664,99.5201743358189,3,4.0791708540317995,38.86941104335907,CRITICAL
95,60.47690684846011,22.887985219429634,3.374726514333115,74.7787567080493,14.805370661358708,2,9.35778782049842,87.47644541405933,MEDIUM
28,85.1458293582987,37.4968325751788,24.677152694640654,60.692265035066804,66.31376786953017,1,58.35473909825425,97.30459869199949,HIGH
72,79.01628666647451,9.028442359126727,27.61239589978057,32.15416922526663,49.811077622256065,0,88.73676980186833,7.466406017591936,HIGH
92,98.32010277552564,6.099547220084739,11.206749288068373,93.62335984118123,10.606992123259007,2,15.377546868379788,12.701007490770152,MEDIUM
95,69.35853908350288,22.70277575714764,28.656045929190167,63.47838334158485,0.5805360745094079,0,65.61727570173505,95.33511700514472,HIGH
46,95.26765574394963,49.991055479019714,27.206351002470278,81.73301168698265,12.932019838219022,0,80.15579629215898,31.880630930522308,HIGH
12,76.94199931893623,27.357811090312968,18.068745817554948,18.329590975472808,25.51639018804639,1,96.50493098115733,87.22397351933374,HIGH
16,11.84608322911802,10.411137030624108,11.655087049192014,46.21566106113962,64.71680011790883,5,15.413466185779857,33.36193275921258,CRITICAL
60,76.2300355924054,46.08499046791393,27.112028155839873,64.31622461837381,35.904425878465396,0,83.20528743226589,53.70205643763966,HIGH
67,50.08981734281162,19.404476313456776,8.054382107345104,64.03066745457315,9.022234943874652,3,81.09943596142234,63.317439427255124,HIGH
60,66.7617630834992,4.647373050614478,15.400243775936552,97.59446115581123,67.64400320070251,5,68.62365358593723,19.731621581416,HIGH
68,57.45508400097759,32.36126956517912,2.519103055604476,52.139725456848716,7.9183130765018594,3,30.03932546720395,98.49769213899988,HIGH
92,91.26132567999346,42.076897713785435,15.692761710524216,36.59334705150285,4.772827439750971,0,91.73020127795256,53.7743791954596,HIGH
70,48.242216908721225,4.72421812439579,19.825657618115095,61.163038932936104,25.33803310651901,2,58.556788475639785,78.02144343277241,HIGH
7,20.254194189954205,33.0789161707755,5.38656587589765,26.398732109828913,39.29573375378453,0,41.62515616175185,71.91596272048736,HIGH
45,62.84875493622214,22.74990743300105,20.107795994717158,66.14293547499975,26.507438973586538,1,21.106837082719345,12.430950298665344,HIGH
82,33.338590550761076,33.67043812063733,13.013967618579267,11.612369720088214,39.493384299187554,0,17.173535120338922,50.32638802167391,HIGH
93,46.458243788706106,32.885854678527934,22.32740490180718,75.33202643547224,30.27999819703353,4,36.07287830908766,69.011298578221,CRITICAL
93,70.75920600853675,40.232036748028044,2.6290539186647868,22.16025524771834,19.080208325320847,0,69.60324419328597,22.881004822299943,HIGH
8,28.830653230104947,32.43116108520112,19.492194781105265,49.22096264204437,62.60591511293452,4,19.091445271740515,33.58719761016599,CRITICAL
64,23.3349082072006,21.09396123208732,3.4937645866212574,91.21738026826084,73.87811817422367,3,96.38668707389148,49.791473871951084,CRITICAL
62,62.670364244555444,10.066921001237406,17.082913852360267,85.04546795231109,5.092218021936756,0,10.266352169521053,85.52480535763365,MEDIUM
60,98.15382441440023,42.430813050159514,22.112349401115164,63.62555955199203,55.43045252489027,2,3.701721495014809,42.96963536128097,HIGH
70,63.193534800524084,30.574764659732935,20.360037514211193,83.50203132694273,48.790149563480746,5,6.070468223325021,6.8068676076116486,CRITICAL
78,38.4265135213212,3.1755284472736953,26.78631588406122,47.54237122850607,47.33379715453143,3,62.269668980661386,66.38708221124551,CRITICAL
62,72.7762996350281,1.0403462355335902,8.640323443608537,27.29811677509277,34.38473898031613,1,50.76359452285046,60.82757745952654,MEDIUM
92,40.52376987752469,30.105006640200983,25.274014036774446,69.12623228253466,13.115856709460461,2,72.29950033976523,42.085267127911145,CRITICAL
58,84.97726712158119,33.655364681966674,22.037538966593644,81.63753973327007,79.97550589661422,1,62.18423784316226,31.83343545061548,CRITICAL
100,17.757270783447325,24.144488248637526,5.198733106140244,24.06826849667288,49.21857349641898,3,94.30546983612122,51.90388246511615,CRITICAL
35,28.848964721819357,2.352466806494152,0.5439178702503622,89.28154962862075,35.70438748369206,1,17.471479496321585,86.64885882268443,MEDIUM
69,12.877300699155018,3.1832793123031946,12.918613876544523,65.58066293896826,12.068803282068252,1,48.636529786752256,99.39796807118356,HIGH
50,79.24365113825256,38.504744648081676,16.71067050117803,90.66859292690495,85.34081480662195,4,60.4289484541758,14.89349217793693,CRITICAL
11,93.39688886079263,21.891335323075534,13.71406919419328,85.74372766925983,11.09308449526113,0,78.16523955059985,62.917305561191164,MEDIUM
18,84.12492052184461,2.09847186032896,3.1623325125231503,66.69335045386359,87.0869474153118,2,15.703254735730043,32.75168383326768,MEDIUM
61,78.57682209857326,24.91955002119835,26.114781372091375,23.886615918862574,36.37369076505863,1,12.298346943106564,24.179581379259396,HIGH
58,79.22973699281353,0.32937871117743045,25.04440109636155,52.62969993590419,28.675829995440484,1,8.523386169981674,40.38145395326596,MEDIUM
58,42.45790657885101,33.24976274574223,4.54833643582603,77.81564539423975,42.17222093583326,1,13.799433262473848,45.738170588567066,HIGH
57,90.82587317591738,47.59202705785277,15.484658806310744,71.39787750363121,94.37402563524464,3,14.558430589848648,5.945127779054967,CRITICAL
71,94.92785562770297,4.238910726570944,9.44413715637867,98.37504319484187,16.43246817147156,0,39.32662662803559,8.523904701447002,MEDIUM
87,23.585689002469188,28.727863005477865,29.331989280493755,98.20423673244755,79.90707655277969,4,97.26611472347709,44.83400328599116,CRITICAL
92,73.07113550472957,43.67731820953005,21.646531315750813,38.232571272781314,34.415736055301295,2,90.02085218414048,62.98810103865568,CRITICAL
23,73.02655574943444,22.30945253516709,6.154007141496186,58.99827619040288,78.83415789767166,5,44.21438179721755,37.79880824930306,HIGH
88,46.405513508513785,9.86478771305631,9.045942370060292,13.327315512068676,33.44929247349019,5,71.88805396858767,88.58818353690606,HIGH
71,99.27315725886166,14.196392973413507,2.784587035701782,59.660726622512314,52.13358651154404,5,16.002734022901755,7.649666403087501,HIGH
74,63.32532415749219,12.066988957013553,23.224733614312576,75.38583217596359,98.69547002410485,0,73.19861654933224,84.95042689467216,HIGH
38,66.42905790861653,17.723667295207463,1.431986188119636,68.5866177433794,12.474980539632497,2,57.2435280210217,5.495272823043019,HIGH
48,98.46555062568753,40.26937810546087,29.670002366958666,60.90375039218545,89.43388978953615,5,66.55205453432251,85.22709817869325,CRITICAL
34,41.53034215366948,14.226774747268244,23.543677884730524,74.3369021382102,67.24338020382187,5,37.76657247518498,75.06367060188327,HIGH
18,39.50622667730349,29.118452292887586,24.685281689140837,42.51407795315878,9.79878317307923,5,42.56921323272409,44.14503047455088,CRITICAL
16,15.59743052899692,44.42546484249208,14.28759214612493,50.15476783384786,36.929421631114515,4,40.275370767891,58.10200284644793,CRITICAL
55,88.48133134642566,29.215188882808125,19.093834479918076,99.68605979984399,68.90178615677029,3,73.17169604694283,44.607623430059284,CRITICAL
25,22.99115632117338,6.356198893772214,21.33451702990669,21.644666918537478,70.4524684795629,4,11.805815767102468,25.201041201249325,CRITICAL
65,12.934665062909332,7.84198490681855,16.770800732671926,92.95276199030845,11.876605899334102,3,11.033616305043115,40.11066670952478,HIGH
42,13.625392742827348,7.665225534790087,11.144020625559518,99.19180910066797,30.32600827066696,3,2.7977785402563904,18.572592202598454,HIGH
80,47.95812714381958,46.84103276366477,9.154918914077552,35.51340698750563,18.307713284436655,5,48.87936562455128,16.62115102273258,CRITICAL
49,16.080808478134784,2.234123802771848,14.435292982993815,37.87316911607054,45.23744277677483,2,78.13493488528253,50.14661710168196,CRITICAL
97,85.03151189173664,6.6404803700563395,4.155668580106763,67.2814236691911,76.16787809873327,5,44.90747388376488,87.30282749345224,HIGH
46,18.038348272316497,31.23852151054975,18.70768422103561,44.851160950616034,90.02444177523041,2,54.09944507913269,96.01755174765113,CRITICAL
61,76.2321515006107,32.29582648297023,25.978607199850998,73.64877635413683,57.199479363940064,5,30.884807974878214,66.29016937136093,HIGH
87,60.341754091260455,9.621336666929842,18.56112164448969,61.91700248558346,5.287438599238392,4,52.175378940549386,76.30306448939733,HIGH
69,90.71778522193257,6.014158821945786,28.085454299716524,26.176906128331336,1.8973583541531225,1,24.52866943902563,72.03368171823887,HIGH
79,49.980652240055164,40.346051206269806,18.205644634462406,46.161807872357755,4.4983643974907945,0,33.99565550462709,22.14826054438174,HIGH
8,87.36835693948834,15.869121768329657,7.715333795031551,20.318016172802075,9.933363304867793,1,28.53517245056797,22.35354799239098,HIGH
16,23.880463373746565,47.608236375181534,20.358257033495093,15.302236119678522,96.1123334804853,1,2.7171192417298373,10.557669314088756,CRITICAL
54,18.886979436902195,7.123027523168473,26.790330631483595,33.21408609894055,94.15775152127549,0,5.187811853408409,27.76418154278922,CRITICAL
81,62.742616916330164,24.648972045116597,22.57169935951112,44.65438116671245,11.508137188321,0,31.833644557612782,57.546503124179424,HIGH
13,53.575435896229585,20.374689487196985,7.012213672787344,89.75403064248006,26.915973837729734,4,67.50974290185377,28.40002911152644,HIGH
76,68.63958187899945,6.278567129601847,17.047369124013017,50.138403010008865,84.62778526231571,4,20.345690684677344,96.95159370843221,HIGH
52,58.639577915353954,8.40941659436511,7.354844556198036,95.73513640565962,96.1352109249627,4,45.174200118923245,5.095100568243504,HIGH
64,96.50029983105853,31.036495897639337,19.591765472013158,25.064350664979692,6.017503092815579,3,27.330293951830075,28.83445095085601,CRITICAL
92,44.21381629952615,17.570896015479665,18.966208222378967,62.66432498143298,51.03284216024823,0,16.14163051484744,55.738482203280554,HIGH
13,37.057451367932245,19.765245057057328,3.6893089481811447,22.568524146502014,55.647908150271505,2,87.82792943117204,25.030766747834562,CRITICAL
69,96.16754563290692,15.915197090779099,20.46302987905036,40.83717306826479,26.136053338378918,5,45.27180811242248,28.36318707403776,CRITICAL
46,40.746682427496836,22.989967077595246,17.98541001866547,11.428715454501216,69.18450603911708,5,92.22577810440026,62.83474128894694,CRITICAL
5,91.13004945860858,33.63532020655871,12.394890983951981,90.57413594934414,70.32996750546747,3,53.81314537014721,79.79399731970152,CRITICAL
88,68.61398240161748,26.932466414178723,26.77716579260316,83.44509393308442,44.51767703313075,0,35.29947323504017,82.21421849545659,HIGH
81,42.21691664164955,8.85933184591896,23.0389753308601,72.73271209405061,0.8431375956266085,3,37.04806412476886,23.334131481013273,HIGH
6,29.93686882319301,0.9890834832269657,8.43403451455109,92.92588206997364,35.78210189306116,0,81.62808240461551,64.3974730283168,MEDIUM
96,29.903291248405086,49.005956014174465,29.01889518566411,13.31164386323148,49.28378753699927,5,70.69680065365654,24.8632005280097,CRITICAL
30,98.58371841833824,31.921805216404113,3.3283958293310323,34.96127986326218,50.03256387562403,1,55.178518737681394,67.68465001275695,HIGH
77,70.49579919438455,30.148627447016622,5.26586519152536,62.9348125423653,74.59734385091761,1,25.96244807061806,59.1408126150854,HIGH
34,89.29027838317451,36.444943317120035,8.229839174118238,86.29004598422411,2.3117504953975576,5,67.77344609271103,63.373372361268856,HIGH
92,60.41043795257191,22.69630618466249,28.13671106706138,67.68696576788261,94.30742237719151,0,85.38598115649769,35.68493013152536,CRITICAL
57,34.663203663785694,34.008673771580774,13.997601828480075,42.53246587926984,75.90217146535565,5,22.454820608321313,31.4036379176914,CRITICAL
58,57.91692540345739,15.81209823681387,11.755766539560588,40.12352337958515,88.00984589146049,0,99.0264644752772,26.43466031491073,CRITICAL
93,48.143823118506454,3.722018345071082,7.499524845974924,24.803341773377483,31.08058576497742,5,62.52947009855963,7.647911463654113,CRITICAL
60,82.7253166747251,29.626538528956807,18.788913250355602,40.08722823594274,25.04094708498833,0,47.35765251395046,96.08625249844928,MEDIUM
11,83.947041630916,25.983752233576446,7.102309974330867,16.561975254248466,59.99647052553784,3,76.40985704635884,64.40813196758432,HIGH
79,21.234373507634714,48.726278938608964,27.501431338491365,43.965561972522345,89.00837365365932,5,6.502821879570364,17.11590011336067,CRITICAL
61,14.93099471280274,30.536931986430737,12.955169692439641,19.164482362425336,5.578995912714335,0,29.49167702341773,41.23827098429122,CRITICAL
17,65.55717786905691,20.55540019017159,25.93748232712802,80.87273276876779,62.400815643822064,3,38.39200248137793,80.54064438246223,HIGH
84,65.73074988361458,16.980823744431667,28.127545567402862,80.46362237883721,45.407676337072914,2,58.78133564627268,15.260626038577534,CRITICAL
6,63.565759690083155,3.377223608228003,23.682492712314303,27.425308759460584,57.32121327965082,5,50.889800679896844,38.762165419725065,CRITICAL
66,75.21607328859403,22.23121568036206,7.294574336187399,81.73230256115176,6.04911828613337,2,58.45222952652583,53.74694527071288,MEDIUM
88,77.89362715331411,15.559412011379713,26.55665730114513,79.79460979332195,14.740906260552823,2,60.33294896997534,32.65107475250101,HIGH
6,56.5912530778318,32.88384030696018,4.338011530932258,31.36486199229737,81.91837879655877,4,85.87022055283732,45.09580833958484,CRITICAL
30,97.88596949006222,32.02773962486543,6.037837069913106,16.15633979990834,18.935557207360965,3,69.47815767812803,98.28270930352231,HIGH
81,72.31724552663482,42.60043411642713,16.982907272070246,40.20944360978366,29.963159128051466,2,16.227998662626664,48.1586989255996,HIGH
10,54.63376059939361,45.99767960745732,19.163011511346344,72.38985017481939,46.65367575281859,1,23.901903987486804,74.78568686539752,HIGH
47,82.6544176534364,18.79559017915888,12.009376999194435,84.3475890836792,0.6725388488301176,0,7.3731156869878305,7.851670926032229,MEDIUM
19,22.816177577911752,22.02040597587952,18.940037321825262,92.14378885103721,35.990923675823815,0,19.912286995220917,31.98958398061937,HIGH
33,89.6844006596498,35.94183369513024,10.194524790540527,59.90544596416342,17.854143080106045,0,17.60774243092642,29.869917567906153,HIGH
17,11.889438441620134,33.872618949876546,11.367682737455334,80.86726724841473,11.096900953638011,1,30.50723780408775,27.81424362298743,CRITICAL
52,69.48178436921822,47.05808778365207,29.31305538096044,99.79254227942481,88.16637950667594,5,6.537751941750436,18.721063352068477,CRITICAL
21,81.54083048602716,9.584064607528859,11.345865881671136,43.68297717433903,59.95491626079392,5,24.454963893453474,9.38854327420015,HIGH
83,62.85932851597067,42.72177164832813,8.825482381043088,23.37102271237414,24.717164824350903,5,79.56119200592734,87.92089173207849,CRITICAL
70,97.15458767538816,44.291714388501134,6.27712720497665,17.32669316694043,47.066729360071726,5,61.488644827062664,20.906186426567366,CRITICAL
54,77.617723415926,32.25357821253548,15.274755516856779,54.872899850460236,46.42672775611171,2,71.24868733724855,54.920188754636186,HIGH
66,74.40848854197316,24.739601267039085,8.050063754883412,46.0851463483982,92.11852236883675,4,64.97372615084386,24.683961762897642,CRITICAL
30,50.687206295767,11.719229592345643,6.557811790555498,48.25205691146704,37.70829630745231,1,93.54989069881408,40.54019875213711,HIGH
75,17.628302440715785,37.581137599061485,8.851440499239855,56.69386484952081,23.017757821054918,0,46.52531110663867,64.00695288148171,HIGH
59,50.60360828101328,21.62528314029901,11.02535824578355,54.77887554862974,27.301946567275316,0,17.95657310015596,27.21008796419473,MEDIUM
87,16.829959841954434,45.07379236907456,8.835534641728561,55.158842773371845,54.665188970904346,0,78.58732959361743,93.02756232496687,HIGH
17,20.672909367243797,18.011844544962564,16.380781799623353,40.03820574058718,67.51073250863053,2,30.271558273741107,82.4786540717324,CRITICAL
92,86.0903411708907,9.53212183179059,18.121021315007443,22.407861350897385,85.4999212565894,5,73.98210059339227,91.67634036248823,CRITICAL
6,79.30684817547107,14.092263513173481,10.398970793886836,99.7158101673648,94.58150074314958,4,75.78060750313736,6.129618434908824,CRITICAL
88,56.138227574785915,38.058026861954055,4.47843429419386,45.77547565461743,22.692630233865884,5,20.987502093939668,27.203703030969262,HIGH
80,80.73771834176311,37.88106496212569,21.675310540437184,51.526102354074716,79.19148883661319,2,84.58016677785407,45.73533254237808,CRITICAL
94,47.59190782057216,21.93404005839375,25.58832374776456,12.709366632424402,13.895022554329362,1,30.557193564887342,75.09148080587171,HIGH
68,82.93612464738139,41.71494407752992,10.194667255615585,47.72325842317,68.57628058837815,3,76.28415806490436,70.59926763975903,CRITICAL
43,39.347156307294654,1.1619920162772468,23.560734323905926,92.99297714622412,15.369123948546736,2,56.81908848124691,80.91884886685955,HIGH
82,61.64908608812859,19.54429446912263,11.439556897626357,95.38234073785881,6.370924811430701,3,18.833867814226192,15.320643829106755,HIGH
77,96.57443315266205,31.950165292152683,9.139363935569264,25.428129355521385,67.48855378695336,1,3.2059154111704347,70.45733222603478,HIGH
67,12.415465465205084,9.949936743636068,27.340359307004782,44.73047029632021,20.589229638158844,2,65.95698932140745,11.648046100087832,CRITICAL
12,43.1787039091278,0.5523544444984596,9.803162111276539,91.88312014175587,39.11052730458635,0,12.913766903022683,44.7492542895217,MEDIUM
100,16.18866916752875,47.75483828171622,25.97098481799953,21.69390550509405,20.567700497625154,3,81.78961031859487,68.1553013257988,CRITICAL
25,64.33385038195718,46.957712736097626,17.624758601853138,55.22275190434965,68.48359291177722,2,20.17027289229877,99.15308575001164,HIGH
62,15.75730386534658,19.961845727581007,24.22697497461143,57.32708543241196,91.0302538940527,3,46.02045600317079,59.73261146778653,CRITICAL
99,18.19924090737149,32.3149568889268,27.566875991889823,41.210365615997375,84.2639473912477,2,39.10903678314946,83.22581251672321,CRITICAL
27,47.35474826710025,8.978905491517713,18.53209549186616,48.886895263228816,38.46649967941127,5,18.34443189093622,59.0184502607267,HIGH
55,72.8780281179537,2.183223232513387,26.56625454214355,24.21390015363592,88.25558321780204,4,29.188959052158093,92.04815168932576,CRITICAL
94,75.38839790982637,45.111735991110976,27.262094131146572,47.015034253262534,76.18607994379393,0,99.53163815195268,12.27069543125258,CRITICAL
18,55.3955358191469,38.97553210184467,12.302882027090186,24.835519513107798,20.73720954810423,0,46.21674867474874,11.953571741970842,CRITICAL
93,70.8059859832842,23.095198490156072,10.309731456478858,45.940765194740756,19.440358427669345,0,1.07373613909314,15.894858109686234,HIGH
22,39.439932631899424,37.433801391812246,14.542777119880244,16.141345407287595,54.842854035662555,1,71.35815393181028,46.583746994467795,CRITICAL
65,83.83840207101977,42.07812665453796,5.117672869226899,11.625951488531898,10.051512105194183,2,12.415138285349181,75.43741589136945,HIGH
26,16.982676986048318,38.17945234895148,20.321494252961635,23.814682957971236,35.80869896556453,1,71.4412272233105,89.8053320432394,CRITICAL
73,29.454984961340067,34.83711818149538,25.09503423455143,83.03606433465109,64.10121892581874,5,66.00404076055429,14.765362233733732,CRITICAL
93,37.749182581594596,2.6207628094424837,0.13997198238924646,79.51687256966231,76.711423845394,1,37.46447034832565,27.66133069245994,HIGH
16,11.443459897871657,1.397208492938662,0.4367989310137843,83.84738942454504,67.99595256816555,0,22.056785195131035,88.81717547161358,MEDIUM
90,25.10945987076338,8.352362753455528,12.470400298945627,19.69154457305513,32.71414661607114,4,62.67864345725441,64.34396855291973,CRITICAL
74,45.55575292187251,21.394014776052515,6.972244131664929,19.52967831560872,32.33678279341873,0,40.21394897549805,35.042821028368394,HIGH
54,29.14911457367117,11.004809687292678,19.738851073775788,35.06118616830594,62.39093942119178,0,6.733126853004134,25.763281241463112,HIGH
43,79.07906177564128,24.978801229261787,29.714228757131156,74.12779978108658,79.12597730050331,4,17.145911046818007,96.10829691589426,HIGH
81,39.191886174138105,31.543696186063947,11.65696323169034,93.2098061406092,77.14064098426755,1,33.20465473482835,65.35857790979033,CRITICAL
93,38.61702775971544,42.57771062343217,14.463911369632218,40.15946963122778,60.85333221562449,4,44.891156541087774,53.54748342824158,CRITICAL
99,30.91829296430799,29.373427370424988,29.651425930848347,30.934531404891633,61.6348674587466,0,30.884862867292995,75.10176197221351,HIGH
36,65.77896056432327,2.9961508279872984,11.23570885480787,36.69532573358015,15.16705853920276,1,64.20388969623052,27.616076974003523,HIGH
97,63.82676697499769,47.293824867802186,22.177669080495512,39.58208666804455,27.812644330813473,5,78.69708818234047,8.762710276863876,CRITICAL
58,68.32417825716695,14.422755222972821,0.7107999687664246,86.22413609891073,33.12702726030976,1,20.581743522965724,10.137028218284584,MEDIUM
90,98.95386488996762,40.072590368743924,20.88834145356019,30.019964908999853,87.27057828119837,4,32.16369910802355,47.02428456268712,CRITICAL
5,15.815519230723423,24.582114469254357,28.609835697516523,14.689617582358606,99.20125688726604,1,12.556099960028666,21.4992033414536,CRITICAL
75,84.80987907626464,46.59063451155026,7.08930384533656,17.034806224417554,72.49891047706771,2,16.415881158168432,23.765944862871393,CRITICAL
59,25.879195440758846,12.448471524976457,8.560586700533738,50.344407313282204,63.56037721142247,2,86.2425526837177,50.71121716947493,HIGH
51,45.84200258548985,8.388301905510382,13.241282125420252,55.47632988427191,73.4928104530502,1,81.96038078796678,80.38806710980884,HIGH
7,78.57363689189954,21.369864364729153,2.496985664708534,91.5811332534099,30.023155059802054,4,15.279870892205928,74.03158233829912,MEDIUM
37,44.24052135444142,15.292364155353273,8.49677243273263,60.59278908775957,48.08443343038831,2,13.665634926306724,49.57955571705845,HIGH
24,92.4518743683869,0.20902753354395398,25.84965381786968,75.7331777757487,37.42578140754529,3,92.56910712705564,94.3270736000815,HIGH
100,43.58304079296714,24.47755571745739,19.23146165628479,62.94781048902192,40.87875849381057,0,99.24724692225698,16.82536331235223,CRITICAL
77,24.61261449367208,38.14754278819931,28.712906298471633,79.41433408988817,75.15774050522245,2,50.960836342817885,51.419075096570516,CRITICAL
93,43.13624868304272,2.8852308731177168,11.559994725849945,48.163630412591836,24.67918116029565,3,3.450757206580446,82.2470089743611,HIGH
85,73.59030597566294,1.4128039395330139,19.9702691239119,23.309585329292435,60.54356355627682,5,14.73673899046185,28.504406192929935,HIGH
79,95.6600420894803,42.075794995362834,0.3701216243350425,79.38749669721366,64.43973907203187,3,39.766692151181225,60.68524071979396,HIGH
15,56.66833394687938,9.441162599625496,12.688345797171502,84.67746085240269,25.28712353992223,2,50.064682191374466,55.65412463662159,MEDIUM
53,62.74717940180076,36.69667184785343,22.573867561608655,93.18885323024307,86.94179586237179,0,63.61802486524857,78.78565591399166,CRITICAL
49,83.2805219504551,13.45106689212101,6.285766645524694,77.3461226062277,69.90089960999812,0,98.70254931479595,82.55699091936431,MEDIUM
5,18.7183595171998,38.687181732176505,12.535188166416134,47.51580915530701,28.83402610796856,3,17.063425612748627,40.59188192865254,CRITICAL
95,22.089885606034446,24.323562972986817,15.078412580896162,19.921442497964726,56.70921341655437,1,18.563804180130994,10.60329616995152,CRITICAL
28,82.82607636097686,9.594241626319256,29.488413759084036,88.4453992306539,44.073044975725836,4,10.919544747741504,65.4611957876532,HIGH
15,36.38130268241193,18.88642688269972,8.302866085826405,40.793672596439706,58.56464001147458,3,48.5194352811609,77.25069146288088,CRITICAL
6,15.495082020366686,37.58993482411419,0.21679975062361523,62.42009037009362,98.76188340921651,0,21.10683584387193,80.21972097970459,HIGH
53,64.2686384678384,49.34484212177168,22.840919107013,93.89155427912885,47.323178318822116,2,60.437155089865335,36.972269119505484,CRITICAL
92,90.11369765458232,49.97225676299028,24.50541576138072,94.6891942062151,66.5078285325105,3,61.08090583774561,97.6539807678966,CRITICAL
47,82.5643184707758,0.15423314903648677,26.11624532155132,46.162752101345475,83.54211590287875,1,2.5680427267470773,16.674981248047214,CRITICAL
72,35.15207771655599,34.96323106864085,24.45155275952912,43.15869056189526,61.83516955836481,5,86.98530679583506,53.91683015411366,CRITICAL
89,26.914144160461564,49.30907027351605,28.72641428007283,83.1357142999509,1.663030411137112,2,87.34344917964508,97.11176977841549,CRITICAL
99,39.29726795117294,22.215307963475077,18.20289048951927,46.014867175582175,61.259234543115184,0,34.833395799932084,94.2130515239457,HIGH
65,98.81843171455345,42.85500001143654,27.15608286122733,76.08499686894766,29.386297320704013,1,71.19419734415519,87.63657871190584,HIGH
78,80.63757491940434,35.83328146660202,0.9523724305319825,54.81325508440933,8.70898909967266,5,99.63047396298248,98.78586279678828,HIGH
64,25.124756624376563,22.31433501655281,3.470359254368068,69.63778993979179,24.090161355850093,1,17.043301279285927,94.69993846621949,HIGH
94,18.048863407166827,21.74467034390623,21.472954682086804,24.421175000148352,92.89673591144442,3,76.6308823826595,25.935723322045977,CRITICAL
37,69.93394131114488,47.5751939779188,20.11803816030132,69.8928731100118,92.27361867915339,5,72.54144064482956,13.591966670575314,CRITICAL
93,39.95210057850669,11.190310840226692,17.27916257821114,93.14627508864662,6.466702851643069,2,37.70103224379354,73.15705974088566,MEDIUM
99,75.25252770147134,32.69598247189157,23.552456474728867,96.9623197395555,43.69622529182395,1,22.355083569209235,15.99054670067703,CRITICAL
16,20.02442701177707,17.011892698921717,17.766014621528385,26.9340734706491,94.20076766320035,4,36.77370259718408,86.06637935914372,CRITICAL
53,61.92251575233497,0.08392457321245717,1.856548098488101,58.2042736343085,84.71185966442937,3,31.964298912347033,39.6772650313692,HIGH
91,94.05326486893651,6.315368235018615,19.912283331517347,63.169838488047866,10.658592280233192,0,53.82929433313163,48.7572631613388,MEDIUM
23,83.45331642672487,14.841177626407386,6.567127145789414,71.19828299448346,14.742535800833556,2,14.587069859400337,68.20831690480641,LOW
94,13.090947895491329,16.006967912946422,15.071339828595915,71.97399974697649,27.34525426987454,5,57.3971953081211,64.95232186261782,CRITICAL
32,54.55229726608514,35.20702383164156,11.301258815559574,98.30285156457808,33.3144546692835,5,21.061308568768155,74.60251974888985,HIGH
33,73.03666722934918,2.6283152115187947,25.96295687020691,26.1118209146715,48.75046516015787,3,29.910177725843734,82.42615537813886,HIGH
25,99.19568934992644,27.397145477043676,10.12230442965868,71.01088175630528,99.03142999731537,3,39.10630946742237,55.14522127093141,HIGH
41,35.412767474903674,46.15318931456363,21.033260119613754,59.320902864929444,9.731956668869168,2,75.22664799636412,60.13644957733352,CRITICAL
11,86.48287485623202,35.47937657835856,13.725975004129257,24.732502117337038,13.7560959472386,5,48.244171806485625,90.23571825592349,CRITICAL
31,29.632282572927025,37.41912588315273,22.05956689668551,10.821926315131183,72.59575117836988,4,10.194784163175374,79.62242896784839,CRITICAL
23,43.890021335600565,49.135027239885574,20.383357966317256,25.140062669952812,5.6331508577225575,2,97.4158759965567,22.065123541511618,CRITICAL
11,20.561216087824906,25.77175894755788,10.154574571563092,49.04392955657413,14.856832196543024,5,40.399399582297356,8.229318643258814,CRITICAL
35,45.6980317382241,15.134480479353702,17.884664376353182,25.523830270407544,74.52002344680699,5,99.11639600643903,68.71990984349915,CRITICAL
16,79.9957730004984,43.244789473040086,19.50932809310427,34.76944362305116,65.31954738879075,2,1.1602417528632114,16.079625247795235,CRITICAL
20,54.02965968643754,33.43961049187125,15.29245493373313,12.072408518318408,57.29819088231722,4,47.94983660707235,70.90395596481213,CRITICAL
17,81.49093429266743,9.05482969580586,14.525744318951855,68.01369840835278,43.36564786610256,4,12.523643746555779,35.89675259614242,HIGH
96,91.79924709796119,39.76124135312105,5.5466954571002365,83.15811435182967,1.9746388448748986,4,81.7462843182808,79.43008279173556,HIGH
72,53.97069361622519,25.945055796632143,17.541646183799607,74.23742118250195,79.00676924862017,0,75.35082157923891,24.709058230666056,CRITICAL
89,90.78420684158314,9.03320866152772,17.97307819766161,26.19438007830947,55.472176855230984,2,12.304530321913331,17.2375190975718,HIGH
31,68.73764503381344,4.391046450471952,7.702814530905359,77.77618574463185,8.461032792872514,0,50.614831074012756,39.53816586581048,MEDIUM
74,25.44428786690994,48.8551549409436,19.744781032223752,32.35033763240276,4.616626311998518,4,90.46195133239166,32.87269866183377,CRITICAL
73,50.04282588203962,28.853573460296843,20.85304483315409,57.03996339418354,98.60195219278124,2,60.617213352180634,53.50608289193177,CRITICAL
93,18.91082182255036,40.98816478428824,7.113010668024557,26.926628595218503,29.970922958914315,1,95.74229280219078,62.20371676569215,CRITICAL
32,63.26048249241609,13.869785937850216,21.873132129530475,47.981351067814,54.98486105722738,2,38.178231306201916,90.8476936855565,HIGH
56,51.04609740892698,47.23702417842276,20.29577011436448,94.61793953557597,14.32439501278424,1,7.055804602480076,74.60411537880427,HIGH
86,72.71226404682852,9.63137101920134,11.164267785171154,69.15862477048785,82.05082082109708,4,16.404307201271106,83.04894145266476,HIGH
45,99.32040923014704,21.68135657122057,0.7772958943287334,64.32465219702416,7.752459697518665,0,53.147016547612935,69.9780284769463,MEDIUM
57,15.93634232612085,32.00887444949677,10.884584540705097,40.01656137426484,27.325300236291906,1,27.364678688245515,14.304951249285173,CRITICAL
33,44.07691162571651,5.250136473303141,27.76907580871213,25.81582350569077,72.83274149560326,2,58.88270498912278,81.645825553788,CRITICAL
17,57.606410692639784,35.0227767870419,25.96195048436449,59.63880087729436,60.74669443001311,0,17.074741660055803,94.91847903600281,HIGH
54,26.26052358050316,40.30424980122489,20.334356494546,80.98726569005395,55.16716956691218,3,47.686186874143864,17.11935929664073,CRITICAL
6,71.7992514090306,35.66113306414011,19.72688804411181,22.840312824339115,56.75607750968812,2,5.286462544233828,73.91483091356889,HIGH
52,73.6752174047942,12.455581381252118,18.261089716459157,73.61080863476391,18.310452579677104,2,79.84688987483517,52.711778337120016,MEDIUM
40,95.73546900226813,26.02973317417391,21.55400429995083,93.14307602690229,22.87641041367309,5,85.79214743296971,95.00819160817446,HIGH
57,79.3520561467582,42.262280393444215,19.040300416829034,16.90238912176916,24.003674048831268,0,16.511312555757684,10.45409461882402,HIGH
100,35.72657778765543,46.479450349826564,24.250407563377834,10.962521408460805,94.83966858981819,5,50.86823622319208,74.42574980080646,CRITICAL
66,54.802468391888084,34.25609320325941,20.303224970716354,57.91684108085465,12.469158623718801,0,61.62866070135236,91.53420853601958,HIGH
100,10.65612311865692,21.2489454830407,16.029744688347268,41.055456340166636,99.42219461424882,5,95.08683899079185,83.21952238620037,CRITICAL
72,71.56702916940618,2.117799076204574,13.459561310257177,25.167910536430735,93.01853618169618,4,90.37986190994722,21.60734852505196,CRITICAL
51,85.54680415986994,25.68422420072985,28.57450806742308,48.0450041934528,37.909476586046786,2,96.97284036370628,37.106066620605375,CRITICAL
91,32.47887011509669,26.955981124481948,22.992417333529776,20.607886061860818,29.91779929632297,2,26.47507877131249,5.212259256187398,CRITICAL
85,61.19577501286516,10.873159737533467,9.144593982944413,93.98002994300532,64.29736354613975,0,93.54143847752881,89.78692128275428,MEDIUM
67,15.174705624706789,0.2945552079119673,13.810616283540085,36.85155847557148,10.716405514742732,2,89.01962766232609,22.684982107553388,CRITICAL
50,10.797735967639086,21.540190835314288,5.926333014237233,57.618690626983884,89.85099580415388,3,12.384264851442806,51.3041546989716,CRITICAL
24,79.25028465015448,12.506737644260834,14.120960398471091,43.687852076706626,36.44956978286912,1,53.64273847009529,30.600759091422137,HIGH
61,69.06516801969835,21.967835039583704,4.1962320403168585,77.23819791567634,0.5810218745743723,5,19.84646179576638,23.00887154091505,HIGH
10,22.031229849972874,21.05278847512751,9.936405323668824,12.844588715047568,66.6204819075703,3,95.96988533827877,98.37822675891938,CRITICAL
20,47.89857904625016,27.506183644968118,23.994602564365373,74.2888862749119,32.488769852437,3,50.185858254130586,92.73831881940255,CRITICAL
54,21.827590315609797,47.88392972494646,23.781388704736276,21.351122066369495,34.41205509007046,0,76.73849514457409,27.467968836007895,CRITICAL
91,84.68521841460979,21.48325256125574,17.912604675612947,10.722600140344843,48.01930136193828,2,48.59292438821113,77.28549022786642,HIGH
36,65.5851844230638,36.46242861123377,5.60580706211927,35.302495203953114,11.501999098186788,2,99.42570604455156,28.498665230731607,CRITICAL
59,27.857121323424234,35.32304494929199,24.29857405343612,73.10304586396444,50.2333943628523,1,18.866899604016286,86.21283222856849,CRITICAL
85,67.10294726033024,11.469209611587667,3.968874380279294,13.452978839334449,99.0398795844446,1,42.63029770378868,63.56439902608195,HIGH
16,87.79150996048735,19.017632457352125,15.749135458420055,73.01429753748995,98.01243411855968,1,33.61778514539886,50.5235475735979,HIGH
70,48.43655450603801,2.5827744246609443,3.3016484832568658,42.72185314632978,94.29987471627035,5,41.807419990724796,35.3848840671412,CRITICAL
11,26.357646164894266,0.02679640506603742,19.81292271869362,38.947564580127434,28.531696999116363,2,90.84819749483601,14.5723614911453,CRITICAL
28,32.70367417744947,24.56431737675564,10.028464415153122,20.03757520556338,66.89475403253851,5,55.17682267014953,86.88755566164305,CRITICAL
47,42.451183696957585,40.50176231614685,22.287960599096483,63.00199678240408,60.471380778843375,1,65.02483433183055,24.953163679771755,CRITICAL
54,17.85080559438051,5.318275887699947,18.886758851093226,64.16516125821985,4.103893478633047,5,81.7409151721251,23.328113197853448,CRITICAL
62,93.29505755660956,3.743980058214813,16.397370685415794,40.86081718752441,72.5350659148384,1,53.355755448914664,19.59887351216416,CRITICAL
21,27.253605482273766,27.524784099907844,7.575765227881069,88.93678082780512,85.3438294277251,4,97.51261573086644,90.01673765310007,CRITICAL
62,66.68781745850539,5.871446770000893,13.083772897953203,53.453855646478935,52.37627620349252,4,79.0885172947309,20.858837156888818,CRITICAL
40,72.7035604944365,6.446711826941503,1.3633567741072738,60.95572915279422,79.43903801774532,5,19.0190916811788,82.38068295837874,MEDIUM
68,71.6224851304463,43.512785998541,29.14615252799962,24.89663980452004,75.07277914082881,3,56.24985901964617,42.07345558763035,CRITICAL
82,34.4344770060719,9.20331701770445,4.800091662682139,29.602694982961918,69.67217475836077,4,45.54409869299661,72.23663202267156,HIGH
72,33.29511558493163,42.62375392777336,8.89091060495109,34.166318697434534,11.910339572361927,1,4.561246584032319,27.63059361074204,HIGH
10,67.56538088122421,47.10230003431531,8.33269512517332,21.96742537870359,87.33828424708643,0,64.24131242932651,28.655767060860576,CRITICAL
31,58.1135431711125,0.06999807381834477,10.423856966052101,64.46435822173711,36.91101619941135,0,94.64278273691365,88.97870683804997,MEDIUM
38,74.98716318625989,20.41714411166897,18.344461015215963,39.217162643920744,5.726343114640786,0,82.39317860862847,25.831561307573935,HIGH
40,25.906171523324012,48.58023524866942,16.12166084140187,98.0886148521183,77.81859929786391,4,10.644273253233871,75.84812995322766,CRITICAL
53,95.10906740161944,12.867258440712758,18.786889232912408,64.39075208886715,20.615900916492215,3,22.063903752165302,30.535382735522607,MEDIUM
79,66.68205948692534,42.911066767907776,11.86390224597785,50.145031518154454,72.98119047752478,3,36.864000669370725,90.70597362149994,CRITICAL
16,54.63650581491156,22.969505632306642,24.46793962918643,25.849949695150492,56.965798505036815,5,18.040664231452542,31.794203460212746,CRITICAL
44,24.662678388303323,8.886713466606732,11.825920050002667,64.7039869197184,6.945411967875326,0,42.6395030656858,48.227295177932454,HIGH
87,97.33469185401042,5.011689932758701,15.803356499364513,75.40881624475104,80.79927266522387,4,9.972994311060845,41.47910212701567,HIGH
19,84.39060234442118,38.172287803335905,19.334463388028233,13.936603828490625,24.83429444590034,0,26.765647636827527,94.16684720368322,HIGH
81,11.214721361667198,48.31803813926733,28.72853073291347,19.570505014161125,73.61315102745246,2,85.27202137370091,13.071693362448777,CRITICAL
22,53.238288748044205,28.142561723437264,13.329785946487988,24.682999757413928,33.17563196935384,1,24.380885851290447,56.63501166361505,HIGH
39,66.4737267712143,6.153775759491287,24.74774704378676,19.253378056122273,29.673849122648,4,88.6456868324305,44.45204383488243,CRITICAL
5,92.09502659878244,1.2000434945058591,12.814062994431643,23.263885913773557,65.53645974907741,1,92.16909176035978,70.01966004483894,HIGH
92,89.58015221608137,41.13924350649664,3.372260144014785,25.26031553126219,11.01356537977044,0,95.64664882112226,31.772355876447634,HIGH
14,65.41270911719822,5.917548522537014,27.699588222362596,92.78862429881384,89.55864909540625,4,15.11029688869996,45.71969837245092,CRITICAL
47,63.965033637902835,33.971665585504674,4.506601071309495,70.05460464838492,30.156376678316487,2,34.83856832638544,14.872643468930274,HIGH
68,69.55585437432023,46.6440917050097,24.321582445573355,74.01760139973103,7.63694926266083,0,86.1713975169472,97.91469498813957,HIGH
88,23.193017906122204,7.389009144380526,13.400861782135841,81.71656653805931,97.63392469170094,0,11.316403432073352,45.608050198559496,HIGH
98,35.06285282239395,4.522350923364388,29.843150480285825,26.368510269211132,38.50173976466712,2,49.42064763891105,50.72241225000455,HIGH
57,64.15688038926677,31.830209245333503,4.146638319374826,94.96272406619697,92.16049033843585,3,41.86596315304879,52.22471796856066,CRITICAL
73,54.33412654640301,26.81062810920335,6.9034354503364685,17.525594922056445,71.49210529166517,4,57.78764395161908,70.88240051323733,CRITICAL
100,29.740059027659875,4.362510977384843,10.851282925054305,28.295169990148228,85.0595109292527,2,55.83744680428977,95.97349828251677,CRITICAL
19,15.36196509020457,17.467376724205362,25.462544973789704,88.00952576159104,81.90104524742758,2,46.03883858333545,84.34897192615762,CRITICAL
75,97.46376412973372,45.64769544492549,7.274922254101343,84.50396269718443,5.58656658753407,1,11.723580928185562,71.09917001334183,MEDIUM
23,43.971470489929146,1.317344120190489,28.9473957772647,43.451580814030024,70.14017634541528,5,58.16070740950874,50.29852412310639,CRITICAL
81,88.34292794939567,1.5092865179801962,10.957326548087035,17.109396323964905,7.706529656408501,4,83.10679928489868,44.56701263206553,HIGH
28,52.27882636279027,7.005619908909172,15.823501132107657,95.38891879436144,47.01845006013101,5,33.73369905648651,79.23270625070094,HIGH
93,11.188847763905045,5.563333316105357,1.8000239613258384,67.82088535197614,60.41735988194713,1,50.329542279503336,6.0324197460496,HIGH
59,71.19131896899474,43.79882568653542,16.62467763827892,84.65664076227614,91.91502300803745,4,30.603395930940515,26.59491125679518,CRITICAL
25,34.46448473320163,4.596826255880682,11.326808402968854,95.59657328771056,74.31347385932821,3,61.90437604188682,25.796109231320322,CRITICAL
28,84.02544690027547,48.79936969253953,18.152502143765908,16.94883162893574,69.24265956017084,3,31.318966040536722,65.97962925944096,CRITICAL
53,24.834192357364657,40.166963030203476,19.399415870954517,27.52575303832263,10.84008820682768,0,36.27016291259986,78.98573972603589,HIGH
47,12.52439738480517,14.110346571639326,16.247037449433922,15.878725044964956,59.711075582338125,2,18.774380945929416,24.16396238391809,CRITICAL
9,31.630163820275072,4.251967734345474,17.103683255194902,14.038708438996512,98.64939733611472,3,4.568061268366053,34.88512775938986,CRITICAL
44,10.76308576948006,17.832457181691908,8.472065394834953,45.8322749660868,19.488370652848808,3,72.56881248640812,97.51582058000642,CRITICAL
94,70.72177759382267,16.565909388395607,26.895335407879504,55.322056256907125,50.21771178207869,1,2.36853106854521,80.62658322081427,HIGH
66,62.77223831559055,42.60135480664979,8.703581428801193,23.638402979177663,46.31062230374876,5,9.329086506976402,73.25395719706384,HIGH
32,82.67284304895531,32.71100749852606,23.064771455203264,24.494232381936133,96.36673592151695,4,99.22788718992518,62.83019801141706,CRITICAL
71,93.72044830901369,17.070764469906763,23.560555755614693,40.51186379921244,36.031635570131805,3,4.001290269702618,72.71243567426967,HIGH
92,44.88708445072141,10.441032050926047,18.311616988527113,16.749846013049847,15.240140681639947,5,99.44045282715769,14.253574099011805,CRITICAL
6,22.83602691418348,43.522874008693655,16.414081573680118,97.20524066511149,78.14455173547181,0,49.891226063753656,48.206746464992136,CRITICAL
26,94.06503741893721,8.073624248862949,8.40351966988555,42.69954392167302,8.922924154351586,1,71.06550318892337,48.770409185474286,HIGH
65,98.06353846968983,38.15731848651836,13.261361640011982,93.17446949064919,93.98294696507321,4,48.82589954107451,39.529850494901154,CRITICAL
41,46.084529286719786,42.85004795330893,27.514203491937693,21.608581466037705,36.67322658932153,4,95.20449587229297,40.49989408203662,CRITICAL
92,47.187481191268695,22.504613646428073,26.322258683041433,99.21233357064428,4.26755742774435,5,5.705867514791008,80.10611063433882,HIGH
94,83.91115315610197,0.397147295833461,25.591793530873506,36.15945401656592,15.820580400626149,3,85.38291906787356,26.189872562000037,CRITICAL
64,70.22355056118428,17.446898097499307,14.054660940725611,58.160417981530614,81.82897453371658,0,8.582254633511122,74.51892171273448,MEDIUM
55,79.13949853912216,9.9735499924125,9.861619114385142,38.55563760413317,99.64382320968018,3,21.26351870767089,75.42205233306325,HIGH
19,35.053755647779084,1.9141169432853211,4.672233525335864,52.29707906466902,64.02163819482188,2,56.8206571275914,98.84202057199444,HIGH
53,15.61602327437229,40.426679090221505,23.68677387314507,98.07047413741698,21.34208310699277,1,86.80206017415428,95.50127589753686,CRITICAL
92,48.062831344353626,12.603564424696302,5.283168572990138,22.75641043658044,27.390531752309556,0,29.83368029726735,72.65963672015806,MEDIUM
58,57.2300148700881,33.4822199840372,7.783416774290415,84.74941823509936,9.244126003203224,3,34.20191478980017,76.55172480796257,HIGH
26,27.87447781439768,47.09708221968303,14.448757650442289,58.195566177329,78.38573914817657,5,43.678398694613854,91.6967926980975,CRITICAL
78,45.022417039211184,0.4965754452751714,23.492171219090956,63.74157747529743,7.78087133372104,5,57.84893603363065,18.738637758453144,CRITICAL
90,98.77311523344623,46.948452939971006,22.28509042231029,76.30473573492017,31.651528935273564,1,89.6501112421297,93.71284294136781,HIGH
68,87.7871213739865,5.68034380376965,29.099283741551332,46.57479743400396,52.06916982105824,0,98.82386062335891,94.61575578219092,HIGH
21,67.08637476294919,31.94581976885256,17.35131049844162,13.28373744842446,74.5707541547954,1,42.017610890005585,56.87819163178293,CRITICAL
26,64.08490236088701,10.80686425718872,6.292892385805445,27.204310204513405,67.96282423796983,0,37.025641511216264,39.560473088459446,MEDIUM
43,90.69894222637181,25.104260004703516,26.032744450437725,72.93854314775585,64.89116772938382,3,41.405372627367676,38.41425294771839,CRITICAL
74,48.3264276168144,48.703507991537876,10.074798415611681,93.37139730023773,45.88235648601026,2,17.68951606210587,61.514721963200174,HIGH
74,49.228854733263695,14.251396747340111,19.788168152097757,71.22536524664186,63.41072342041757,5,62.037648959384505,92.88788170411335,HIGH
17,99.58268991027634,40.29698812858556,3.1143611869896803,68.46621276049602,61.62603715993221,3,10.36753020912775,76.24464952509136,HIGH
84,93.45060183872309,4.985103619666825,13.32310069427524,62.311022374990266,3.263553729437385,2,85.17052562582556,25.127757014137057,HIGH
63,59.64291210694003,5.725055260792461,25.690278962904415,95.54963462948538,35.06136832208641,3,41.29347421824452,82.93970764623316,HIGH
95,80.6171652429087,19.79042776212287,28.188504287893426,80.39764486368219,50.756081404987285,2,87.96071608266371,30.127411702295277,CRITICAL
58,70.59707307621761,0.20787786699356103,27.27177152362987,12.940714965743615,2.624681706261145,2,84.07696248345599,54.30150838869264,HIGH
99,63.995110679957165,16.754496906105704,28.774817788344794,99.35462123678454,24.183111306830916,3,19.26604033728533,66.22126402232934,HIGH
11,82.11984816100174,28.892680789940968,3.866113932294779,67.26461421800444,97.73556346305661,1,40.31190194500339,35.22186990187557,HIGH
25,49.36614283015769,4.978896196940857,24.03515922866693,55.383134191137145,63.1441068477435,3,84.30307266277958,64.59524625601776,CRITICAL
38,85.36040901960057,7.952658440433552,9.67213896001039,18.392898279382926,2.564023015961825,0,62.889412619197536,61.362378221300375,MEDIUM
8,65.62896783412867,27.183624327404193,29.17199650677424,61.46144512605992,2.52898763294489,5,13.054801511328062,48.102094868376845,HIGH
85,79.98307736390025,9.327758565441474,19.5756815890765,29.9579701328503,19.382891457838724,1,72.63126207890282,81.67425263430609,HIGH
53,79.33524268450718,32.96288477322044,8.24894474811033,94.14783040388865,62.743800895766036,5,98.47978396665646,87.35920939463993,HIGH
19,51.321495126544775,29.79472209613186,3.212299602143923,35.42167345866203,89.46047885762728,0,7.7381428288258896,85.23924324164349,HIGH
31,45.17201877430419,24.551847873420062,0.6587090522971273,16.621837271649802,95.92171730524507,0,21.029597287875713,44.89117622859153,HIGH
45,67.01966182699215,22.543926465715856,4.83310934449876,36.887948445324795,90.36381705006738,5,56.72938498199984,62.632211604765416,CRITICAL
9,20.548642559591144,17.140522596888086,10.403511706868777,99.54244438752866,59.99928679055182,0,15.838826836458253,75.46119875593183,HIGH
20,27.35607336871303,1.4777621388264661,0.6911452527332851,56.05702488486832,15.234601658811064,2,11.478845699557938,25.610989613847977,HIGH
46,22.470851836938408,4.172138023281057,20.748051689531227,21.392222300791346,27.36664822814976,1,95.32293609676498,38.11257107010439,CRITICAL
75,68.67320773369728,23.35218740448149,24.27035193796494,49.245579064928656,94.63456749911767,1,25.00931484472715,23.798262143660022,CRITICAL
96,35.29744875854564,19.641296231334877,17.50944766249207,78.98039805056229,31.158512954155437,1,95.37620747242893,51.34402000292993,HIGH
62,48.136358959001896,37.3539635061003,24.47676598699734,66.06198660791158,60.72956501174408,3,19.97207743461581,38.52697305773382,CRITICAL
85,83.74075208443375,22.47016920419374,26.68349058190584,96.22876954095149,25.306366076222986,3,29.347354623587496,83.5352097700458,HIGH
87,95.53402741896414,26.524909344409902,11.949200040833642,20.31849575185314,80.90404668650118,3,79.08963723921396,38.98572909314352,CRITICAL
14,29.366574802442745,18.583014745996994,4.351190279315684,38.30076054489109,0.9632999588468194,5,1.0901024317760855,36.242591964515896,CRITICAL
64,61.072232734945025,16.0780619452685,6.9794622573943235,15.961162855499829,28.361425252111182,1,52.72623614777879,14.777418399535689,HIGH
40,74.46390609973216,47.31355305141215,24.222794888894104,70.42104696284366,57.39483974327446,5,42.1750140802055,76.83911432582534,CRITICAL
45,83.20550269492661,9.907520635844486,1.4897922730576652,54.454083628047904,4.6791843997386895,2,42.12372460906134,16.788804516304918,MEDIUM
26,64.12876113816148,29.558554806879727,7.092657516095149,11.914182794491362,1.7836299863953853,4,98.79547655928657,91.6060986285532,HIGH
41,21.795224590211042,48.34267772838875,1.110245860180895,58.0120308147602,52.75136831337232,2,64.47756664177201,11.598140892683478,CRITICAL
17,84.68651959468569,20.753943444510426,9.029948176743135,38.547069563212276,34.58244681383993,0,55.6450201381843,34.75159281427239,MEDIUM
83,14.236549402769462,14.922190717032896,29.519005146901698,54.400296184275355,64.10971355971137,0,84.30756432854092,94.0818567850278,HIGH
18,12.635936365733237,2.391711929983098,0.3118808132561479,19.462212468822543,32.2859040360069,5,72.4253359702844,26.50241934633395,CRITICAL
16,27.20437239981973,45.11382423798814,11.06638598803005,91.25925249144623,98.95650297771495,5,86.80148724652155,29.67033065047366,CRITICAL
10,19.97232373297441,47.35724304031211,2.2512652569399316,39.63960768217551,61.27506329985546,3,26.99120543797674,21.182169861059997,CRITICAL
22,62.510788377094556,5.99507098134186,9.579980417019478,23.320133445956806,58.413030123560425,3,63.69036469368616,68.48234881926673,HIGH
71,57.483003524296805,28.89423611682907,19.838069265359007,97.87145074642258,32.1911363099843,5,48.270631004743656,13.720940426455005,HIGH
42,74.0243238765857,17.65048487429143,25.066262902216387,31.813863213012137,64.71342722719034,1,69.49650651068741,12.138718234879484,CRITICAL
68,15.424023562094508,0.6564053410660298,6.484064042899842,83.66602997970149,18.791742986176587,0,34.04501394082714,82.32956469878326,MEDIUM
72,56.25345853910815,15.667951390328982,28.331440756877978,73.76611255751533,65.52893381863751,4,10.5660475150684,17.355748495344507,CRITICAL
51,44.701817391483644,22.62159469271406,18.614341582387098,28.27186547370177,40.0204905777823,0,27.783843445102853,20.598650874162235,CRITICAL
44,95.63451363358514,28.862114119672388,3.0619304956398286,51.48587091906116,10.71733887868076,0,24.056246144017525,89.93931516096329,LOW
28,34.008100200986576,23.812021189140342,15.926562276327813,41.6761141561127,11.83261940399387,4,8.406676616092646,45.98999548812414,CRITICAL
24,45.72352010903607,21.542421172532002,10.012185138424574,49.72065377632527,36.978067530552075,0,64.86217482575962,74.54015290857774,HIGH
59,27.45384638354577,9.472481683899497,5.2993531362822255,34.83331298575287,60.7448134523751,4,43.35653417496722,69.71024986161133,CRITICAL
87,32.40498204758356,5.554139695905058,3.4556371837417252,90.55526147195634,57.52305035753417,1,6.584738591411499,14.598039136593412,HIGH
33,89.43402607604762,34.97561392032478,12.13678197381826,45.359688245634615,21.988829772118002,5,26.82669497666631,24.542010696588196,CRITICAL
31,41.286980191774134,14.399627486561739,17.88940190255164,76.04940436988784,9.424256671278785,4,90.77824406360926,64.10124324479729,HIGH
99,37.479176943978324,45.33338833150861,7.1585845582707,38.36012491084504,6.945463394109497,1,33.215531632206755,48.2455503454372,HIGH
6,69.94282411570893,21.396127467622662,0.6248054305125128,97.69337686706257,88.12575271500428,1,67.92029422541019,86.04351845327554,HIGH
81,41.6929280553664,23.69150801865714,0.03019418306067445,88.58966843989445,47.25682445569783,0,81.89264388188036,58.89033935669357,HIGH
42,85.1823128055475,26.263459214250172,5.019142125917778,23.192466346719034,9.391009882086854,2,80.3892617942292,36.88934838770742,HIGH
67,76.13335036911289,49.48965592150206,7.7201853685249056,53.784398234026995,36.428933187388445,0,82.7749478464025,33.607733119017844,HIGH
47,90.22351746711726,38.726314777112385,25.70868481661254,91.19501446137384,59.57435405578825,0,26.993744586247313,54.33434552833792,HIGH
86,11.865455011360597,48.931871879964675,25.68796572541943,69.34302217861887,14.16331258207142,3,3.0904674860595116,59.87049948719278,CRITICAL
94,97.59615293715034,17.97099642690551,22.330953573273266,27.445790118413065,95.48144070638585,5,10.793165836820794,31.022769349282104,CRITICAL
85,71.09213731469569,44.961069119122044,13.478080403953417,96.24755128360059,52.690687905961454,2,91.03273352911052,38.140280353721344,CRITICAL
47,45.19236030446965,20.86471428918335,29.818311246390746,37.83909676336899,4.109997734067461,4,70.18356348818125,84.24629895519395,CRITICAL
20,49.01136608108849,22.751383694508082,29.04459106755083,81.31064609609398,28.840853355966935,0,49.8927018994339,70.12503649277578,HIGH
64,71.28307613373173,26.159308465820352,8.693453287436467,60.232676415062166,16.26068227264702,3,28.825995374185208,80.97958116232633,MEDIUM
6,50.84723639254106,10.866265104344969,24.764118029118688,21.109218931104202,48.83664422170929,0,43.03228285331689,67.72406491816383,HIGH
5,14.491184149898675,6.88593922191047,26.361662883296354,80.67369690024069,50.19932364324181,4,15.503701533142667,13.170329203856918,CRITICAL
39,22.837983069064336,36.65265671786942,12.96152351466376,92.6433853601263,29.08020259354842,0,47.31777677903679,38.69006260208195,CRITICAL
91,67.33401838512475,21.128164380458593,29.007204451597367,18.832482698358803,26.12609112277189,2,59.70387928987726,21.46368707397001,CRITICAL
60,71.10308899606702,16.123995112024335,17.345022515768488,71.49890653110617,19.95066646488044,1,41.63123037985248,23.95470167399134,HIGH
44,17.703813439310135,28.333254503875466,18.849564819295935,59.12476082521301,37.596594380144566,3,9.604229881323779,55.024282649015085,HIGH
93,38.19344159471515,46.74399073614302,21.377955158999335,52.15409868864302,42.76691709947031,3,96.14469216038184,48.82197829059458,CRITICAL
76,12.377990828262693,38.33848514442094,2.6528696170128407,22.652703191107275,90.68487830638139,1,58.03224184528499,40.445559450172716,CRITICAL
84,58.8942596390256,28.27873001910941,8.8002956033206,77.98016560122117,39.26593223656404,3,67.00792313065591,48.966742692222425,HIGH
71,51.419867765365716,2.717311711854892,1.6407826401684056,84.69048603442025,64.98799406517216,2,59.43396843776036,83.08431269679075,MEDIUM
77,53.33211103195966,16.565379822371202,1.8259430948144217,76.64256455462854,67.44129993827706,5,71.695137808487,71.64940323294046,HIGH
71,22.973671038332817,37.02120593461336,14.859139577240365,30.118922520836513,67.56807613348076,1,30.089220872699805,34.534628751266695,CRITICAL
5,82.50551599000366,31.18319611540984,6.020996223697556,16.042785570049386,15.302208515845727,0,51.98225609724494,28.484578165470786,HIGH
18,52.6368162946334,41.63632262714375,13.314476249526564,15.008784557461732,12.181141450944356,3,48.37195275924822,22.484174541575765,CRITICAL
35,85.75487230938334,27.335962377589762,24.650593760481488,71.31884023190801,85.93138877910324,4,12.319653058315582,18.893405239572605,CRITICAL
7,26.63270676696118,40.927505025490554,19.723960885557954,25.36979426470659,74.16647203238954,4,20.03510406327128,50.644314159106,CRITICAL
42,70.07819763572343,47.954570721374374,14.78892409071462,70.09296934877574,39.118922044203266,5,79.98551957855808,49.0765513077763,CRITICAL
59,23.334987703840127,14.171111008928072,3.603794924365522,45.04864581668203,58.05380739477394,0,64.51089877666706,89.8559924768894,HIGH
84,50.00314454612777,45.405416901058864,10.64180619183105,22.5373171427223,88.2424188577125,3,27.690403915286097,98.26660014718682,CRITICAL
50,55.057454161536405,43.05110816031903,6.323404166586862,91.22954713970583,52.50556498067402,4,6.27657709605759,67.3123285128419,HIGH
50,69.03400469369308,28.15738817277963,13.784452315088135,87.27975100876925,14.00392970319102,5,30.29298851153026,42.42322930306166,HIGH
87,53.53701952015642,48.127750483062975,18.175253940888897,26.23370835068453,70.85001835779268,4,77.53979985334358,54.91622119863682,CRITICAL
21,72.7991834965862,29.442604987023245,17.421741563401046,62.604390200769544,82.98862681073982,0,4.492913208545623,85.94296250211717,MEDIUM
25,30.85338792717933,33.26304856919513,14.983017131887504,71.1390048479823,32.36593809717094,1,98.13283962886283,81.8127709041572,HIGH
98,81.60444379818101,5.2715904637404885,26.42266232684209,75.53468436243054,38.40834629223784,3,92.2375798704996,10.883031287274093,HIGH
37,20.30264044826957,42.340092640345894,2.186450833423832,78.70167548722766,60.65333011097762,0,92.35508454894068,35.510125385431905,CRITICAL
94,50.45586678375754,6.660832088020019,19.121873208980187,60.082139804781214,19.571794757615724,3,43.75148540649489,32.17848659621306,HIGH
30,76.7938515885775,21.703150426535956,15.855883466155575,81.10037958105372,8.601829843303522,0,62.911566316956524,68.52253373071238,MEDIUM
31,12.991527266061272,7.028129657093812,0.15708856870852328,79.69471042396474,56.829502840772896,0,34.0711311886492,69.82431455960739,MEDIUM
98,67.80091395626891,24.808773469230864,24.972087265731716,61.33330624164503,47.373287007846145,2,35.64851926153813,90.4767969852406,HIGH
22,82.14363005790055,21.943903128620885,18.76412102046271,88.65792115314369,56.91524228315339,1,78.23873573336516,33.33156339516293,HIGH
20,54.884101903078076,2.573950440246453,16.2161406869262,12.028823049082675,82.13278050766701,2,92.22733291100599,28.88127548315009,CRITICAL
95,42.21146752026493,43.62212675492217,4.735890619780453,35.926209589317,53.44238100599935,1,85.319521663904,93.52185974321141,CRITICAL
69,38.101538985444364,30.93224579716034,16.378248564344176,90.26275388880596,58.27725117726526,2,65.32320009915384,8.066098929303124,CRITICAL
58,33.47929945622394,16.727062273035955,22.942077456278792,22.535976531960053,54.70873476323662,5,32.96091699911226,76.94775266957977,CRITICAL
12,31.205548155456484,3.6455950907103962,28.439927897719187,91.389147899301,70.30908304080624,0,34.5845572509289,11.72249410481184,HIGH
58,63.83328658741746,30.62163253477349,2.417804648172549,59.628272675644105,94.6600676547472,2,72.33297753463758,14.885815556213316,CRITICAL
68,55.684383886099255,32.5168484264082,12.945466893373263,37.30765164150867,84.98335024449959,1,2.1443262184012934,10.258872006115404,CRITICAL
30,58.076727500054986,43.01472357637747,20.45823648950347,76.41312131008905,55.249596001336975,0,38.71247899955623,40.83664201994874,HIGH
21,48.67467837870419,21.34167907742594,4.133112903442203,49.415756915653716,89.71467287514596,2,35.17890959504666,37.59693552903725,CRITICAL
12,31.43531874480104,4.5995405273949626,0.30148950825465093,47.17589353973278,75.2569063665981,4,56.80486116243877,99.13917996859456,CRITICAL
6,88.59302285898042,12.496120040350366,1.706509681778774,15.098912949893098,43.85558827265611,2,4.371942813788266,38.21840910039485,HIGH
88,90.1382230369895,49.9044404523122,3.8914873315670717,45.80367858024778,65.75828203735973,5,7.6803833815290545,28.768891276010596,CRITICAL
74,28.527486507174608,35.262759303755544,24.402745073353863,90.78761579363851,85.87601573786682,3,71.31338589095988,94.43556383146863,CRITICAL
75,36.34150727247733,32.68219353415287,15.805325633208113,34.0781724355914,69.77716873691914,4,10.437817166743823,37.930368002805196,CRITICAL
57,73.49515077136985,31.09358902506817,8.393515365968513,28.31994415882549,13.713148863185454,4,23.05359267066359,75.48132257559699,HIGH
31,21.047324489914608,36.245537853382416,23.638201685688173,13.228090837686306,23.5105244057938,3,64.99080863907335,48.10748361452871,CRITICAL
19,11.916068530840224,41.81626030570126,8.108957173966017,62.94161412548944,30.04128473041865,0,5.972004144707677,86.18455259446824,HIGH
54,54.582174880030465,43.13864051647044,11.539897496406674,13.997399510445891,20.573012068366236,1,65.99256949952614,55.58673407856126,HIGH
89,37.46332654966077,27.077458338065558,10.43413615313706,12.339289202577321,60.87392922824477,2,92.26986827564058,91.20771035507775,CRITICAL
80,29.488973454778638,1.3672569174112303,21.77358847019958,65.93774690528839,86.57422917153626,5,92.85664762214904,76.47806831021805,CRITICAL
18,59.79647461272739,47.623679683095595,27.974180879735094,35.867662856476514,99.08911581186656,4,46.350253689166166,59.39724254105924,CRITICAL
77,79.21111156569538,13.00503543114247,28.809150244584167,52.059922569297605,99.26130766023779,1,13.187271287823165,6.442424294848078,HIGH
92,95.5870508752417,4.276843368562345,7.49797845736277,58.852410067798516,33.75323531857328,3,3.8606208678686915,31.055638748116877,MEDIUM
39,69.3306949179336,39.1213143814471,24.307784908614437,64.7199258291015,12.430641283761823,4,66.07764759733482,84.41998064614211,CRITICAL
27,49.94278171394158,0.8633343279023764,0.2661210596053676,13.330338648927913,35.87236514703028,5,84.43253305301697,25.695037497714413,CRITICAL
12,62.16132904958042,3.977344660626969,26.9113284968574,59.630308361816304,95.32932867411039,3,17.980390979354787,77.76779882416048,HIGH
40,33.358672247938685,24.746446358867914,6.822567574010382,25.704578632273968,87.12391824867524,5,4.957967424893717,15.87242347886472,CRITICAL
9,26.582994398472632,25.335959293160688,13.209266419684301,38.56009925734998,55.34077265661783,1,6.081286781805595,72.88220855770452,CRITICAL
38,97.77540954329115,0.8059086942627303,25.347927031850137,86.44665928036089,54.044135450064616,0,60.05788388453189,38.224316800911204,HIGH
14,55.62441453295307,5.659128170846222,2.3235067509812213,28.363772402115263,57.03658936274003,5,41.59696703507987,65.97926758613553,HIGH
41,22.877153398264298,16.327027085038548,23.644933855597735,40.148720650068626,40.81375516756789,5,37.47156073949115,94.5355573108987,CRITICAL
42,65.97247319522624,8.015640962236342,1.3383173102600765,93.72776630152532,91.18726595582622,0,10.62321037727456,25.09056651415862,MEDIUM
45,55.97165282382903,39.043687560425475,15.245468121051895,62.3337848794134,34.40527464444922,1,37.883969270234374,60.3551933400106,HIGH
89,75.36337855090738,19.054483161349527,29.93462554720314,17.060047507033804,7.731144099403286,1,56.54023848734489,99.79223198869622,HIGH
85,59.34097272199103,20.904005892190103,21.991369825879268,86.28355718451115,52.77563989028747,0,60.71020101929393,67.62378711121207,HIGH
71,49.69156726095484,13.45913603716477,25.080268213579892,36.37587779757571,24.40289953998066,1,79.90059537264959,97.86010212739312,HIGH
34,51.023905637364635,37.409413968174476,3.462507581652654,31.69418290295208,73.27983301699797,3,36.18811598397051,38.43853789004257,CRITICAL
69,16.879939156153767,18.114849795896532,14.52463558432875,30.731485116534834,78.63041417215037,1,56.93422543095134,83.5444721858261,CRITICAL
21,93.31452532399767,12.247196501660445,27.277972118769014,70.66946143379792,66.59026528756331,4,26.02789535809751,32.254093009600936,HIGH
45,20.61676202219379,20.425139524423546,15.150778140853586,23.355871750720272,49.42002343582344,1,89.98724682622827,88.25854121250337,CRITICAL
6,25.00938490682092,20.93128012991552,22.965286721567534,74.02436870121407,46.98602687035053,0,12.639795146479305,8.237188527111428,CRITICAL
60,12.153831736029616,8.346781875913395,2.190441220785173,56.34073829665183,52.93096819417402,3,90.42603926536343,38.664938264400014,CRITICAL
56,72.72358290944003,12.071745362871699,8.801756751320431,40.312746396425126,82.47155837592027,2,59.14780021366286,63.57981141834199,HIGH
97,14.071392838938,36.937421158225725,10.648728970420148,50.40058077842503,40.88747250350713,3,74.06974795073619,46.39056371512009,CRITICAL
66,73.01023231532051,36.67215674499079,21.71122396721446,63.06023182325636,82.0106066291194,4,8.378949129772472,90.08192129984093,CRITICAL
80,63.37434495455511,33.69535455458043,13.605814660945812,38.83931882286693,17.672226211925736,5,58.808087765648644,94.75296943214238,CRITICAL
17,30.903719043443857,24.66467333626643,1.448638416260034,56.59098774758834,52.51936434196547,4,84.40654272440341,45.53550535514528,CRITICAL
46,44.56609717512165,37.865010715430905,28.605410041629497,13.774098629197812,94.505265902449,5,21.068068914516004,54.31782220627622,CRITICAL
78,89.16253689969311,15.718369595507731,10.42036845195091,24.903328349214767,28.78431623715795,3,43.89167444678645,89.10817050252462,HIGH
41,94.52843906426709,12.971450756790325,18.185105492204904,19.55075080101509,23.16745867314458,2,14.100312513095147,24.650095645006942,HIGH
70,77.93782647845684,1.3675062352387357,27.07623907321953,96.38710327564179,53.98297498964959,1,0.6665106776102547,84.08792699223629,MEDIUM
8,43.25865029009196,14.091876127498576,28.436393194906078,48.38523049569165,44.48246771163783,1,83.10378153163893,33.019450211596066,CRITICAL
19,74.46258182502535,45.95918351588551,3.5982176909756025,89.99917811828803,49.325555013907355,0,86.45027513564976,99.34233878890464,HIGH
98,70.18440172435072,48.42197870974286,24.109232443362565,76.98497817962485,22.24417755556225,0,32.71157157177268,53.17071640384965,MEDIUM
40,50.81176524427648,36.776087251620034,20.162444288368278,16.667965379453307,68.7937574943974,0,43.33776243063717,93.57496006030478,CRITICAL
71,38.57744788479715,42.071552037511125,19.83391281313487,88.98161788543516,3.5636186221111865,5,62.72850484249785,28.361804358684218,CRITICAL
80,43.858815122323726,47.158118419427254,20.20042893193922,33.875744211006065,15.143310639640061,1,73.35606850439787,31.84696899742061,CRITICAL
30,67.12954520305809,4.435585420888943,15.48918683614361,75.09552417285843,21.41890749573536,3,6.726126738407567,57.985030323755986,MEDIUM
31,73.89914591633047,1.940636492579928,20.639449789317055,65.20403999258667,63.10263841144662,1,63.77146270029528,51.002140979422684,HIGH
89,95.89016993497155,43.894482515789775,25.220755539512634,88.7535165718975,66.79758018632229,3,79.67461767049691,42.25995530780404,CRITICAL
50,58.907198334383324,14.770861005981722,6.567915852151977,96.66270560980266,89.68183976036391,2,41.959402687372375,47.48142667794763,HIGH
36,69.61763708470669,5.790958991719197,13.942077969681215,38.701535906308564,11.353629341407546,5,39.808930981769265,17.16549723222679,HIGH
66,85.61087453681914,43.200461376150834,18.03176375001734,71.84997380627246,2.8962547264473337,2,50.74874029688996,89.53200825187484,HIGH
57,15.47229350062577,38.58993288993538,7.848157586527402,38.58565223969978,39.13783938365469,3,42.51992806693875,29.76644140984885,CRITICAL
11,34.148551029678316,36.409342370535505,10.195246704578292,83.66721260627037,30.851064955917252,3,22.131004611034456,88.1840876923564,HIGH
73,28.55807393908262,31.264325272409472,28.43633382802957,65.19735742336232,32.968417651366686,4,53.97673101717226,95.27646350571311,CRITICAL
7,82.21715900396504,4.51263553665337,21.141915619363203,92.100570810907,76.6842050597168,4,6.346478056111615,9.675444843408872,CRITICAL
31,42.58879764521524,9.921990702009682,4.709787332597905,58.212893050889406,85.97228357033468,1,29.018748403553207,20.333396803677886,HIGH
52,39.83519015614371,10.780754891392274,22.000030483760774,94.6012416573441,3.6074972491576984,0,75.51218117799996,55.02276133551798,HIGH
69,45.81436672226273,24.24499729360832,4.708365190719749,37.1319791837185,23.000523918535933,5,24.730873878134794,30.88353336782725,HIGH
20,83.16962577823419,18.892836814849062,12.022528081653977,83.64662980025497,87.6621643230309,0,7.6527081980483525,52.92841798514666,MEDIUM
95,78.61473929835479,20.76900117850087,0.4422535172071984,84.72263670528542,60.48718610329521,1,9.555667441989025,60.878600219628964,MEDIUM
55,27.485567218307065,30.284579045810943,9.365691121989135,39.135405855355735,51.23556311688077,0,30.215397681332924,48.59603568355244,CRITICAL
17,33.784295970451936,32.80253543563231,14.142010594140153,36.211478849188325,9.306239502320402,3,56.09962588441215,50.918204315157105,CRITICAL
94,57.988351327131795,12.230701887014634,0.5163759722904737,54.73314013689883,39.36451818902596,2,76.27003829671547,72.88497969723424,MEDIUM
62,30.16547741002703,48.75952974889125,11.920458548785549,30.89039929388221,36.98216265202039,4,10.894845159961697,34.507932898263405,CRITICAL
23,82.87127082565608,48.79087138311362,2.861671051580924,25.233014141703862,86.48277144290006,3,59.340953268087695,12.969433877068777,CRITICAL
56,65.48396233786892,23.67573288209947,21.69097241155431,60.99752849677461,23.24297581533562,3,25.20238489796115,34.58822094163713,HIGH
48,85.08910800185112,1.8254854982506397,20.66992802142628,63.88570812782708,87.14279160318655,2,69.03973386378897,76.72860338113384,HIGH
67,59.10298619406962,15.650808796091109,19.56025873923436,38.96541618945808,70.88681718930329,4,55.480724467823585,75.27007419103204,CRITICAL
98,17.329087800612562,5.252193818130352,20.977666916885475,43.811744536872375,75.6886705857698,1,51.993901839963165,16.540380275165383,CRITICAL
30,49.38411338834035,48.595813704157095,1.171858434118963,48.17640024845755,17.072208692256286,4,48.719337686796024,76.15437614210269,CRITICAL
75,47.63326090534411,0.462926289718979,3.527498342576486,99.61698812604047,71.99429938343927,5,27.110763283431606,35.62668355878104,HIGH
52,60.742934484182776,8.297283627658187,8.705903408658035,71.6521488011,80.28137282580123,5,37.1253308053164,62.4291893010418,HIGH
65,51.65921493586556,46.81012493751092,27.81238781215941,74.81172315520635,85.23961747276905,1,16.423821094914114,72.93273582155824,CRITICAL
65,10.88390677118243,20.81514715374476,4.510472298523807,16.034321184440905,97.69761339247407,2,70.14646320616784,23.93042565088191,CRITICAL
17,58.39583450014459,16.55175652158058,1.8332336749820621,52.182469245053085,15.645302136817573,2,63.63435280260151,88.91760249788167,MEDIUM
49,66.59395777636507,46.393974942207585,8.237418446880781,83.86789874759289,86.80931584996405,4,72.93231137525314,39.89110629504612,CRITICAL
56,94.08771278655115,28.055614807090528,19.247980637707016,28.232930056548494,59.263912701921015,0,73.0658078316163,31.59862568185403,HIGH
38,60.72937890297912,6.335204391510962,15.669534039642748,68.0347115467853,38.2946516053082,4,77.19786826774494,61.25614760409031,HIGH
40,96.99929999304534,36.86327631448827,18.47661577206036,91.83067696248453,20.930671072080276,0,78.3364916084938,98.96328643383181,HIGH
16,93.65924032257381,30.746184716556833,4.299999959353739,52.79176003273776,0.024686994655331862,0,89.59533420938406,9.957972787414619,HIGH
70,82.65109486559041,21.270286912039747,14.150672330056732,37.23024893577217,76.00074270166195,1,56.014513517354914,40.844407405870875,CRITICAL
54,73.56201322900517,17.74958160212704,25.159482774582287,38.52747319461178,7.81996613985717,4,84.21912209235084,95.7592117099542,CRITICAL
86,85.02444405105939,35.567383893908556,25.196283110360035,60.443727893741524,49.009350460097004,2,68.53675851243719,58.00098304061146,HIGH
60,68.68829117220821,8.900620425230093,25.98415315874379,86.98350818415604,77.07447832080653,2,72.8491503179654,25.309096266422777,CRITICAL
76,88.86653527476645,46.03030977376071,5.729520406378226,43.67852729641276,93.31924449475741,0,19.583608539462503,39.29418086983446,HIGH
29,10.505308454908107,15.519534918834099,2.8232545206786885,43.19806838350474,25.376032667453096,0,60.67744141297625,8.185178164286317,HIGH
40,67.75066541944547,19.914700107245658,29.872135451920123,73.38380376080733,27.417383063786037,0,97.11406944109568,83.21594232984272,HIGH
96,93.48173553029325,49.86157886965061,18.967202481883923,54.1270436766698,47.34484162176847,5,75.05863498567591,81.70591510734924,CRITICAL
9,43.25804734673595,30.646024604985538,21.399313543705286,73.50756187928955,17.6907672516355,1,8.282462075034214,84.23612088226749,HIGH
20,15.044319479942471,31.8739077860828,1.8697641747228544,18.772791454271424,54.408348558454335,1,65.51052228659672,75.05809505719,CRITICAL
47,85.35461753963816,42.41150129574034,9.494408569724067,73.83780580184771,90.57247488667835,4,72.21355359576714,39.79437402674811,CRITICAL
6,94.64906453940705,20.15865423395437,25.131500214574288,70.2677057350688,6.495490068897547,4,14.751394636151982,30.330412894316215,HIGH
27,49.90589837734221,13.77627276201882,5.960502033393836,55.49192478383061,17.296821352317703,5,84.21240287859715,94.4035438843542,HIGH
44,34.63868253268558,17.534238888962033,10.243574708607554,61.1355939153545,69.62921849347296,4,93.02728508636756,13.37538559768244,CRITICAL
16,26.425087419595823,4.320882702491763,9.525038657594143,66.39624474137204,2.0107371857185363,1,78.87366787376902,25.664955940878635,HIGH
52,51.43141886081355,43.85991943041859,28.297119866326177,37.70040888605824,68.08905947381064,1,74.74084329294602,75.12049453414832,CRITICAL
44,14.800177396371513,35.295698153628614,5.34012107825951,22.638346633714402,31.55409799067882,1,83.52752639967596,30.915945276163622,CRITICAL
30,25.94008787076949,14.74661724990386,20.926744812637192,33.809062900521496,48.98856606718384,4,36.36131983165383,78.37520171682135,CRITICAL
71,50.47058302652095,31.55132036173339,24.951913245873445,13.305798437221798,83.4724192211203,3,15.570422662756423,59.027573950685294,CRITICAL
94,49.046805808119004,32.30039917338949,20.460532709122763,35.982010354624876,34.21811662588553,4,55.16112061579352,75.5975195799621,CRITICAL
39,18.168175043124858,38.67044978243187,7.746415485051626,52.09193776157597,3.1448050751681444,0,51.702981932708745,64.95579814695137,HIGH
65,22.583375364931058,29.341038064282742,11.168482429631668,44.0119141284185,58.83907817399121,0,32.23720468676707,14.938231779633815,CRITICAL
50,88.23961914399389,0.3949151034468745,12.642232881969791,40.124123024198894,64.78813134355833,0,18.71115186300041,39.01043082845348,MEDIUM
25,52.0157109142097,9.308036324398655,0.6524990735222469,82.82991987090638,45.644567604046124,4,69.44984379035866,74.44071157229453,HIGH
65,85.0686770075782,12.628738479082452,11.196443349333535,40.40904345683889,67.85558417525374,2,4.012896843825031,93.25400593397102,MEDIUM
34,78.68556919789239,45.04327622312546,15.208822736409747,47.888738649565575,77.40724479359461,4,40.07501273831431,7.712741237748164,CRITICAL
70,24.974626027135727,15.02913828439833,17.90553464708528,72.78683569175132,52.40854561214307,4,75.18500919606477,17.339628547605944,CRITICAL
47,80.97124782496837,2.6900049188454176,2.7119594758615326,81.35770975741804,14.146094621337667,2,45.87135195433636,20.70749769922967,MEDIUM
5,69.27477414365255,10.020326779393379,5.162053026545569,37.677407765640126,18.459365692871486,1,43.65488819045341,73.7927668038725,MEDIUM
24,71.62422187612458,42.28341980859954,11.227734313520365,52.96096804991128,34.47118632488956,3,54.98290709166708,42.4344930528408,HIGH
32,92.15497413655768,33.421842521537684,24.940409763936096,73.56016905491634,76.30561733018587,0,38.75739136971711,35.24388635523026,HIGH
22,45.98952032322764,16.35559197441536,8.495838005794077,70.72746497194089,87.26837964698109,4,39.38503603198764,11.807395614328843,CRITICAL
67,70.28890100597306,48.51128331811314,0.8068880934329414,89.70293160354353,17.816003239038526,1,36.913256617099364,37.285840344714465,MEDIUM
5,64.95098712984708,37.584223001517636,27.43758002160556,68.10195416738549,13.80799002941674,1,4.424791940474759,33.6841022697319,HIGH
16,40.562799010917445,32.70224674786465,12.771339599210226,35.64677117763672,38.68155157213876,3,3.4826660610880578,96.05871081893609,CRITICAL
58,26.156616022578312,19.910807044185614,15.520457141302339,19.578750072740334,80.62289363342559,2,68.6065619682302,14.633484164681406,CRITICAL
56,82.31952311562303,0.6112244579508042,9.570773347185442,61.72139887234075,38.39902854435044,3,1.1588659034217685,67.11263743186369,MEDIUM
90,46.153305158176536,38.56798300687644,9.0886353906202,33.278414434089136,63.41171794828654,4,80.71250900806366,91.2800326032612,CRITICAL
69,43.55427839078245,23.677364256986777,10.051905254461257,58.15217493071647,36.48617871975313,1,98.0734507918843,55.51260472955572,HIGH
54,88.32828678730652,4.000455569620137,0.20870186473034513,95.33810946401907,70.75647159677223,2,19.761304940951074,82.21933538749374,MEDIUM
98,88.49846743754328,21.744402143561686,13.942895222093302,13.58600021108709,86.78967169644042,3,36.710412092561654,89.47076381695405,CRITICAL
92,43.23667766682366,21.28512685651397,20.249888441594937,79.01503759417862,2.353034572860968,2,17.87281803283072,38.904109370862855,HIGH
7,50.209313401705984,14.884167401486149,1.0684522827965537,20.051495374381563,73.19043132410373,4,73.86803060487998,28.61953818535206,CRITICAL
15,58.14866802477488,6.3027313823951046,4.339329518285396,54.41052652000671,89.27166780434268,2,97.1852775350443,70.45423629610171,HIGH
36,92.68976192400922,45.17902390469532,27.967989459489534,83.84370764434551,56.90682788075474,0,7.653614376923789,40.41555623439923,HIGH
23,64.84181410011574,36.19051003374699,24.374294329144853,19.101044568212103,51.26322804411239,5,7.876486582884734,93.10685236372352,CRITICAL
100,37.17873772999414,20.0369794005094,5.517910558810577,77.20903279719666,72.15939585335211,5,88.29253619855886,84.50106514001585,CRITICAL
60,96.86440453289664,39.682239737973966,17.126853673378168,99.54265674418305,61.55814715775815,4,85.42436494955679,28.1564782630982,CRITICAL
11,43.68127481341541,23.645920014086837,22.821571365478245,49.32510707326834,74.68697927062458,1,27.685381100746298,68.78676585365463,CRITICAL
82,45.8803571900515,9.06302060120115,8.547375188621745,10.454594467926402,20.71363405787866,3,65.72127873433153,31.10302269734488,HIGH
64,63.917150580311116,48.79488111840809,9.54478184070014,29.91913169796936,1.8072923339966684,2,22.105771350653804,63.08169649797659,HIGH
98,74.08302437393705,41.34874882573044,17.637424935571428,67.12953965046084,32.87520150948906,3,47.560288704836886,57.977426657035096,HIGH
48,40.653638010977595,17.318315737928707,13.331491906593433,51.575279659718554,74.25711564643281,1,53.22403661737245,21.151273987693074,CRITICAL
54,33.01233370799154,1.6133254992583723,25.56875033035426,97.09512477423822,63.1384063411791,4,98.49471997119426,12.893739824871448,CRITICAL
100,98.63817444192809,18.459572756302627,8.754691276890975,38.380427737794264,67.45013703955718,0,15.59004979197881,60.56900438546954,MEDIUM
84,41.64637402326106,21.57653958178795,29.874775208146904,12.106750962324114,97.33570686272358,4,74.40520189013844,99.01962278260487,CRITICAL
53,92.9058652995776,6.5848694661367055,18.213652286414597,86.47013717230007,9.697982218675083,1,21.130517119266766,15.510112823700723,MEDIUM
42,26.076019464734166,7.955875905928994,23.325740393485734,76.10146401897583,40.11165093635793,3,35.20246204084226,25.68649712746664,CRITICAL
81,35.099174743490764,38.524983586063485,18.908269801506126,69.78111199757612,68.68438792246535,5,76.17531317190263,35.18863419233965,CRITICAL
73,57.92575586807432,11.254960618561721,12.118979058004886,78.11453664118241,28.62834246913971,3,15.696780326895821,87.9674802115152,MEDIUM
56,35.956702905150976,26.63328529516842,10.021645448267808,51.76193378163244,17.227066817396707,0,38.33534239244298,67.04490292608358,MEDIUM
58,46.926442362358756,31.820843752116335,18.566279014392034,22.471483758639884,61.99202947568986,0,59.95681700899057,74.55405949677265,CRITICAL
7,39.251827932023446,12.49703771116542,17.07918441865484,52.47221895748879,9.096644037847279,2,2.2719515435139614,62.12754584054414,MEDIUM
88,45.04054456714661,25.56677269318635,5.790947344223186,92.18860882911186,45.776889748174185,5,87.46501970240125,21.64504438531431,CRITICAL
96,92.92471161470321,16.136210088673998,8.789457469764235,90.50010921642242,20.700727088453053,3,45.91929260272306,69.94875369450936,MEDIUM
61,99.07419951088374,39.83767784270565,29.184158622042734,55.01934452149371,11.115729662542762,4,83.78754506353975,87.84811859886946,CRITICAL
25,32.03771085738465,36.102313161817946,2.0952681467421295,77.37477170608216,68.20235973363546,3,86.70627140981519,99.5757822667798,CRITICAL
54,16.332905221535604,20.854480548789656,7.800877440726094,74.43789197773285,12.098197427239155,4,64.70893397123277,55.74622711466699,HIGH
8,49.46690084988386,41.38769161925902,1.7935880928404013,83.04961544167776,82.83077390664499,5,76.8761515914697,39.520460426403545,CRITICAL
96,93.46509110957662,31.46340982974686,13.201374209356723,80.86811766896483,10.362301130580697,2,75.79404251667007,60.08213819257837,HIGH
19,74.97947935168305,18.3232253092874,19.69610996689676,22.775509001074077,24.30686711933694,3,21.008498418709408,14.22694188618987,HIGH
87,72.43444514771,22.912101037500538,21.272486483658163,77.72522257287471,75.69805775582756,2,29.529206968243503,47.243846218383425,HIGH
62,72.96055051097989,28.411559490598354,17.832843892815255,78.5190464005015,14.802397431268755,2,2.594048694537232,88.61620642416817,MEDIUM
77,42.64518115104945,14.560914898910642,28.343757327460498,24.247220092174356,63.389457989291365,3,71.30788373936888,68.96147782365652,CRITICAL
24,76.9359849577239,34.754125821796464,4.395784200902897,36.30995912345712,38.42266742684376,5,22.791802904013313,85.83731938233892,HIGH
79,37.26609105879591,29.21173871013027,7.782635174131793,74.90254309604495,74.54572384821813,4,40.58446323646182,63.75369917974159,CRITICAL
26,97.51629815235151,32.19257598961772,17.614062768059327,55.09857608591513,52.333741914006005,3,86.54086882329159,51.09834947880929,CRITICAL
26,88.3704034035751,24.102624198566136,14.51995273615426,44.18851302028398,66.87448169808704,0,34.23669951023547,34.38428703405543,HIGH
33,23.50796688384115,30.432061768328527,21.862854612456466,20.763227779415985,19.6942205403011,3,45.93217117295264,91.70673802994546,CRITICAL
6,85.59794222685018,42.28729673433917,23.492623147596138,57.17064999663919,22.837132022811367,1,36.35603313464231,8.119850403492643,HIGH
85,18.895601821560735,16.475754047712872,2.015931815983405,59.79560327938985,53.47538728014053,5,53.77290909932226,12.547492699262019,CRITICAL
12,50.1969566270947,26.147439795722043,7.340767366306199,81.75428775362089,18.268465764596332,5,85.75226086757112,26.69229340192345,HIGH
96,51.045944586163465,2.0116396171515727,18.27413125315979,59.67780891785688,9.135919617943799,1,73.33372520706979,92.15934929287842,MEDIUM
21,57.030193040136076,3.0432556598380343,6.827587465332581,62.710965190464584,58.12704375183754,3,9.8270233995718,88.75586728926149,MEDIUM
11,38.69725049362667,31.695285094177176,5.89277486763128,20.47657526858766,8.33862086835191,1,9.987590866065643,60.990707653942884,HIGH
81,53.85076013949875,28.466463465095487,17.45140636632345,87.5025192756131,11.152390182004456,3,77.73958641486416,23.505882627882553,CRITICAL
86,65.29719537495728,22.812721875398488,0.014853682759651265,77.91042250875532,60.1354146530801,3,63.11281932632019,36.22074293488885,HIGH
66,56.2780211533458,47.57178487080322,8.989118024155475,88.05348700208293,24.902200207965286,2,67.78425541614317,52.79091663164184,HIGH
85,49.603942036869405,48.8614498662249,28.370910551141264,53.88223968883272,31.920754830067743,4,47.05063290580207,20.497432961952242,CRITICAL
13,78.43940309346722,33.648809531569846,2.837039290062038,87.58269019341357,34.243172137352055,5,53.859009461520365,22.35228876316229,HIGH
18,78.65673833237776,10.660822431445244,15.053390109252293,38.801427475943015,53.03995197406086,0,68.47463198010728,93.11739227104958,MEDIUM
31,61.39075838379451,7.729882495017881,4.691631762363922,78.97576440618633,78.58111275119877,1,61.01232294931318,19.927602491823727,HIGH
71,98.3038967299444,32.674531487833576,23.66245897492226,80.17794210748482,26.938318631592082,2,47.198167394347465,86.34256600790998,HIGH
43,43.37120177633157,15.31161939118883,21.801289101079156,84.63081610999446,31.53466466792514,2,42.52979126817464,42.38650957089698,CRITICAL
58,10.510527481139052,46.9993652418558,1.6592227597564346,46.79089972246494,64.57927138013449,1,97.49857593841084,77.86961694098781,CRITICAL
7,83.66797613643483,10.110654759633924,19.861638780684626,33.03363976278692,83.25517354419468,0,32.18457954190548,80.13739713526219,MEDIUM
46,60.226135107856265,36.95084795335387,23.924238506327534,65.58002542901716,44.010314983430085,2,10.683457608839053,28.098092453477566,CRITICAL
46,75.0564234195012,47.074707866185896,17.78820800852889,95.68408293576526,94.67081207484003,5,39.00630152806711,96.17451195675356,HIGH
95,53.833721373127034,14.007130632895676,18.201145288224748,43.75170659526075,10.143991601552482,5,34.269193020497426,56.10009264273672,HIGH
61,93.12454831288143,5.551539537251315,4.028542015146405,77.48435874774297,32.454551739378836,5,41.37773798727296,19.41839581746838,HIGH
24,63.082748553879604,28.704406023023388,16.855091546775064,49.443507805991175,32.784211317251,4,76.27871607295482,29.768317549557015,CRITICAL
72,83.55789934268402,34.47850645402514,4.214027026020148,79.29152925402187,87.07253246448985,5,71.14026899565626,34.82631754826018,CRITICAL
51,91.4593145962303,22.29201858761653,26.53755654725719,26.572602606669378,46.832639893652704,3,36.220379421868984,23.90359203799468,CRITICAL
95,33.31232393519729,30.180844570566066,27.980437432930984,22.62429424171998,64.22402367798905,3,39.630798105943796,51.20396543904554,CRITICAL
11,84.85070010688726,3.01431786752574,29.689292351661994,43.612692366973405,56.57145935088911,0,95.97882591501738,87.94268411276067,HIGH
46,81.11237532267604,24.60047352412582,17.244464084599738,67.09364597529063,73.4433807995562,4,9.214352052083264,58.03761116531402,HIGH
19,57.85861934900397,39.92954884227378,25.38898025113775,17.895722997585466,92.2496881100884,4,65.01739993166157,23.134308393532024,CRITICAL
14,79.04037566152053,21.547336435972063,8.305947363163938,50.61597287686184,88.05405869659012,5,15.220531560811168,36.39079706324226,HIGH
28,68.30558770723744,16.990485956537377,15.831419031570757,72.33275500350649,82.02085267640925,3,88.93969805649185,43.13927650153707,CRITICAL
42,10.571856097370958,41.411132138202895,0.5661495049010001,30.27069426338812,42.714964710544734,2,85.55746318615226,60.51576576442375,CRITICAL
46,57.912784749253085,32.68063502959976,6.00994656307872,83.937227589633,92.53565471965469,5,86.72431228820687,19.497454337332393,CRITICAL
23,28.55297541442029,9.079336040055935,0.7867347151239301,64.17293217036519,84.46983176429018,1,54.007625094443256,95.69275652304555,HIGH
46,88.35004462585049,46.42327510941917,19.74501130181713,28.153128454563436,16.328890937778073,2,23.29788501285185,92.38843478737326,HIGH
50,12.456679585263835,43.881879709243634,28.33159903577885,21.07990894521885,94.80136958890701,0,44.39524625802992,75.6745259921839,CRITICAL
99,28.77259138403453,2.4607145960675094,13.15640562754382,27.877395961485078,77.0983736071772,4,81.44994163859585,13.820922650979155,CRITICAL
27,55.60329982784009,28.915176810517284,15.49488547184402,24.659469709504933,20.96379706290239,3,74.06420007709295,39.04708341672901,CRITICAL
45,47.361508065374956,10.516373062562979,2.7237293421755435,55.62191666951226,47.797895413104094,4,11.199235875082636,48.41060617218776,HIGH
5,44.20262196888812,21.000697612877318,28.847062704896867,19.005942135462895,36.03924434314055,2,83.65346347190857,46.2441440661576,CRITICAL
88,37.06249937893669,49.985328205382054,2.5335441493464925,67.9223759689573,38.96862110193209,3,1.5850029522993636,96.6022742621454,HIGH
98,68.26236546605682,16.1635466088986,4.222074563968511,32.409830957369905,56.4579248497441,1,51.86220195573442,18.320934593913478,HIGH
65,78.60590564838925,3.059073014633534,24.071408184578775,87.97105548222683,66.09521902582391,2,61.75550327813354,83.20881694526118,HIGH
58,25.517799002806633,46.81457933731365,28.95900565789204,76.77700037395643,81.03196745266602,1,36.506801008490775,92.87067652040868,CRITICAL
25,12.698211407512314,10.203844795400208,12.109628906543362,43.586570932032735,84.142498869584,4,32.107273510454725,79.41054539720605,CRITICAL
47,12.564720138861533,23.52511623286559,22.048525185591323,22.990673126443653,40.765430812909784,4,37.703677089886575,61.858210292754,CRITICAL
72,25.276620792117207,5.005762359104477,10.459992192057229,30.042971210860838,41.98828785731755,0,11.241058981962793,50.19049014241371,HIGH
58,87.05263838792521,26.83636003748172,4.03216187437974,64.29439859724239,63.68552371913315,2,47.624346963679024,90.45715422014803,MEDIUM
37,21.537875004551417,32.8187136128493,10.96748179724187,65.22486150383111,71.63152925401798,3,49.28017090910591,83.95348862511668,CRITICAL
78,27.665838683582603,10.965556470578175,3.8942283702151794,94.80602169657944,22.555184110410455,0,74.31852377562909,73.1404664245595,MEDIUM
41,89.82261311524593,5.261410493321267,6.7867021077880345,26.616408047845393,65.93693591736863,2,71.04604689326639,48.90417049448084,HIGH
80,56.792523313473104,28.858355428145423,26.50748519600761,78.39042559979775,13.170709705311069,3,37.47706984073059,18.795994930267423,HIGH
99,94.1161969048333,1.7112656488775968,27.180435910769862,44.65270122043207,4.801843162026143,1,97.95306189520096,6.360564407562264,HIGH
86,13.070263528705516,39.73861084797581,4.856556146613567,39.0279140401939,57.20867326913503,3,85.76804499618841,22.836085220632896,CRITICAL
78,46.50911696768827,49.63493913964785,13.595807840223436,33.65241750425956,43.98629972176188,5,27.93051947315074,78.00855006185648,CRITICAL
48,40.35291321353401,44.62634220209695,7.658532710593117,82.62896491942853,48.735514858370856,4,45.631600665485905,14.167824115315113,CRITICAL
48,78.69423915979685,13.143167295723318,23.45862806560596,48.38630667184548,2.541398975814535,4,12.62281693114602,26.57688031072429,HIGH
63,84.70701590182131,6.01388720812826,21.380860648091158,21.36693282870655,34.76242445933103,3,43.616410757078626,98.50961144460082,HIGH
15,96.96632964929248,48.583988288314536,5.47837132160919,83.80239587062951,88.56242746006309,4,19.48779831953974,84.8012175385249,HIGH
33,79.83202249932835,9.933856030334647,22.33787395520579,57.301721975835164,77.99376931173443,4,85.9926197905552,54.87929626900363,CRITICAL
73,42.63905352764687,11.521177252268322,28.41490499612127,57.7783066407428,37.447212009690546,0,68.03969008150362,65.31619727805032,HIGH
84,30.36317449727275,46.532443818116256,21.482578922521565,58.67394100723622,95.51304549698945,3,85.82951963111469,31.450031099071026,CRITICAL
56,36.68467883079882,45.04783098464778,29.16026594220045,90.43700451321247,46.80041471266841,1,72.15476478497932,33.49935490663046,CRITICAL
14,32.61963169090967,27.78786892746395,9.34816052215281,93.07469372459832,61.31172671465942,0,5.922222700096336,43.985675262874445,HIGH
23,53.28389103725338,8.01264783911143,29.162850336802364,97.88095828579331,97.83466476385523,3,78.6312849517487,66.37803934369893,CRITICAL
55,63.22747645827693,12.428665099415564,10.512219981222966,30.367456053958534,94.90500858144303,1,89.26385000455419,16.729785084486014,CRITICAL
99,62.733675576677165,33.615865987481996,6.174932742874627,22.81675920263995,27.54702997251197,2,1.0769036686097078,16.142741251430852,HIGH
44,57.18168608274384,38.582901518250154,17.953394980231522,30.896305661186044,43.827198668436864,0,54.125948058748044,62.95339135948498,HIGH
24,16.336245978030696,48.949647975806236,27.315184932948682,40.723947128438894,27.210278771436137,0,38.150171069784044,89.65609102895837,CRITICAL
19,66.42085032155596,21.295528704292536,5.053680287951748,73.8784603940645,86.55061408464283,3,75.84595329396943,26.340174374503896,CRITICAL
18,17.971566094342442,36.587965340657554,28.79203310587562,87.85765612594369,24.1292594890008,5,49.453180161646834,71.65190939983889,CRITICAL
60,47.95067060812359,31.902995372261884,25.95501730664348,35.21832083023525,72.40523676011162,2,90.47313574826032,65.82521526696709,CRITICAL
47,47.76808232089924,41.814812366384665,29.49259833022832,17.478402414644876,10.113098258596365,3,24.274421919721444,52.022727847336775,CRITICAL
80,49.039032980103514,13.28770820199156,29.919076140431,84.36347427791073,48.78619653036501,4,83.74120262683934,40.70312230013045,CRITICAL
71,88.33541157299189,33.37785168833555,1.263036936893085,19.70179113098139,83.8205648910999,5,95.40714777900034,59.68442484003892,CRITICAL
20,97.00566417547137,11.93071579959274,17.4036617590359,73.83747638271052,60.38057761030593,3,71.82890008711053,8.78716765339615,HIGH
87,80.93227162675602,42.6116516667392,17.20034767614557,57.048885176739546,94.01970013878697,5,74.43863434913067,46.020748530041374,CRITICAL
8,29.443558164117483,9.036884465867434,18.915638241011592,39.60660203466101,29.22768437912292,3,80.18952461210979,74.2604499189496,CRITICAL
37,42.27300393322973,34.150584915298865,10.571353504116734,96.90297344612402,27.663247619574506,0,32.45124031469566,71.41492068128801,HIGH
86,33.68563278894873,39.68205122671728,6.281430548089242,79.37280139113561,54.72777161619582,2,74.07047703960602,76.56531965815438,HIGH
27,86.02478612203356,42.83231798144782,10.012898002223228,65.47624542147761,73.98593262222086,1,31.65341453901165,34.05434075462315,HIGH
97,18.13892362677049,20.303263259278364,18.653991780547653,67.5527503844894,75.65644784472613,1,26.468039196711768,72.20262818870589,CRITICAL
49,40.33011229731719,21.88845496467509,10.843896513008515,24.32956350101344,16.854319216877055,0,11.148060254595983,60.27544937655419,HIGH
69,73.02054709052813,28.024264535383764,22.703117331844847,58.442892327992084,39.79712323730511,5,7.5935350348201425,13.869548951100633,HIGH
96,63.81724441291955,43.84665253132216,12.139112692820014,33.70330410539276,71.58881004166898,4,35.379965153900336,17.63806698858395,CRITICAL
54,19.326342389366424,47.80374792824773,24.437192576333384,89.87059929865488,29.391225884422678,4,97.07452735469609,35.76444819529871,CRITICAL
33,49.828244927168356,2.0386421106396546,16.439616491275682,70.07691949114914,27.37882958826362,3,22.44686024878022,71.03251478381394,HIGH
33,32.08165644677158,11.291632592810652,19.436851548744436,29.43712862643527,1.2418354278751709,1,96.45904825685467,86.46547763169518,HIGH
66,85.41376478601612,20.726292042554295,16.536784618729186,61.127713153522606,41.23235656772407,4,58.08956131310524,64.58923533311786,HIGH
54,77.21135022889304,35.33729642510314,29.45748575716516,82.30834768828211,26.355734043802837,2,36.451452896038326,92.92305397993032,HIGH
35,38.81392507726863,17.853708593934936,28.742732784122015,22.10435218326471,85.99446999091496,5,24.689535644320447,56.13616537303518,CRITICAL
21,18.695926802538274,45.873972693167104,29.56512663680028,73.7518526078492,53.53599139562605,0,80.72535680703353,62.38870070608944,CRITICAL
97,41.350851018583825,35.10722430235369,29.2947903768881,83.89697796595794,22.396380055909184,2,57.42591532812521,10.054138256033447,CRITICAL
84,49.40838578896198,29.553146450290175,1.9397328689315907,99.62097380623747,2.2115182578256176,3,55.89960414936957,10.466847718543967,HIGH
49,52.89638026119726,35.315450708523436,1.9133050028995424,41.89710457538923,95.47342488085388,2,56.97536263764803,94.99835707374102,CRITICAL
98,12.481927605160301,29.886925775859435,12.92490088288884,78.7928676221321,13.335678716157817,3,21.520413951427354,47.95061371798367,CRITICAL
73,72.74853759050433,15.233053390135332,6.976930477438277,81.85747108487176,50.79549323489352,3,14.423306857273166,56.263198279715795,MEDIUM
92,62.81852147207612,43.13670359804308,29.126655670164773,14.767382920460655,75.44663202639632,4,11.96833832161196,97.84861565937305,CRITICAL
83,15.72658633946983,20.68557207673056,4.836216583674325,27.51570681029526,97.97819525117089,1,83.57394127639985,7.801317734224088,CRITICAL
68,75.580040669106,16.589505631143496,2.824842843297227,46.31997571632459,70.09286057131729,5,38.74511406191732,43.71954777257604,HIGH
94,52.696680593981256,42.36327720556234,5.489687941043816,38.0075845268676,17.741095056580715,3,87.90645320118526,52.46977324500513,HIGH
28,33.445501075152286,10.030364702135397,10.536020543940964,68.25027456112696,8.156840011268972,3,75.1815386817067,54.76739100730377,HIGH
7,89.1371135752972,3.045044460151386,16.713851554500952,71.44390757071398,9.549032277251113,0,96.35997562492543,55.26649185415324,MEDIUM
5,39.41736969819527,15.313194329907576,24.001145192640656,61.127079059949686,37.48360191237824,0,95.57117013066481,22.90579907943134,CRITICAL
84,54.838122102326174,26.760699681331907,29.273231181185235,18.72692032522513,68.31810840414065,1,59.971830527609804,59.52857611185451,CRITICAL
61,73.57308094305972,43.98359722345457,5.324760341792267,23.396477872822672,81.8995449283022,0,62.208261369745635,93.85283929162497,HIGH
20,82.6484351164275,15.583267411229201,8.742928305516,41.414861913568416,18.041675977488104,4,16.738530919127616,14.473549107289678,HIGH
29,64.31530329564761,49.86709528162763,27.59997420103774,94.40364361494807,92.86064703649878,4,83.17701249483662,79.48595171834438,CRITICAL
19,70.18345720992659,3.2731791355997073,7.386665127953926,22.724323954810362,96.03870646475666,3,18.83401855383363,43.40704589300667,HIGH
50,15.276176650039439,49.11728163105422,14.412701907211694,85.92412309251819,65.96600242528127,4,9.87803701145511,54.38516124070122,CRITICAL
89,68.9323721740378,45.59335132216568,16.88990091720673,73.19853170121692,52.16728180213638,4,64.31985065410441,31.84334799967751,CRITICAL
22,50.311411311604346,9.902075787245906,28.327418407724636,48.36872798488607,43.51388244112353,0,49.046534317608284,51.66774365984095,HIGH
46,60.51276932335946,30.48316180289114,9.176927469137592,99.30586226859984,77.07407719432855,5,69.89016537004376,55.11726233340378,CRITICAL
10,26.92710120387514,4.459374884933165,26.762776133597608,77.30662473309688,57.127491044094434,1,64.09324281934919,75.22942002531754,CRITICAL
73,12.516679199402617,48.33840999862027,11.547041726463812,41.65890490097433,53.77636704775337,5,87.37052040830557,75.16130826097435,CRITICAL
72,86.42987188731216,25.437279183724492,20.43400161695103,14.024863779243745,21.44931636650169,3,94.99643011816246,89.773827314741,CRITICAL
96,38.82794735257859,35.7017286880345,14.858256252125711,61.40307976035701,61.30170450776272,0,92.20863385609442,24.572834711748854,CRITICAL
93,20.469792285472906,14.522083850480161,27.131873944488326,69.363477254118,91.52449878402355,2,98.44019649703633,98.77312196077405,CRITICAL
34,43.46053997116187,41.88936553968442,1.3427035859068448,22.750247745868915,24.617316292050283,5,25.81852963711677,92.60688908524705,HIGH
92,61.348575978841765,43.187168949130104,18.785712341160902,28.438865278844162,87.8681046168032,5,91.37361815021553,43.87432374489843,CRITICAL
6,47.42986324518876,20.681992686216443,8.342600504152678,91.09682237397645,81.67246414663295,3,25.34254834065558,5.990822199888699,CRITICAL
93,45.59216263712898,34.80008831885703,13.473846121628933,69.66667273681568,22.29745914826121,5,11.438037540971035,20.097764214207437,CRITICAL
67,15.985028345154744,26.84698526836133,5.0210020564876,76.60836482856367,95.5317204303336,5,93.06193194912316,42.829431049947765,CRITICAL
73,35.779506308014945,42.77540466565949,7.84497568946154,78.48903582055914,39.490624385235805,1,95.02090743668606,57.70124875316886,HIGH
68,28.070935394170526,25.91127790345194,1.0708555137269893,53.093780948526785,11.140662602070773,0,83.30947338645447,22.52544118421347,HIGH
93,82.57682022501552,12.087592272441322,18.45962480550302,49.42977053263164,14.27587080152617,4,76.9126564570158,67.9732923857382,HIGH
69,79.01111630876127,9.448471206631215,6.312940729761904,38.61291798903204,56.88013509974713,1,34.13474921843972,95.28936787565205,MEDIUM
27,41.51054957198491,10.032464899704907,19.32405510315928,45.21806779655137,15.30975173921979,2,50.55945967409713,26.397381778631352,HIGH
85,27.4905182438342,32.90061083480011,13.166147774154618,88.42035814857293,6.93828824417464,1,60.16600543898091,32.341621055461815,CRITICAL
25,22.902710506626224,48.20882689861713,1.701393822885855,71.62865456835792,40.9924168274159,4,1.7461811144547257,73.44583392994066,CRITICAL
97,93.95205072275596,18.518607332717636,4.304594301026973,19.341333818349945,23.366196457968357,3,0.3420953174767316,10.549666526184048,HIGH
54,79.18258898724564,5.982104635612295,6.735542214403207,66.54579336321032,56.36387582539211,0,1.9793358809222394,83.27984855716741,LOW
65,94.34898429687522,32.239507655074725,8.474053521218147,65.44441822773994,44.967120818973385,5,23.76690483307925,51.60342222599541,HIGH
37,41.06316282012908,49.398873983583435,13.649528431697728,92.74838701540163,15.313791822063315,4,87.94443112621839,26.26478436379658,CRITICAL
41,67.33838927587917,8.717657984435439,29.02110019068087,99.92264325282711,88.19374901079881,2,74.00055752764428,46.014975767715235,CRITICAL
43,22.958539678379445,22.99660347788462,21.32057477827482,58.73486732431895,22.698561092830715,3,12.502422064643604,64.51749133713119,CRITICAL
31,94.76929840833927,21.057032750406034,12.531768782566829,76.01043619743035,44.38928883699636,3,46.35171544817109,37.09112656094911,HIGH
90,45.89947545513749,36.165385518199486,6.177452410610121,29.526337937512153,19.09650755553438,1,94.80050047755698,74.28414596345996,CRITICAL
84,42.707341470061905,23.168796505110528,25.873160533005723,81.28704739167338,37.48166385591033,2,21.3513682729226,18.426491541207447,HIGH
18,58.85458356664604,22.61599052709351,27.140281908114527,96.01595587813846,87.01109187572904,3,5.088570862568719,25.631923169492918,CRITICAL
75,90.09321886379078,32.98257305632922,28.11365928892065,48.86054371467509,94.3199280224594,0,69.39696088914073,41.66721376703922,CRITICAL
90,25.510671098521335,49.18162776007194,20.418904996670186,79.23160272856809,64.12381410738564,4,78.18589121165633,23.791926200053908,CRITICAL
57,38.48416218289866,12.284924040745976,22.15397047934422,78.63582427660168,48.668498781483315,4,93.30202174439476,63.17086525563799,CRITICAL
99,66.52770577991375,1.765081538330543,2.9119383812611375,15.882313756030092,2.1466068988060028,0,33.15086353764006,13.544962404392049,MEDIUM
50,28.270636326987947,7.530146821572103,6.390355670652203,85.66106621877907,36.29400627555823,2,58.344852108147094,83.68417838535173,HIGH
65,40.47586950156308,8.760899785809606,9.097214363850538,82.2102336627981,15.981240496648141,1,16.325674515356027,16.251844469971886,MEDIUM
84,46.871190177241246,28.083203566194026,18.86047470634453,72.98763527346604,28.12346122411169,1,97.61247270804677,68.06756354729214,HIGH
23,91.82663418383412,4.853446690616575,1.1813503806886227,89.2208620480107,47.28130875480902,3,17.045795744015347,6.895641354372053,HIGH
93,98.8995746792529,18.119211469196593,13.228095528086543,61.47192237053088,44.73334170430008,0,97.02967069429683,94.92738741500202,HIGH
77,40.94459369558355,16.98883249901805,2.550315384527453,43.29713453501537,17.723547022747542,4,30.01045411629465,42.39349642464951,HIGH
24,19.987463424807128,46.75144396385831,28.812431991600363,27.74186444686174,63.42227631859375,2,71.14081814347347,95.13236857745676,CRITICAL
15,41.924066500761576,49.178545847280944,14.84249689041574,65.96759751583853,59.03227360378105,1,36.521597840825336,29.007998654560733,CRITICAL
70,35.22212563740666,26.021580362424203,27.47775167750813,54.0648145129612,90.58166531241083,0,64.9405116131931,71.54891408332013,CRITICAL
38,50.40379613380024,21.647483608692074,1.213672147580207,77.49978609054313,75.97650636486216,3,65.94105219859196,36.62729209192872,CRITICAL
9,21.758487064269197,48.912433134967515,18.72508965671313,76.11771391055534,1.9212158789563616,3,19.964239675205064,49.66149208025342,CRITICAL
54,13.23848420810658,33.59519588585335,20.905682751940628,40.20714210727401,80.31460308476106,3,40.719503691256435,37.502225321325,CRITICAL
49,74.72053962605382,27.61913247142115,14.664912584790839,34.00052769107782,91.33573506018088,5,8.47953021934268,68.29114643311098,HIGH
45,87.53312234424959,44.790957165332614,0.6902237558562474,21.567324642541987,76.20633550513506,1,7.441462708344471,40.47188763447941,CRITICAL
24,61.47179269888352,11.847266472457601,2.6216122948431355,16.78703889897519,72.31071145344318,5,80.69862450743824,87.66516157497901,CRITICAL
84,16.33444975362674,29.13774573286115,28.96933008835078,97.21987792453669,63.10029169425475,2,78.61316328118598,15.054110088897433,CRITICAL
20,15.054977412322804,6.9357470421199885,27.540065142377628,93.39057369011644,18.5574807909905,5,95.13919211297178,5.364907839388321,CRITICAL
92,30.976817227301847,2.499931572742453,2.3823586971091357,38.83644563176226,52.933348113774194,3,81.75509288705867,72.28257442901514,HIGH
68,64.49120427343739,9.303244005594568,8.641904830537303,70.85434007095608,86.50082264907579,0,44.25163282821166,53.22051734179088,MEDIUM
15,25.826582146265594,9.886024990402753,4.316783147642757,58.77985918364723,97.27237164180397,5,12.401030736318297,77.35831958948877,HIGH
29,26.83432486933073,16.070272310184773,29.759412384267645,24.618121873737252,63.529692468077236,4,29.671949596370727,44.16678870567807,CRITICAL
86,35.68627133699685,21.32616536727167,24.734057116082095,76.18988388530434,53.05508450193931,5,89.05560744415152,69.9354474165177,CRITICAL
41,77.88673843826186,3.232666873045104,1.8834893019325372,40.980092743355115,73.2914180013567,4,75.56501240857206,45.859004017676426,CRITICAL
91,78.7990427082596,35.805485563699904,0.35996831443182775,76.9841828249775,8.823168514965507,4,77.13861086691422,91.87528322890832,HIGH
94,71.29727337133599,33.90977753672603,1.9763643821778432,33.61935738804492,83.97251763870118,3,35.81125269993591,82.04171017291125,HIGH
52,54.97254376875046,38.17062396149615,9.404240223597784,99.91876845842035,19.028505107843596,4,17.05529394946953,70.63213868830368,HIGH
57,51.845033460838486,23.08201094134441,27.703380613681297,86.18334453604506,97.22760647776848,3,86.86823315850613,49.117294720983196,CRITICAL
24,22.787460136468166,37.527604172216414,12.587914902635092,12.203183834273798,13.943202635843532,2,38.14573510718504,87.67379801763846,CRITICAL
24,45.94764272059429,0.697508243613415,23.74125320108342,69.55948644490994,17.277994864462798,4,94.6042933940214,25.61440977461926,CRITICAL
7,45.216247979595806,7.4949913736023275,10.119456544017005,11.951260453157262,39.22318976992095,2,82.97781642913502,86.1123925237821,HIGH
40,30.496536173635313,24.32673856870271,21.711876131401258,48.95706183582306,94.73308909803411,1,48.734214133843714,68.24997421858637,CRITICAL
50,96.52954749421056,3.3453039649688874,9.698475012039564,52.90302257764033,28.932185576467063,1,51.87626998375205,51.95200082916091,MEDIUM
32,47.471087233317036,0.6483796823236021,9.240230314025716,24.27421570176069,63.04590352670246,5,61.84801863804268,63.10454220753536,HIGH
81,21.648526993895352,14.094856135955913,21.74270250797749,82.64118561123537,86.4097536564868,2,56.532768883131965,49.98468913880642,CRITICAL
7,50.237038756167635,20.85002893437067,6.2836796666480765,39.35805553157151,23.343834959079413,2,63.38714280406974,90.67479798488428,HIGH
65,80.81255246138439,27.74978739796479,17.316593928743455,39.79546482003971,19.437777177882055,1,96.54739001529869,79.25153669047926,HIGH
78,97.40221144277064,11.446335057953327,17.785043480110268,31.3316088408155,81.96569848738541,3,56.32980202865044,89.60291983070033,HIGH
45,55.986441964399326,4.779132971220962,22.50576968826848,66.12462974301684,8.130766845670012,3,46.26892626479251,90.54090101001042,HIGH
98,33.94065876322455,22.474246244719797,23.322996540333712,81.21534212898545,27.62103655331404,1,36.37824568731545,78.8871312931703,HIGH
65,32.1927054978907,31.65349103624121,9.816431333758405,84.23531022562628,48.25531211635313,1,78.36842706259904,95.88342454584978,HIGH
67,98.67561122980077,30.23855123043563,16.089305028332397,84.17227978233674,64.58415775611628,4,60.5081410112697,33.08385964240798,CRITICAL
12,76.19453929088601,9.747154088132898,23.965454959302228,35.421063246878845,79.07093046308226,3,70.064609362622,86.00659579811119,CRITICAL
43,33.488909143072384,7.202980032601719,0.7585108344602354,68.6471469548266,76.23736293719949,0,36.86316495011708,78.70070592635592,MEDIUM
23,50.20165857918626,19.100972844386234,4.709352536613879,49.97253498629883,31.40870117228095,2,45.59432363208342,23.789165445403672,HIGH
82,50.800013584112,8.145054648250467,3.856070486337775,96.04950041715844,12.391494253593294,2,55.2575122394424,40.038089480001624,MEDIUM
45,84.86239064369434,18.75145232309666,0.7639578645431255,49.0833658588644,32.388422932876416,1,32.66104654452357,84.42696561850974,MEDIUM
9,67.9258879681066,16.20070806354913,22.694741242050295,13.544332604805863,51.17083717574118,5,71.72702306036958,17.527341896178406,CRITICAL
13,93.42538607202857,6.995571833688735,3.0675965225951183,24.70435592987426,71.38537931070744,0,75.4659565987564,97.3703462550245,HIGH
48,17.30428507281661,17.178654950429014,2.0872958360140825,46.05038888052123,6.215045246988038,3,64.18187081048539,42.61906598497724,CRITICAL
24,59.32877677720886,4.4736861491069755,6.217637087814095,24.31544110456424,76.27640732483891,2,22.73961546962363,10.368846962243794,HIGH
92,60.19161203637918,2.6241550754392717,25.286795429279156,30.296788238602808,4.239483209085371,1,75.85277425696376,95.24677209183514,HIGH
22,55.05254871212922,16.147512714387947,22.678892307206375,70.32367025034718,1.9255731331161652,2,49.22272639238322,68.61599700823803,HIGH
94,47.34448432551918,3.3980768323429,6.003732068017571,13.240502914751277,22.950599031701067,3,0.7152373711627136,71.67330006256405,HIGH
79,89.34822606392682,25.457431710727125,24.87110029850435,45.74633411429859,15.22558520453422,0,91.52006628191455,75.70411986980754,HIGH
41,33.90820503282282,18.71502902764068,11.652593573897326,85.13401089715012,75.41714728446193,2,33.448574092814646,36.0705179371176,CRITICAL
38,45.33691965583778,32.52313184938644,13.549493110660645,50.09890984224607,96.77347738400744,5,51.18051079661895,43.540627952188665,CRITICAL
28,20.142414001743553,19.37260322445475,3.201888742181672,93.97751866788484,20.5583186448683,4,73.5702527666636,33.36792952662945,CRITICAL
93,70.67856996723128,44.33260768400809,24.535808780052648,42.48444893762603,5.436755454413655,5,22.98100483927621,89.5696189181219,HIGH
37,29.51254521309543,1.1906263641646375,0.37081008026530027,84.66284734221341,86.03580097402038,1,49.95927136152615,73.39449980791146,HIGH
97,39.46229138381473,49.21147428108543,18.05438937705576,24.873156047416515,49.16822573555676,4,59.674037460492904,80.52530168551365,CRITICAL
90,87.16231260004838,12.42592225882192,18.491109410061295,89.59711201507125,85.26813986241812,4,5.002803994093819,6.065131350940279,HIGH
40,93.71434845030943,15.172327475644876,11.442627473640789,61.129982147431036,15.948719603741669,0,36.804976474723695,66.34835100266797,MEDIUM
59,76.76618374049677,18.641048325635307,8.399360422228357,68.82633754622569,29.74699271503365,0,89.85216999059655,33.69476089980168,MEDIUM
38,51.12348842405764,46.61228205537869,29.498491913204653,92.31094575241161,12.032502084528174,5,74.42605342896654,69.77371856803029,CRITICAL
8,89.22615106250252,46.60215879846543,5.237438681947597,20.132809041057328,72.48090299576731,3,86.9791789996922,60.07881571365345,CRITICAL
76,34.58210985590529,1.1279473837005782,16.89691956633143,15.695545940317672,69.18015193439636,1,6.515776662184991,69.41183023792041,HIGH
8,13.34450509226403,21.624376189131738,13.971047493612227,25.75206032068759,1.326906365722924,0,65.66100274250674,96.14574382532864,HIGH
40,73.89115702615064,35.94354185431122,6.080958947973178,34.05559943763285,67.12425594923081,1,23.481850094851254,47.55896707611995,HIGH
5,99.62537093845307,2.206155238122076,16.896359064145194,87.12983942911777,55.89443963180961,5,48.852762424918836,26.99448375388298,HIGH
100,14.256507648427329,18.20173974648714,17.941472314439075,51.063173516573585,47.247518259727016,1,37.32674617961148,90.67298487030614,HIGH
97,59.59216549000912,7.2847848090198735,22.055848681773433,41.210897167251616,17.39627315119787,3,37.210991581890106,98.43371520196293,HIGH
42,23.28698674798364,33.63289712058724,26.68287243571371,70.81396273377666,40.782577812916664,3,8.644555957728539,29.05402912984321,CRITICAL
22,39.95236682314214,17.93343448842471,13.99665522220032,77.83329835928276,86.17999604369527,1,88.97409069743433,37.62810731756332,CRITICAL
85,23.054544358635905,17.08249395348543,18.980923406484667,77.03145037851122,85.1097857942697,4,13.952130062305901,82.54453093011969,CRITICAL
31,84.22169538132349,19.817508787566197,24.70330113596679,89.2650713776737,99.05039332910152,4,4.197842269814645,14.862454829135062,CRITICAL
5,32.92454469282532,27.522428208826828,28.268695808507925,76.57401375778323,68.40106897782755,2,48.9179992056797,35.921293381796744,CRITICAL
52,59.36056371274237,19.748025954932352,19.706756879246434,45.35197563258132,57.7019433313119,5,40.79984477743576,76.39872401099879,CRITICAL
18,30.323333499150284,32.19511339577067,4.671035446453677,72.45485529729046,75.33189295853013,5,0.0596120157715152,80.3914295292023,CRITICAL
69,81.99416868166684,24.760145747794038,27.475310878203807,72.5443653427806,30.6555928601573,3,30.28576063009497,24.878182310513054,HIGH
86,18.692850289043413,40.72471752427763,0.7051683998599623,12.79876997039144,12.107553487336187,1,82.76566026811885,69.6457440538476,CRITICAL
13,32.80905113170997,47.550632848945604,12.65752582509993,42.17628605323027,40.30008093310031,5,59.75608624533971,37.60111083713169,CRITICAL
52,28.76035643622871,21.426194019339146,17.690723892947066,53.05955363191487,61.48031770686521,0,67.91174224863458,97.81627884502868,HIGH
68,38.76686626400594,1.552016010799323,21.018945084571275,87.50573852512878,38.37552722760882,4,76.97873942405494,45.15665859294055,CRITICAL
80,65.82085519475652,17.552746068359276,29.14087050069455,54.127761718015726,2.732812896346515,0,96.27682602960496,77.10970007671538,HIGH
16,52.738460769460154,27.186747674662186,2.488940487516561,75.18507715133357,71.56084897465915,0,45.46861974883907,76.15996105262157,HIGH
35,64.3247861307861,23.463974905886552,9.686175207006984,59.736318960374135,70.40400866764946,3,21.65553541013393,44.0076738150463,HIGH
6,71.54414021636973,29.67145326089735,20.25728071797674,12.541217313695219,50.62945369216052,0,50.2072611311326,49.0020978905291,CRITICAL
94,60.85449609857819,40.06538388318586,16.069887724601248,75.18978323328747,25.32043053631563,0,69.82165613527322,51.65440512092615,HIGH
62,36.405052817016504,8.13730919354278,8.708599716675357,39.82740438286844,10.967457061117402,1,96.8564769904125,12.297961815570979,HIGH
66,53.7622706771928,0.2846249890713637,23.272203447937393,82.61223918831674,90.5409963254866,3,4.387467579749693,22.35439096558952,CRITICAL
48,87.9009029378964,29.1784908047089,14.800531319245513,74.2445153744517,80.84185101149977,0,10.153772059405796,18.224504236429222,HIGH
99,98.0917242556849,30.26029861076577,0.7103460516253002,54.65310948342686,79.43373523572176,3,2.053760519928338,54.89164594769849,HIGH
93,43.1459468389666,27.174231449636853,12.55873772658214,13.018317484119521,43.62911250984784,5,42.22552334289145,11.191657321811316,CRITICAL
38,89.00029231145668,33.23511569114125,14.238765478430755,55.640221109499784,24.323195894521643,1,12.10108773716485,20.38955560479957,HIGH
78,26.811164541674295,9.825852306970251,19.795859008249735,59.132700291264925,55.73684741780659,3,6.6818885288129515,80.04982555169579,HIGH
28,62.39084599310919,5.792491346473461,1.1926729006130155,28.220253983623163,30.034310469936443,5,70.14739020966721,6.063393990148324,HIGH
12,55.917642570494394,0.6082710298719152,15.73689371330541,33.929876630764866,53.05192992751113,2,88.03846449513863,18.02087024118955,CRITICAL
36,87.45271171059478,40.06126456467846,5.660010352142829,52.728359721934716,47.87343532899207,0,17.24179714013452,57.53809172788763,MEDIUM
85,58.72625475587213,40.193497788503215,4.383371844980644,21.426002436921788,50.986789275260726,0,47.768839831191734,99.03735808133604,HIGH
14,60.95416683573979,12.3533910613287,22.602412420550422,85.57938528288986,36.172251356846495,1,82.79756401663157,43.60718913874727,HIGH
60,13.861801537574717,16.024378977951404,11.838865137323415,27.334512475498297,72.64952505438028,2,39.0776227785858,62.611468653793494,CRITICAL
33,77.37476558741712,6.366317525269761,18.44687326611308,81.14208345010321,88.87441412101077,5,87.187119391136,65.3577231611467,HIGH
35,63.908096603402974,14.381383917157903,23.192975090829,48.94673745322198,3.091401172665087,0,56.1686672902425,71.92506551524097,HIGH
23,79.56262653861947,1.9974274074737453,8.32168297319129,35.27501308773188,65.01668602735651,2,30.349688855055323,55.85264058785965,MEDIUM
46,92.7394112775681,42.76894515324233,14.097356538051356,53.900875931594115,75.74177076753902,5,58.956110250390736,58.21782978421545,CRITICAL
92,64.4684335883019,33.050441289624594,17.21964332549289,52.2395290459452,9.098769494462067,3,97.52266507030279,55.61021584357895,HIGH
83,66.82292860496113,12.579646940947086,8.046348750776245,34.41260806268183,28.894696082497994,4,22.78422289569052,93.04788459876201,MEDIUM
46,91.64958679338791,28.300746229017737,10.455396467225404,37.57128691126546,82.57352138683086,4,67.61001155640129,31.45960290038186,CRITICAL
81,48.14633012020302,32.95555643303423,23.0494215964646,90.14953561738434,13.927767278436132,5,29.50152992454621,70.27482118582775,CRITICAL
51,74.1358933512109,27.645159632393153,6.133934586800031,51.64213890103558,52.01126797006697,0,72.45926985348949,88.23383869743947,MEDIUM
86,32.232441742092696,29.906562264988207,19.00332722747086,40.36348593590412,88.7273264285008,3,37.49986234727041,42.2048724145637,CRITICAL
96,34.366644426610705,28.409469298675365,16.122258456364147,23.17059258315946,60.598375701941734,2,12.442927782620261,40.77339192663044,CRITICAL
75,98.548080961237,0.1633536318489892,5.667842659054213,94.07097982565297,92.78057105470866,3,93.47510188136529,57.31119767159552,HIGH
40,56.00065679155907,21.024659722741696,7.9710361475481895,98.34198741982621,62.81127257771541,3,59.52717744415936,50.25497471192003,HIGH
54,38.182778215036016,6.986368142479926,3.687497905195114,78.41119790164366,99.41899780519466,0,84.71747120490669,31.348822081154985,HIGH
75,58.17003730056648,6.3711057543272664,2.8767187727424046,76.87208124850082,42.326387915680364,0,89.13115386686992,58.82389724767647,MEDIUM
6,20.02888366866506,48.84181306673587,21.58715872701417,35.57692921669958,24.068027161425597,1,61.83119014178312,59.20862452249246,CRITICAL
39,93.50663855474757,17.677571937727926,7.090869952373854,12.065865917756568,58.41200077289178,1,17.184233520709203,96.80797273953512,HIGH
54,28.282708814397562,30.814831710398405,28.63419953593517,18.20599758186656,74.04561088542063,2,80.95503336657366,16.8335113606598,CRITICAL
36,86.08440418970733,11.04867430106718,13.785198392631234,24.907830285054935,17.354310987610766,1,27.947068294425982,5.300994311893136,HIGH
90,37.76448122536685,28.981878556644634,17.991490032432125,44.803296403250606,21.338781142369456,0,84.72822091132188,43.81078833848518,HIGH
61,49.827480044474434,36.958219441815615,11.534265618902378,65.35476295324024,38.016263412704006,4,76.50558372715362,24.48723274299203,CRITICAL
91,54.23678442313168,39.479387877563646,15.718061404441759,38.987201466146274,49.90321510103295,4,38.79006716476302,47.008000073005434,CRITICAL
31,43.56649475549471,35.17281937500721,18.028606437952757,72.90359609942928,37.76642692713562,3,20.71309105897572,34.850119192601895,CRITICAL
56,34.67275911859355,35.746689249082955,26.95357812141526,44.14996537595396,87.77305667826013,0,68.64921743815059,58.51436568935904,CRITICAL
87,72.78228205310215,22.612290350001178,24.003019188764537,44.998289059468256,34.518415003657765,3,2.0494121990781045,46.447725659586155,HIGH
62,91.82692317793074,4.473045258731522,7.64777191316263,30.57011525497546,36.6594753500809,2,47.85307508565351,21.011457374826016,HIGH
79,68.05080530453682,29.955261025926678,24.304264604086924,86.13122927595971,97.91614963221853,2,4.797852606110453,26.71511757036587,CRITICAL
95,92.42649260377758,4.618839031252992,20.859383840745096,14.505856503063441,7.9255361298127935,2,45.31008314268986,32.849516968840604,HIGH
60,35.066211435130114,45.798143813766565,6.872660013168538,38.04385121909225,52.05079694597341,1,87.18101091107053,63.98974169011354,CRITICAL
78,68.91597211717864,39.21314771168972,28.6151665151433,94.73579046650636,17.594392812433078,4,47.02483634800918,45.21008104099028,CRITICAL
26,31.262070026594117,40.38643649270465,5.861550182692929,74.12761574189568,6.7382103002341935,0,26.90441296792757,79.39864093049918,MEDIUM
73,21.172355265284608,23.12685644382188,22.825808458536248,75.0887646235761,15.271860758704936,1,24.56465422131744,5.830916769209475,CRITICAL
26,78.97146675370908,25.662295450756613,0.6215387957348861,55.40587716203508,5.6850071205241,1,16.700126266736138,49.56135447927858,MEDIUM
21,31.773300972222877,30.448455301776495,11.01572548758935,80.48417095195452,46.240521405479996,3,17.51450055108158,15.438237434445474,CRITICAL
36,24.587821123095225,30.300537777883413,1.268206104727242,98.45706689334108,13.590425253341632,2,46.07727045483369,80.88961501826248,HIGH
91,77.88326848709227,27.51578746045714,21.787048147000025,89.99134277742036,46.66202140011257,5,94.32853424523483,38.62387116779795,CRITICAL
82,61.97246920058151,41.88138684233401,12.155958507574631,32.62868335181725,93.68701086020343,1,50.315254820828756,52.47403638059485,CRITICAL
9,28.620371122714403,29.98991086882151,11.025037953692527,36.859796050177934,60.439575392130905,3,38.257228118139665,33.45420640330184,CRITICAL
8,38.309066249802285,9.935142379370099,0.4812462364667103,49.198378397200145,63.84536754365824,1,44.99404345840004,61.09084196463084,HIGH
100,22.586060378077757,39.688026272495144,11.89082315068508,22.808379541889003,90.05035774936637,3,25.29199532179224,42.92772266494601,CRITICAL
96,51.868423323639036,44.11917187448308,13.898979156556896,47.42200245235601,5.134625170652562,1,89.70388668777261,92.66093898282989,HIGH
42,43.663207775210886,17.527755523133802,27.281760957812555,89.83418754345836,87.21128808959003,0,59.82364661540913,38.703566513985024,CRITICAL
70,59.64460531577265,2.0262207589958505,29.44072385176175,86.24571094774653,6.775565708042997,2,19.347930185751437,92.58860229058688,MEDIUM
26,10.995056623883245,5.065136457211905,22.33013139168285,60.54310965735297,5.988696235927571,4,21.869379751886797,54.50364802234106,HIGH
8,50.352279218339056,16.70204654280512,18.38778118646688,41.223317280110265,32.654466692303984,2,5.091634989696702,54.114764449253755,HIGH
20,89.51797306132171,37.92462404352308,13.002245298841515,56.257447773620726,66.63200168260029,4,72.86644410262801,58.80330468017634,CRITICAL
13,99.87800774821379,7.6665002602888555,24.74138916535489,39.71368558299141,71.4271168707769,5,72.25435199976317,30.375055623616205,CRITICAL
23,78.58978884182523,9.816712175752818,18.506230648731336,34.818384390294156,22.023754598119595,0,30.291029074873567,95.58816773913422,MEDIUM
29,47.65382886854215,9.683212793465346,23.98415002806234,89.48499376809731,42.69114922512767,4,25.514788173456704,92.02676970518021,HIGH
5,99.19238489836859,8.169572002753856,1.1238297668489106,75.45141423821309,78.70121528661926,1,46.83066153163762,98.21374055543819,MEDIUM
91,54.41340096504488,3.9984765162382754,13.788188430299558,90.94647795592502,61.679835414828275,2,85.05938311586253,95.78850053898809,HIGH
38,61.93391099774221,27.39626798375334,27.03977774405042,76.79002083654693,63.152452308640996,2,52.67091554075354,68.43642681677596,HIGH
96,63.08016238215823,34.13007158002429,24.185668809827487,80.04665010193817,24.529653956144216,0,43.38733664408026,30.85791052262927,HIGH
70,37.05120544805149,48.6380572334963,29.739387051323597,14.615791333385108,59.1692844780851,2,10.64968021517172,19.057337103235252,CRITICAL
33,86.00393750155628,10.947627902308904,28.685303907559366,51.79128200907796,15.325825606324994,0,69.73817239866351,53.05514741304759,MEDIUM
57,76.82712119807722,20.96457651502373,9.936394013259827,17.301628230694504,16.24454753328721,3,94.84916249544162,67.9738219179247,HIGH
45,93.3512054386555,2.8451518847135535,12.177741188197022,48.895093901933244,41.42228996245125,0,33.37858538150341,40.186109216746,MEDIUM
44,31.211408777436578,43.955292179360434,14.755823298059891,96.24468368046746,58.84232238980276,3,43.010563291199546,27.335576170790347,CRITICAL
36,64.95154516702634,8.244721344154804,4.77576000943381,39.442860882059804,37.68476460367336,0,10.065983297001468,12.819474493253656,MEDIUM
99,10.764087688208834,27.018522630834063,14.77945422304749,18.308354274136438,97.00602128624124,5,64.7969761132357,99.22454073934995,CRITICAL
5,52.40873274193388,1.6342312594813446,8.742690902285513,85.92218080914786,67.87397242014237,5,35.725050170763005,59.33973929520262,MEDIUM
10,24.869940730625206,15.488369513355844,2.9991392878313885,99.668398219777,8.23457910730292,0,61.436334252516254,83.03582919867601,HIGH
29,81.05884153615008,44.85280677335864,24.72572766098703,54.132408050287225,26.73302933079761,2,61.5435084975137,54.978311857655,HIGH
83,35.60003692265927,3.247125991559235,18.185031977086236,33.39839998010891,64.34640271669265,5,51.4891453803481,52.15947466057494,CRITICAL
33,72.0128824974055,1.6016868477290391,25.564692990181804,69.85077183434804,69.49087714602075,3,35.87519224860115,53.343208500056576,HIGH
42,68.81404745213067,40.73190107982383,12.539087937839149,93.74473870665771,79.42575066134235,2,66.62553647652987,25.001992083078036,CRITICAL
64,23.38488260873493,7.760953916906432,2.383593781012613,62.89147860380073,11.771813890099503,0,99.82257220813646,16.980425560370442,HIGH
97,16.60979401635209,38.51833542165466,20.631774213899014,62.13432745287466,71.86404800534007,3,40.98805645303316,93.33796066201884,CRITICAL
90,94.83208574688182,27.606011826314198,17.630123936208932,94.36925786599494,20.97718782394352,3,65.61816635268639,39.59988661013871,HIGH
55,27.233974345458353,3.3027675185025416,0.9413853677633433,86.77608245854425,25.21819575843145,1,81.25188089729616,49.03287494585884,HIGH
55,80.535230441561,43.12872004642322,13.48836737861557,83.42030740843516,74.52812564871991,5,42.23483998954654,34.90489595395465,CRITICAL
77,88.13204767545291,9.198094162135828,26.075224753440917,24.7761211237763,25.060037833303983,0,48.689420428515184,98.8950399442229,HIGH
23,13.782292824832508,7.017049282797938,15.383532331270388,54.582188249644894,27.786230971892845,1,72.07843898274967,44.697668430601524,HIGH
6,66.83841655005125,35.56826090178005,24.00625875924757,43.572150322393945,0.2737306837717002,3,77.15680288100543,97.08103807719279,CRITICAL
30,28.995558569599133,16.625895977152773,19.759969232478905,76.28909175816716,50.498113984946926,4,39.06901917575774,55.22984027411752,CRITICAL
80,65.12174079859287,30.611225290842732,13.04812984981652,95.48352461915013,80.02794462399574,3,96.41425216131448,61.14263897371815,CRITICAL
42,58.49130272650056,37.78867887572809,1.3354097942603382,39.93448660978928,40.73362990418096,5,96.50857507574429,10.965854302638528,CRITICAL
58,93.61435667960998,45.70526029332273,18.2628137406478,30.78507127670985,31.51795479267997,4,22.289954460614425,30.14654791747657,HIGH
88,86.69482509407358,40.83681338633333,20.052966826643146,62.16073515171388,39.48125784498894,0,53.074281833485394,8.851693913870214,HIGH
62,31.50819715655011,0.11252069101138074,1.4329127129847063,16.84951411347989,80.3283812654277,4,81.4424677934452,56.921863327116554,CRITICAL
58,11.47090632585931,43.4272963377078,21.98250281690725,79.01013238431341,78.79938357040592,4,66.33141938686049,52.18038207994771,CRITICAL
79,29.207309842617065,33.06442929519685,8.626714150534898,20.428449339948962,23.483341131828084,3,56.07547143527957,36.21580151347434,CRITICAL
74,69.04922789352489,0.7105677146777623,12.88501450710227,39.58973466020724,24.559631158842553,3,2.0690896358042443,17.338360350227255,HIGH
100,75.79149203924379,8.45113160366459,8.769498841124221,33.13832377941763,16.18614711311053,3,20.409332759053843,20.571193466602367,HIGH
17,78.85834301901409,14.438925426264259,29.93655246697058,72.24017440811738,63.902260414205315,0,98.2813605335121,87.95601018918218,HIGH
5,95.82269766598662,3.2991136531028364,23.110183282440868,78.26031032944285,27.005110655086984,1,11.337075952366204,47.87270137716334,MEDIUM
20,55.04167667731628,41.759565017945135,16.03775660663036,55.9701637997387,48.12418719231961,4,27.83005668632462,12.910469612811577,CRITICAL
16,41.79161471035978,19.394034075216165,5.679004835777979,95.04466461036229,72.53152431415583,4,80.4375335346327,80.36443440479019,CRITICAL
16,99.29106806001788,8.114606568892647,10.263035631255764,56.98780375249397,68.9529802909562,1,47.86903559499497,92.84781982708621,MEDIUM
85,41.62443252415224,17.009038796091907,11.678346274643832,78.1080684730123,10.356938695367447,4,77.58621708438503,43.23364224414675,CRITICAL
26,27.112931802099624,31.8744616521236,23.20390140705283,77.29609089167359,6.690056604249217,5,22.675119962179036,67.41744308703124,CRITICAL
68,60.17119891476266,22.892659301785972,9.666420141427377,43.198372333647136,89.99705317762839,0,45.29094188517371,5.353565359407904,HIGH
50,11.540919683051222,33.22901201766731,11.176121826928144,40.4853053197118,74.97326719576054,0,96.95837297675772,86.89065042160989,CRITICAL
15,22.067165716528997,4.79886777499634,15.615425384360314,78.95126358035542,59.288550269432584,3,49.43454083322365,99.63288946004535,CRITICAL
97,78.54255877929404,5.987652251476994,24.324879132020495,80.75316000856759,63.80802938123562,1,31.2058177121591,83.10563471493018,MEDIUM
42,13.504491055601255,5.3287122603181745,28.171458385930606,69.83412993525728,99.84031031796296,5,25.828140091667585,41.060210279611276,CRITICAL
24,35.26012741472354,42.486849953245304,29.43930791491208,97.76166005273616,36.378523763352376,3,30.838513179591587,33.48291288057516,CRITICAL
7,12.353300439662096,14.257760840562671,5.543284426286885,18.376862542744277,13.742472925342852,4,60.2906410392716,85.89913971358276,HIGH
51,20.2036763620686,48.73195449419313,23.039963394504447,38.64805549350943,12.372696535750439,4,21.231046752801674,81.03530084706613,CRITICAL
34,14.417083448814898,15.574426144908065,22.819032345013703,77.9356568211136,91.29732091669185,0,81.15771018923363,57.14896756295028,CRITICAL
78,88.32703755902797,27.303231245728725,27.189582411728814,69.21097387953955,10.043571811412132,3,75.23019308655512,8.870055859012584,CRITICAL
58,18.367073008498366,16.663327540847728,22.232829642009765,22.320247040594218,9.431496969598395,4,0.40094487877837537,89.68322560424225,CRITICAL
10,52.23008061092386,18.056409957255674,16.258932375958025,33.785402508770105,59.08538545642582,4,89.50245216049784,28.51969795518251,CRITICAL
47,25.15418266252896,32.4242878400397,17.07045675084683,88.00229742637754,63.0838877053918,0,47.03156740845581,74.23112219032154,CRITICAL
21,25.243262547310813,47.86457785300002,25.914758894394662,55.87160074318042,98.96468476050383,0,68.14112031681472,88.13191049519828,CRITICAL
78,81.5194911933438,38.81311559745676,5.626498570886136,59.28073936262766,5.937166087123091,1,61.32579570031336,41.90190824333444,HIGH
72,36.343567527712196,6.810525582924703,29.21164481135535,47.03887166058392,57.83316961501743,2,24.90306766061845,86.3332980462084,HIGH
20,73.6213926063491,12.749964240319134,18.157677612679578,10.130737558032761,11.461071972209924,4,19.116493870903273,29.028940131317796,HIGH
21,61.895441164018315,40.72231152684262,17.406123456353818,97.04569272989139,24.87801323268456,5,4.0206195643958775,99.8237729724468,HIGH
100,14.19077907363119,3.6099626437083474,11.841563016093238,96.86979047680057,27.654907077103708,0,57.4574723860753,66.92603468872213,HIGH
96,19.96968965751948,34.81120616710183,12.400675067369711,40.72212881274528,44.70745037822701,1,72.43142101761947,79.63176076641824,CRITICAL
52,39.260045125726606,20.556341997803983,19.785606828078464,71.22830752101402,44.34117724233846,1,85.77562319863704,18.861970600815408,CRITICAL
54,41.78603706449316,43.49755371580161,25.743407595179637,69.6073198456255,48.991333312476804,2,43.74508190820621,28.95057004161516,CRITICAL
60,51.7224258502905,3.0702299555365298,26.66810069241152,15.363308767595793,45.87476143559962,2,20.383987883779664,15.489566167623742,CRITICAL
41,22.662807520554622,13.966403967537012,12.784568615791253,11.239085663788437,78.56952232318619,4,6.529503007594084,48.170760259368144,CRITICAL
43,67.98250131449413,22.467153594242035,20.652927129830676,34.80540145599929,47.68352207802845,3,26.96394932304195,50.63327730412585,CRITICAL
61,91.43258863697801,0.8572886813461078,7.0326290231690605,53.73123090425393,21.88728897757315,4,50.96977102897203,93.72774436135408,MEDIUM
19,34.0908213325727,18.54170394019344,7.644335409233238,18.8951138739518,86.20024074486928,4,79.94613372550694,75.90827832633927,CRITICAL
7,15.667099662453136,47.85770657837712,3.2135745677111514,90.8898102153331,25.209876753173877,1,75.77369209951085,68.50245813638199,HIGH
76,87.02651415186726,28.720683529598507,27.732920169067228,92.96447334040144,62.751933557567504,4,0.3370837487997824,96.0690441121098,HIGH
46,79.16438089361338,38.48432658384456,12.591784797895935,40.71666300394718,48.101925248964974,1,10.846623579128778,34.10211521002406,HIGH
59,32.605094109791686,40.229659628846335,17.585770681381234,66.5962338907706,66.98362815522404,4,56.52156737746448,38.90431299156355,CRITICAL
53,52.466902779159916,9.81343719745318,7.346521837573137,14.122309067857852,33.61479741102505,3,75.89265275088484,55.5861687412543,HIGH
68,30.4819913862205,47.8750897804034,0.49294122078924363,16.86414442425457,56.515896242801325,1,23.130443253170917,87.32239782190538,HIGH
31,52.03745884532025,26.749035714550335,22.158460931316903,19.235364431787037,98.97745920414273,4,44.12811750056667,17.89351832843985,CRITICAL
99,29.30803663777069,18.54384917648739,1.0984759605951322,11.05280453442268,58.74996215785904,0,99.13155829937077,66.08682648032524,CRITICAL
62,90.37924631549119,4.674147941475465,27.70701488182906,65.05966321148067,9.351015691023912,2,79.10995453471203,56.004653170031936,HIGH
85,94.44445430101429,12.060499952797048,14.280373980625724,34.93733509404035,16.70377303458528,5,72.86645919558153,92.99168057735596,HIGH
67,83.53588759379927,10.817927418545736,12.35426989662683,39.7669699714215,8.871018516794182,4,22.932922784098274,59.68910568489615,MEDIUM
5,48.43951435889391,17.447940608357943,10.706990306078058,50.712022558345026,69.59390056453223,0,73.89006994479237,98.1669655783818,HIGH
78,11.922526061958616,13.7628965797069,5.162046884517526,24.125874721108076,73.74750006586623,5,17.939156439793148,83.59135877238019,CRITICAL
30,21.936535064503524,23.042755969343766,19.849838118881063,30.306265918002712,13.45150398574091,0,72.57438444513174,73.78587983098285,HIGH
51,66.44175095925513,44.00831824581795,8.987809233683286,71.80837689983865,15.39294770949865,0,83.3619668343339,20.111542753907695,HIGH
53,10.686051513431687,18.726782141301594,15.990889856613219,71.5995678742356,89.29003880944599,0,8.48273095817682,19.96576089501076,CRITICAL
14,23.836573119124434,5.4219862202623705,6.8777138068573604,83.13395936010052,26.614010120702535,4,71.37223076447646,88.96372056997168,HIGH
72,95.49701892645841,46.60261705207933,26.969251773184038,92.54240790535391,98.44075242433644,3,15.739715716820601,99.73567766290613,CRITICAL
73,69.44649615180809,10.779379290945117,13.471757194001894,25.492151342223487,83.669002946255,3,27.917538818515986,29.721723479008112,CRITICAL
32,93.35918021207522,39.91510561548528,25.06871112138653,27.664268437947733,29.553421866540695,4,46.48683885279862,13.647351064524424,CRITICAL
79,20.38127662013591,34.72588104262163,27.024928194387,30.676404135900146,70.02695764120138,0,56.006484835834556,42.48766989548976,CRITICAL
88,62.25961040050095,36.88061342265619,4.056544315702847,56.61589895323912,53.90253728315165,1,79.894289468547,27.845876524300273,CRITICAL
11,55.75743829643192,30.34506981956605,26.532630415448455,31.73452607177391,55.22773048547497,2,52.50758717772847,13.885970150437434,CRITICAL
38,39.886827464414154,6.808997626643665,5.349301780168388,48.494863615525894,85.02450126253174,1,13.97124290680144,80.05267274341168,HIGH
94,67.26244477960823,25.897753293746046,18.745201403427345,16.42917080216867,72.09198373098259,4,8.0156883133509,77.21326146703234,CRITICAL
63,24.81711716443676,13.815563541930869,25.416776091832254,12.696410663273562,76.54794455433608,0,77.53042553728977,70.63393628075484,CRITICAL
97,12.731266673855792,16.12483045642224,22.726755680635133,82.71749241153543,58.58405387480795,0,68.79564016343804,50.67408845233486,CRITICAL
17,49.5081152061259,44.71471516006862,19.426431515411917,15.152281976282003,63.08460291361193,4,2.5841263824890603,19.228648907678394,CRITICAL
50,38.155962333932926,33.60892799316255,23.84068695774503,55.36180830079788,28.98617964426378,2,26.080406575854454,13.078841729824587,CRITICAL
23,64.03134621778815,28.819250516598427,14.303350140269949,54.20252596586938,91.02535975574486,0,15.057724845204469,83.31391723831536,HIGH
41,55.12738791070093,39.41549287828052,9.42340904014824,52.198694896954926,50.71436869702482,3,2.6251353652375964,61.92510660470313,HIGH
5,69.58334023889658,44.289638566081535,11.336872133318817,67.30011255095916,8.868855507274521,5,51.589070465474805,55.35334601436605,HIGH
56,43.99490550659697,6.147116510496203,12.389171976433632,81.79301183109607,51.1682571678197,2,36.956629649791054,9.654801598116835,HIGH
44,83.94203920156664,39.25699538619264,11.259765862584043,13.768583832151428,71.42881083441972,5,46.97692249196523,43.63953098470024,CRITICAL
35,46.91651176057179,42.80128092103034,16.747871218627015,65.62819914487702,78.65232229138986,0,77.23664762407402,78.96831129076534,CRITICAL
72,26.62897848575563,3.225725911822824,8.034320578424717,14.228794154021696,12.241046030261604,3,25.281511869205687,55.21470112208368,HIGH
76,92.37114345756223,36.92531064337929,7.8482346889924415,75.99564971983094,96.21520478795898,5,17.74450730344479,95.10229583826637,HIGH
68,89.24085895553962,12.450766755515092,5.8156861464875735,74.63632597585584,18.768400347472202,5,6.416592299721168,30.440946690824497,MEDIUM
24,70.56998130602949,7.075047752501268,12.00247934886992,71.01127390983402,72.59896112298304,4,57.14204284935151,68.60204188796133,HIGH
98,37.67469358956596,14.879336267185533,0.6212812459579575,89.15015032725016,75.64794549121791,1,36.825651468522445,73.89671195506126,HIGH
72,48.78001376426732,5.20464454203286,28.823209578907825,32.66649348583179,46.196528429868955,0,82.20369174345143,32.70440544797495,CRITICAL
85,45.0892766870594,17.733804116450884,22.508789011910174,78.18922062333725,86.6273454379044,0,18.658908757030346,79.92260647388183,HIGH
97,70.81758158813629,16.996535861294422,20.495501872961665,36.4449790660328,95.92184265365304,5,2.3264100169124946,13.037651662782167,CRITICAL
53,37.69565237318907,39.60468854002194,25.892525529250673,56.16821305315082,95.99717022085333,4,50.52163371166173,92.21488648754908,CRITICAL
33,75.77020659898866,18.41858969682581,16.682709685878343,55.087284793609534,17.845462881338314,2,33.15512293986578,97.38523123975185,MEDIUM
64,64.908571502997,34.8595287880041,20.210333545861534,40.59361065461253,28.969619189819284,5,5.752342934255317,86.03171175480443,CRITICAL
35,28.417588639883185,10.806673470488626,29.091956860955005,84.15438109603309,19.432891777549365,4,25.771709223927218,34.93201191671656,CRITICAL
95,20.996237810885898,36.42255076090947,24.20114974858226,82.535319098799,9.005762707125308,5,59.985518794315986,54.990084352439276,CRITICAL
97,89.07368817078752,6.1889400871015745,1.4499100163109202,97.80312342849149,24.10963221886583,0,63.08735957651061,23.8090645283103,MEDIUM
32,22.12362659312416,32.20141169541335,29.983307322647633,13.529003109145528,40.66469285995776,0,72.33608147266553,95.84000619476438,CRITICAL
83,78.52182273149326,24.833319991230347,28.85102935003662,99.22797601700321,9.530779318297744,4,85.83784580766968,78.99676783004575,HIGH
97,87.76142863335211,44.591194766902156,0.32015828300511084,26.63459307538956,82.03488590312693,0,58.609028240103854,36.78590572603149,CRITICAL
58,20.081316303287736,6.395350708662251,17.915899945170374,93.1893831579448,24.43858361869804,3,33.3851959349759,65.49917628444483,HIGH
68,33.74984350527453,14.182459124565467,29.370052277163886,20.773085105666297,72.4777638226277,3,91.66721180310405,88.8167207241097,CRITICAL
92,29.23315886600708,18.395242322140415,23.76247607450021,22.053367120992803,5.794504341670825,2,60.36914070763638,81.80879318491739,CRITICAL
72,67.53596283099105,28.75141027824438,3.2656841440266335,36.30191408340609,23.134950844200052,4,47.73468847792617,84.61619680751662,HIGH
80,22.53642885451694,49.84664447876774,5.841177814588104,83.34517765839297,15.767810450196363,1,60.65683335212214,53.0559959191741,HIGH
14,31.612814743938102,13.750983154472435,10.130840558916848,16.90701617524196,25.514732996953924,0,69.54170819075082,86.44134155973111,HIGH
42,21.70472060718552,26.805251615959374,28.220031726467305,13.856809248495665,36.683596395312215,0,77.8018443227054,37.06172214878069,CRITICAL
68,94.20331005450106,21.43347614831151,28.98863661082057,76.93814295658659,51.93392537063831,0,11.651264687137985,17.23471254497035,HIGH
7,94.4960695787837,47.192397785536414,26.244872731773167,14.984871050887476,88.49373325942621,2,39.05897393661015,89.0312621199012,CRITICAL
16,83.63550743766999,38.13680932941642,11.588523645846204,71.64172858749768,7.267941028161495,5,21.285344734747515,95.51473581547494,HIGH
32,32.862422695565414,17.026670037133744,1.5615621546054637,48.681409923857615,55.02913905933789,3,57.2041504895491,51.11168168117059,CRITICAL
67,48.20262036230175,28.0685430929627,27.07253585962857,65.90607992542739,98.39198777414272,2,29.040082357573016,96.49726058417913,CRITICAL
19,31.789010296468117,44.81802491639954,0.14877046506360903,57.5028892506899,44.743001297297525,1,34.26092810812611,27.555438990177606,HIGH
90,92.14518479649676,36.83290589367035,15.858238742462232,46.67115229480603,21.196074957957457,5,37.4302600432251,73.76644698376228,HIGH
11,19.222726524116972,18.52814124954264,20.73323332383495,11.624875921840847,82.22568634710554,4,36.824282253675534,58.62386904791104,CRITICAL
95,15.835593508897626,14.467480140091633,17.222624834279276,94.14654352828559,71.46527692330146,3,99.18940980378092,60.37541517388716,CRITICAL
26,46.25695599660041,29.89251826188029,17.183621367165944,94.83318542194829,42.07379204528666,4,57.27152586584542,40.707459916249654,CRITICAL
89,36.67705025319305,27.634928614552805,18.13980164218574,64.02796199278318,72.97581484608993,5,76.10843999775926,86.14920540406715,CRITICAL
16,90.02362450211582,14.777375811778398,16.057938065423986,42.956244216376255,38.40988400338367,4,24.82008125404406,36.38361177375381,HIGH
18,36.49667517777236,38.61497510240912,26.62015228932946,61.25333805151675,79.22985551867913,1,95.32884819442306,89.60126935009431,CRITICAL
18,26.64591376130859,39.016748520388234,24.580969338795818,36.49884894674666,14.129222017726873,3,40.421217355068876,58.18563246175395,CRITICAL
12,46.70371939241594,34.98387933632756,29.700679456720174,52.567979499325695,39.79937854427059,0,45.71814966484279,44.68184752294825,CRITICAL
8,67.7742359770763,8.69573121863475,6.47720559898803,60.549369043654465,99.46918765038346,1,51.99937791133752,25.937748074150964,HIGH
90,69.62889912885433,45.39300067789917,19.505687634042303,90.86697098244638,52.020852370949875,5,89.70657628860569,76.91616003708862,CRITICAL
41,84.52122457531468,44.86253982211756,28.80061613190297,89.85544472726032,11.78052796542499,1,90.22485069568683,58.79544457756479,HIGH
60,40.720575695444566,27.462609784523117,25.46915191056044,23.25181332648384,59.05121323697661,2,54.45004230480953,18.928165407805363,CRITICAL
89,33.94346906553778,39.180042427261895,11.47301664343028,44.046649865989146,40.69249453421892,0,92.34614210517309,25.58005002452913,CRITICAL
76,53.37361695458585,21.297690308933248,20.160348601031494,71.71039610658451,14.571755950518694,1,80.72324658073829,34.80099483797822,HIGH
48,98.24267024654402,37.52108891315234,7.557916233682894,27.283681332690083,26.70470580359584,4,14.895203888863918,60.8230651218216,HIGH
44,86.47871848801384,13.59507278578031,26.969817066318257,86.91732304283134,83.252996175902,1,47.841732764492065,26.25479500810002,CRITICAL
5,70.09447043164593,25.694930342677285,18.011773241461732,91.66051186376095,38.928628759536856,0,11.678394551359316,98.06680204353576,MEDIUM
54,55.35093969244719,3.7528369878285006,20.0494514092802,83.28823763929373,33.484098183781306,0,4.791615117597214,11.291131046736139,MEDIUM
72,15.038762726531065,32.414259865599526,2.4031330555009625,66.68758202037239,7.316280050454149,5,32.139278243723155,48.04800565347186,CRITICAL
27,87.66086464120708,26.090385837815518,26.155219580783495,95.44813401921262,64.20732171173017,5,14.364811815544343,74.34775620694683,HIGH
33,67.37525928901151,13.50607537359666,26.871554217175124,49.6584594983052,59.883570880816094,3,16.23122845454662,72.85996008350281,HIGH
62,89.6891963673811,36.30106054366351,22.88899068452782,47.04814926106787,13.002878126734496,1,34.45504830737597,57.769126526067886,HIGH
16,77.12767175227665,24.604705246160986,18.761690592618145,52.67254190932662,38.44731816879664,0,98.19824558568881,58.715030189094165,MEDIUM
82,16.011469954402603,38.88699384910832,0.6820520901558302,94.29170300929493,67.4632419150591,2,6.715809531731132,23.55051017442143,CRITICAL
30,50.847979492620965,4.459342337117228,3.9799701320066827,93.82479599325369,35.78789361932792,1,20.26185717041873,92.00284146738313,MEDIUM
56,19.78419588541501,27.234270769047292,2.3745248759362925,10.957724440414701,84.9545486242405,1,67.80326970045012,12.466485554561618,CRITICAL
25,10.041799799983641,5.631001375195033,22.510130350716313,31.417568283267784,51.32944284345523,5,31.7755938562425,49.43413240534117,CRITICAL
74,61.609208419017335,17.248261114947912,3.6379263975591636,29.642834814444495,7.433603623062767,5,54.51887942606818,34.17433366281445,HIGH
80,14.426578770121907,48.061891708036356,25.93673935058859,39.072039755439064,14.085113155933337,3,29.401650659940103,9.085119384843583,CRITICAL
17,48.80437698055252,14.238031206626017,1.587003671342322,50.65647779733038,68.20487398663604,0,39.83595778822752,55.74727282141781,MEDIUM
23,91.45385139948469,37.04582295974225,14.989749193327803,56.20517093933103,91.51705293852712,0,1.4013520136161528,20.34030903660457,HIGH
16,89.03633351804152,44.71331157558965,17.669792295152842,84.45905042004048,10.233796110947146,1,26.10983663754499,93.40562636032288,MEDIUM
58,25.44576586430356,27.30625358974097,22.036439142319722,54.217526395585445,73.12285280732753,4,43.793100292879714,76.99845329278668,CRITICAL
34,88.72599276921876,26.96799495929084,26.299291874837603,86.32684645337632,17.721660840147546,5,99.5915065098119,43.80039090491765,CRITICAL
48,30.601746078716825,37.513561341778654,28.793021531131593,12.062681424277624,78.56076859147795,4,54.45983612476507,65.48176479135061,CRITICAL
56,71.26707794844722,49.72338457368126,13.607211666924039,73.01003914697472,40.26593406565787,3,23.59499178850093,43.48304539349935,HIGH
23,87.40909517792136,0.7730913777225845,22.936080918219268,43.850514804242984,14.362947705650697,5,84.06806600908955,22.14265246891438,CRITICAL
85,41.43734328083808,33.694151848262976,2.585673852000564,45.40210910951525,87.34507013824219,2,1.483215225701462,36.82984680840431,CRITICAL
62,94.33528862477155,34.33737466667168,12.148040585837915,23.53064660671404,7.286217453209643,5,77.00902069886558,21.550399228271544,CRITICAL
78,22.486967961976887,28.39335180741937,29.067496163411228,77.94667134788187,95.48912125783772,4,59.06327108611129,78.39423462582297,CRITICAL
39,31.169726540867213,31.171849969387523,16.255729188502748,80.50143986348323,86.8077650786685,1,12.687408098709996,92.2656708105644,CRITICAL
47,81.85465889462823,47.56999932421987,20.75379805184233,30.681916025342204,84.17638878694349,3,97.50093349753985,61.831174255098034,CRITICAL
93,32.56941725062214,48.45328081096247,19.45111963078115,36.8323542134777,60.55976326593827,5,60.97299718276086,57.58638243976252,CRITICAL
13,68.25436791450733,14.17829668029374,13.555909758671932,59.1123149221997,45.78854513349383,0,69.528036307419,46.93352798900188,HIGH
50,93.12844280983363,11.764046138225515,16.31906712092161,50.282125362341525,47.760143277040676,4,76.91073043056545,67.38903975294753,HIGH
8,94.05139256568594,22.600320829041316,11.413448850865944,17.019267206766653,61.40242149195155,5,62.781898426780245,97.46895137305235,CRITICAL
68,64.93887355847475,24.623558813510236,16.25930342448884,87.1321388790586,57.45928579220047,3,50.5805496105746,73.26127562912978,HIGH
24,85.33405046960658,6.474375844045083,15.483505854786396,27.653822634008854,99.41919054818487,0,79.05280116446737,55.55336337711003,HIGH
92,57.19480872198132,19.929682703148373,5.587115514801155,66.26801424709313,23.74816266349026,0,69.55016275445163,88.88694377869581,MEDIUM
89,90.52450580970105,18.017863391178523,29.834190843288845,44.28452719369511,61.95391590288052,5,45.66354495971909,8.64000058107259,CRITICAL
91,21.23429309660769,13.979854397388824,16.25310283360791,80.05411727117412,34.263148793936956,2,26.83224398732612,22.342823809027156,HIGH
72,45.3856026490161,29.67974595504515,5.883217410822397,41.77179362164554,81.52265817775385,2,18.568888782189198,28.429355511256727,CRITICAL
22,71.51730297463595,36.96802615227296,25.402293488961263,81.05815839189799,83.0308369296587,1,86.62921334848197,23.483942053372395,CRITICAL
78,94.10826846420194,17.00930349711368,4.932645915611476,17.164625313894696,68.05294894873882,2,18.660179177701654,77.34232974871512,HIGH
97,99.04430273096635,24.165142021290425,27.418615433206643,40.901560671753344,16.767933196297278,4,17.185718866923004,94.87615004902186,HIGH
33,88.1500868686571,11.113521584616986,15.892227576957097,80.35143205359111,37.005188392267165,1,86.04502006726658,94.2600466528961,MEDIUM
18,60.39401668276917,19.560965660673162,10.974126538409127,95.64655190798547,48.96321111838146,2,95.62589778473904,95.20982232512246,HIGH
76,39.19387170230535,30.494192734525132,22.679637034483633,79.57029164738414,28.730475027011327,2,22.420670842828095,23.445156284636532,CRITICAL
85,66.08622640965879,43.887503324235496,26.81601394243021,84.18957182710477,7.4509642469276605,0,91.38803964943986,61.90509938451397,HIGH
26,14.220085203076174,26.077129629636005,21.140583455625578,62.37792634398952,26.91337823379896,0,8.601017176034166,39.60124988084775,HIGH
55,37.68224312319347,16.26229930432513,13.610301935864081,39.40910476806715,32.77661442927806,0,21.659587121704572,21.48341771051631,HIGH
84,89.74889970795871,40.876940794096775,14.275668947661295,86.12878706720505,52.452477885319205,1,79.88037349749362,47.49605172051591,CRITICAL
45,14.121295298972035,47.99001053749427,7.97263271050094,86.19445706510383,69.71259181518765,5,80.23825295947842,31.930486338486848,CRITICAL
16,13.16729709409202,17.692975393431166,13.698989238500381,65.41468871853567,94.79751512228958,0,69.60788711289673,54.75349482092509,CRITICAL
76,15.412809509459569,36.62508906234508,3.94903192470181,53.021243889669975,27.168202669163488,1,23.500993732141097,53.85429848018581,HIGH
76,87.08080551794717,17.415812761408688,4.883685683500451,22.316479117912483,33.08932226703061,3,41.60831053433503,95.77687580751807,HIGH
79,55.57954920378432,39.614779783148315,13.493390129264046,49.79813408224603,29.865017430925878,1,13.821906218463075,72.07965684756338,HIGH
70,40.355679903059105,37.04009387387743,20.079442772182915,58.72145143818494,33.953620294397915,4,42.19646227697685,39.55242731181705,CRITICAL
45,80.8847008208994,42.07881711931818,8.640978674093283,55.182804700737556,30.45417141765737,4,91.04867511887682,96.92526756139767,HIGH
93,48.52965488049945,16.61473886124631,4.08375820500579,86.59118250431999,88.24899944618507,0,15.594313890949996,34.1499208315301,HIGH
86,30.661604946626866,32.36700254619409,6.962686942386959,96.26151912866467,13.112789871283237,0,79.93121022431454,87.50608407073324,HIGH
13,28.75095308200473,16.198829688105643,14.415875680846563,56.960821661116285,63.341784948859456,3,55.554605080302885,22.304158358197796,CRITICAL
17,35.55185315976753,14.218148533672881,15.594270346639727,65.52177112159191,38.58256458225362,4,99.51004215831868,51.60979355638381,HIGH
68,96.67857487895178,34.518032889985676,28.09959371881608,48.07651005991095,89.88687667051093,3,71.93607833196036,32.80347813739502,CRITICAL
57,23.47342168704428,0.31826910739263803,10.988823215506205,56.378261809282726,73.87484588003478,1,91.92411032977277,32.35176011822616,CRITICAL
13,57.324489650573405,40.26923805980654,5.186217361889582,58.90282454114871,81.63560264249234,5,13.372578613775755,84.45217289758459,HIGH
21,28.016298447490712,7.160630404451496,25.235011349278963,10.637585643098323,30.486944782784477,0,5.898449105885861,75.13816267826341,HIGH
16,56.76315361281755,20.768400006886704,14.686135536465972,28.356133062981154,55.274599390615585,2,2.422538796449536,20.680618307432724,CRITICAL
65,46.36228216202048,35.30833463634993,19.954719198352276,25.924704602532575,18.066520169266788,2,48.007957983211746,35.4806418696967,CRITICAL
100,97.59664239501107,28.102065111597824,7.968909476064148,22.209997729225936,15.475493567241527,4,94.21377258948517,35.916252684089145,HIGH
84,18.121065392967566,40.83340010625051,25.646375045877146,76.77112073318358,38.24127830539007,5,55.37997651181291,74.30784430141556,CRITICAL
55,14.778681616810461,43.45151788802911,21.54867264022004,96.43155232730268,64.54203014729356,1,6.332193655644902,70.3108700769507,CRITICAL
30,49.86084782219714,35.85971769999841,6.518097801311681,60.80363555986916,58.25544295208173,1,95.66910031278506,92.97827771142366,HIGH
46,26.361033212609193,7.75958246612849,28.655784033285368,91.86773780981324,21.40984962954713,3,88.15587101220531,95.75748745036836,CRITICAL
98,48.439004808263974,16.347735247480532,25.61602382030563,16.78265860402715,30.319854793155233,4,55.06589274396967,27.463198827111142,CRITICAL
26,39.25922616421259,18.184614815738144,28.9245451043221,81.04165220249044,85.56989796051505,4,20.3186506928531,57.814692998462405,CRITICAL
44,34.01004372245659,6.107827458196585,21.74358188612904,51.67247009530919,74.36600095220382,3,21.886602164478365,81.7829740594534,CRITICAL
42,32.24217731334903,0.9780155759467613,9.978725074463616,87.88898559548454,57.76089266744513,3,61.12128400466656,73.87782861341161,HIGH
28,90.39447136383059,30.18037111493537,25.43831613524576,62.4039211086306,0.26880814641320194,4,17.43305656324453,11.638835224498132,CRITICAL
12,39.79987540978224,33.33602618466042,17.876873568112625,78.37710684113208,91.06634817846187,5,11.251308928606797,51.581112274917004,CRITICAL
46,22.44478301824681,47.561798452702256,28.374128695200554,56.705042212251186,13.066832832425511,0,81.23207664133655,76.51115318647099,CRITICAL
17,22.124466384880435,18.2153636206432,21.87609265534261,75.34983856728698,5.42906191049477,1,17.32663291518174,88.92029061335498,HIGH
38,78.48970867603198,24.447271453805254,24.324985058544623,71.74130923773562,46.560201435256,4,50.591539489942065,59.04752430800456,HIGH
49,71.52375682408152,34.66598046570313,21.661334418867426,89.0663761906129,66.73479044015299,2,18.465620455738787,65.55557761955268,HIGH
55,93.18723205834098,39.93460269192399,27.676422614739874,81.13024517729215,81.3610596720641,0,20.199519408745324,31.422367899932226,HIGH
43,31.265860595025266,19.392555819975897,2.4602964106215666,61.53993224327792,79.42486820656978,2,10.948083892624648,11.308801382439643,HIGH
25,95.86847758967151,43.600330772980215,17.115483708353278,93.56836108925435,9.356924163431357,1,64.29116694419714,20.91060686130783,HIGH
98,94.76447860016789,37.46391398766918,19.920250927812592,18.322755301379853,19.883949665701937,2,65.3754702716,74.81760161803061,HIGH
29,15.10197769915473,41.16245850784056,27.349633277560578,61.8894257947996,99.21784286953256,0,21.041710441390816,61.38107160096762,CRITICAL
16,64.78274849852409,5.758506858789936,11.934585135076146,66.99616181540381,73.17554291470898,0,20.724561927768992,16.217525358046842,HIGH
92,93.15887617346777,48.005699910351915,12.303345382188143,77.73938692671398,13.963504920529912,0,60.58373136175938,75.872002087359,MEDIUM
16,20.434050635575222,19.129102827122914,3.1351659736415316,92.19567512172183,4.185111910817607,4,72.16706874364417,47.41664538471954,CRITICAL
97,40.86450412537597,37.12898341027299,15.874656459678407,49.38732738730472,24.867385028266398,4,74.67730919247934,25.338476140180134,CRITICAL
42,61.46954594045886,21.572427593277244,10.119395526141354,58.253361293724296,66.03372184845632,3,65.06265243654885,68.1886611288013,HIGH
43,79.89838806457328,5.181478392195615,22.930802282318698,35.384048714133684,10.045867480412463,2,2.270943514881274,58.046727626688494,MEDIUM
55,66.2813553753009,7.030560792211066,10.11466872539606,10.786794214536691,66.49234840768521,1,15.012807843329945,32.23773140966749,HIGH
21,11.540340897435128,41.161909547225086,5.809616826614519,86.21857831631189,99.45670885419572,2,72.15742050148219,84.76637590782852,CRITICAL
13,82.94181500963928,36.79916249780222,0.03708239019561188,93.76306756821002,71.56733324151527,4,59.62027486058978,17.17931642402555,CRITICAL
93,62.51129869140852,41.17468223612328,23.290889582895055,30.597691515085806,45.37343317169721,1,27.54619359281393,45.266901544042234,CRITICAL
50,59.47254754154015,26.98196633409359,11.621062451663274,78.63149183364067,13.033360400805327,0,25.935726569229857,12.12015598542778,MEDIUM
100,80.06689558964484,1.2822773832253442,29.70299999755303,93.71667060884376,42.24597895377341,2,61.425115288759656,50.534497439314755,HIGH
76,54.53713808218963,3.0154482149898354,17.972004179527932,15.536670460405281,71.88409844156168,0,43.122189064472074,86.88660752868059,HIGH
7,47.11070277197742,6.4993802929232904,25.800327050998533,57.794248003575824,94.51524384403228,0,34.239032357510304,29.80087615942115,HIGH
25,84.49908755028878,34.22243469645632,19.261229486967057,29.96532166829772,71.03317220989936,2,3.238298184944266,10.571540049061134,CRITICAL
7,65.45234816288061,45.39902541976283,12.1662001214748,54.67483282684195,91.42065552503801,5,45.14736188096262,45.20296759783506,CRITICAL
44,66.06157687186759,18.54440027580122,17.703686954915923,80.05422942208914,34.80321271119251,2,42.51701075099804,21.385837978483465,HIGH
36,32.61530982823248,42.07893688471057,4.105774872773184,82.90790284126221,46.17458763285344,0,11.056023123952441,57.71943312617283,HIGH
20,81.75331481191556,25.70915114977837,1.1619117574139204,12.398087177788511,91.14678854993214,3,55.38433509308914,14.535833095654459,CRITICAL
56,34.8552992098777,47.160481322549536,14.669526181043913,48.14247501243049,4.2623441996966545,0,51.6851925085696,82.17193587901063,HIGH
90,42.96194985731325,5.370107720841516,17.782421267885425,88.15893348143499,10.818161796183256,2,70.43037717104139,49.02825681881103,HIGH
30,55.75267682835874,20.429341663778995,3.0499933465949436,14.849477124029058,71.26212509661093,2,7.970757759195046,9.540846699734994,CRITICAL
41,42.500901947149885,26.534706709492024,8.266433736391319,37.02129124071082,80.10266453073704,1,11.420585739660815,23.67259086933034,CRITICAL
7,60.86180917291826,9.086293112089322,15.950750751660287,57.531009322948385,35.53335178406524,3,70.34077601841457,61.63522727122353,HIGH
68,12.67156413503416,6.024818704000806,0.16400039205611616,27.906831726270056,67.10507706079886,1,60.696269126668454,19.875524663519982,CRITICAL
61,92.97723265647815,41.91653558517801,26.689095138078347,49.31279677217734,14.891355543534013,2,58.514718759115446,54.838511965066516,HIGH
22,72.95295288292665,23.750169582285206,0.9625388810591862,98.18405348018105,40.2984339109093,3,10.016717248112917,96.68269016877946,MEDIUM
85,63.0382773447335,37.754802431095854,23.853101830887688,14.551979901074052,58.85142869178479,5,46.73586199009673,91.82329273946642,CRITICAL
9,11.768307145029603,32.755159684529225,17.566938005973093,58.949018859450085,94.14766024949746,0,82.05474444844035,58.477474540042024,CRITICAL
94,87.21282849964251,31.55372876541244,8.086687752791237,10.272420110957526,24.92905234374827,5,6.577882406611668,79.52348076814006,HIGH
10,32.99695204906356,30.442460813312245,1.136934267244919,63.06811576177624,64.65840625027639,4,82.17116631336944,93.27979767095083,CRITICAL
55,80.4993276637034,26.459395881629693,14.784732752788424,30.131265210527346,6.511864959198066,3,59.031715571148204,70.08979273160102,HIGH
58,44.399912389135565,27.82710073512299,8.778480537695158,46.979848978868255,38.200402226635845,0,14.843986344548743,51.07076534801891,MEDIUM
11,53.65192542366883,28.550895030116337,7.44725418835108,84.7824812358438,76.21951052719321,3,18.30153331975297,75.01195654603836,HIGH
70,70.27583519509253,29.75606705587576,17.485918157204058,92.07726694833084,99.56705690215986,3,80.70134074588155,11.364581641489664,CRITICAL
38,24.862845610888662,21.539350169942352,29.64135444665426,69.42900652111317,2.630695115284798,3,5.098079529085187,48.77047045441198,CRITICAL
74,85.98257933137965,5.284559387349641,12.322257545945599,85.69246958384113,66.07559521895496,5,2.742940657455195,81.30870303319254,MEDIUM
85,33.35423334357905,42.480968285683105,27.058091447467966,59.11729004185105,97.32394948541062,0,23.521073437762986,70.01288515830498,CRITICAL
83,61.44062188391366,29.773697072437688,26.548529191252133,80.20354839134339,44.85802643063103,1,89.74468343850724,12.93257551432455,CRITICAL
61,96.6267305762856,36.547836600348454,16.125054472010476,66.3364607310911,96.4582192076494,5,50.82174988875968,82.4552922914409,CRITICAL
14,97.34573862847412,46.403787061200156,26.82490764410102,37.37026697515961,13.824064404306046,0,45.129134466352404,88.61684664284384,HIGH
50,56.97516632216483,36.872278499268845,6.994134613369617,98.45704011344777,97.25191556427477,2,43.76678461768252,6.095732310522173,CRITICAL
27,15.55430354973916,1.284647084586571,16.202849383687003,47.69088218128447,32.019814456459315,5,9.369706979997927,85.04629896643642,HIGH
29,44.222491612349586,4.25640169514554,17.870411664969364,18.235333702078904,64.79519953428488,0,93.41486704187912,53.535336961180306,HIGH
68,70.69064165311153,29.52149706721906,23.743898607496043,63.99115398777358,42.34745171642966,4,15.043701576709045,73.98951717805022,HIGH
55,62.07363959323103,49.95240705843126,27.906449999198102,52.9422143832781,63.53885758670075,2,4.313469371826706,38.69091832479119,CRITICAL
96,20.612258712043086,45.23607559147136,2.6531094588599933,62.28772646275946,11.249299611605734,3,4.4021192896034345,90.46076377798289,HIGH
87,32.330036580060685,24.37533933077658,20.22577372798982,82.76319326597259,55.32113727792175,1,33.330691399324905,40.85174987937543,CRITICAL
18,80.11276188336994,23.011974834290793,23.935925481988484,82.4330401366711,67.00284752337403,3,18.172525087632142,65.79986914464025,HIGH
82,93.36043862958941,35.100551560392226,8.491199575756475,64.88423216244811,38.373067637382775,1,72.03549315395308,93.87786804230045,HIGH
59,12.305893256575029,22.652988326438,9.37181021683426,15.828393548393084,1.1615247673908202,4,33.801791148043925,41.6638450214436,CRITICAL
25,98.31036585575032,17.778568185864906,22.80147654782788,84.29678243941407,40.66309576870294,4,54.67119002719052,5.032613893900959,CRITICAL
78,96.41386763036977,38.933263801784285,7.9775466474791035,46.01174896913252,69.66878287628947,1,61.40802431187624,88.63175624170364,HIGH
22,98.65111927142621,19.759426072062404,4.540160892291782,98.87707559585999,52.720930013935494,4,57.575024715177605,45.36687129806882,HIGH
84,84.97185584684385,4.459092505238832,2.215591418993128,99.88397154713171,11.294620176030644,5,24.828515468349387,67.8122078386817,MEDIUM
81,67.60873051984387,8.162255212135234,24.622453869834423,28.411396625087622,40.73794939217006,1,21.33437952034949,73.37287283483957,HIGH
5,40.75561148518497,49.05063109421185,1.3137258406767183,32.90612756393537,55.62937744784621,0,40.06082961890899,79.07709117126156,HIGH
94,11.97377854511796,8.278668061016564,27.192872454855202,35.05749953942657,30.20881674855348,1,26.218273583478723,63.546563679347464,HIGH
59,38.60953076575486,1.578289968163482,5.797458372342856,36.023695279836716,2.825496187581089,4,41.639086903679924,85.28715436162099,HIGH
65,78.00449517838805,24.211979618883017,27.346622034465817,77.2769622942807,77.23998689337613,1,70.01946066222477,61.4819834093214,CRITICAL
78,77.77073449787426,31.524346039381214,16.401131348544762,96.07834951340988,72.94857651207711,3,46.172506238019416,57.359530544420466,CRITICAL
17,34.434873217089105,22.142548214968322,12.410984229364601,86.30118138771412,10.458627184686708,1,83.97346312288047,64.14201403071922,HIGH
55,66.39310884392155,47.359246486807784,16.377450545620565,65.4821349656963,53.84037540659804,1,69.88807467762813,60.268110913065215,HIGH
94,65.66905870631106,22.0173315374612,27.909293735039945,44.30461750216726,31.235030806578045,0,32.732662067029615,60.893458089350105,HIGH
45,82.32213615917857,2.465026494356237,3.7235046059706276,22.12909180681662,59.91081348026025,1,5.858807895197327,70.30799961983688,MEDIUM
66,99.52156187980209,12.319825104248105,27.862449820672698,90.02384388840944,4.4488432640292,0,7.038365657985823,12.467600927768679,MEDIUM
92,75.53778846240074,11.353461381988234,17.880196170021026,77.74356990617748,55.523938542234816,3,20.714153663254397,34.86686083385737,HIGH
57,97.8277806478895,32.38092479324454,3.0002493816616638,62.134196709032956,32.765384295872124,4,5.581136330204394,51.12327226049782,MEDIUM
11,12.229587983120716,32.8031996828792,17.171995483592024,82.62942040137803,29.87133751090828,4,25.021775200163976,9.461039177068681,CRITICAL
53,99.87760099585368,34.12042068883177,8.219150927405908,91.27266635485296,86.15642678495674,4,43.4908013279289,52.26282752300596,HIGH
11,39.41870369781563,21.790199451942293,4.854878339399784,83.81722369153252,93.13929029609417,2,42.359068144245725,39.597814392691724,CRITICAL
61,40.592506590311345,44.62318048968322,17.136304479231224,80.42651530928327,30.85214031339093,2,96.47578389997234,23.267314204720048,CRITICAL
69,82.47381638567869,1.4445667807577,3.925674909915765,87.13335939050279,36.95296664393584,3,87.5885645905587,79.41151516457334,MEDIUM
86,26.589282224612106,20.93669859189813,21.01795262601758,14.87731620487483,39.64903848813772,2,60.36504626888048,37.967230727864056,CRITICAL
11,10.824048836017612,46.59577074470652,12.764869219123751,87.00179395680445,11.841428410193256,1,29.41123260635431,96.51150213475132,HIGH
62,48.53637849383099,44.06771044372204,20.818488893652887,52.6553585973044,40.12360955352824,2,61.327312936881384,42.06363381919373,CRITICAL
18,17.115857049219134,14.046530317195117,29.504817970077998,18.307014133973667,91.07189250917152,4,81.52855109911062,28.864099276616013,CRITICAL
71,67.5476087252948,49.66867531089805,0.18357860158971007,91.39935261121836,53.68504450843782,0,47.45853289128089,54.045685777723484,HIGH
55,53.30803218474265,24.72671083794421,16.764881043401093,27.629542862740845,7.913214097089427,4,59.55243921464572,94.46801456842323,HIGH
61,93.76526870357552,44.86326873809843,27.9295610193716,34.58774060122954,13.49100172088743,5,40.85486813823008,29.99661111094408,CRITICAL
26,67.47346470563865,21.249408675782266,4.418242364476664,19.9816952851188,16.462389419578916,1,52.87618879320362,26.736718824986344,HIGH
66,40.793529231234146,21.504185850068637,20.893028808103992,75.65466057306715,86.63983773630781,4,4.809368745389775,57.640224980441246,CRITICAL
86,25.19232647988662,49.17005347636606,28.439639996153733,25.7345584621926,12.791670205746508,5,55.74920825266548,76.36196219990603,CRITICAL
69,39.18689920811724,12.660889834921496,23.90747727880361,98.19534335659539,26.835475152096954,0,67.58206333560702,45.7775393066864,HIGH
44,68.75391276976802,14.260347430485126,14.016721696825146,76.57907637289001,86.98703288794259,0,11.140366002875336,94.72411180576059,MEDIUM
24,94.11892864229732,49.236274304780885,8.563978844080326,58.35402164854031,76.53499896562023,5,97.71505258325745,69.80634919783526,CRITICAL
84,76.0095848396711,49.16446770908936,13.522503473994512,91.10533475592604,39.81439826202189,1,24.289620417727566,32.87963372678432,HIGH
87,71.06663969757805,8.317882004859001,5.091631121346003,27.246534139550363,83.26040324202837,4,37.95069730660542,21.123015678424654,HIGH
14,90.79653250221872,17.681509522429394,0.3784676615271254,58.86117872200935,80.11961195379114,0,60.674052524595076,41.76736281380085,HIGH
36,84.40314101988993,12.746495876070597,21.442745544465254,27.492572612971156,38.66130009955226,1,32.49997103153661,56.80527335248086,HIGH
23,34.00887978204791,44.68971164131062,9.93072238142128,30.65665512754538,30.55836857245512,0,85.78384736242334,87.00616651401253,HIGH
86,76.62756733108554,25.735110815287964,21.45466153455979,45.67051224148827,47.41706364240979,2,51.418858695777494,11.361282654428592,CRITICAL
59,41.080634064978895,8.612498744895358,7.6230781348928724,92.511079090106,95.55115055998002,2,26.18875684402695,10.081284258186258,HIGH
73,28.923941357064475,26.754010796177454,10.848952909208988,15.936164727509233,60.27674050594947,1,45.03364540977537,79.50643071893417,CRITICAL
18,11.401263533240765,34.31202048469743,22.669552917111282,82.04077516006251,66.95181080736113,1,64.36493888181181,16.716620206631255,CRITICAL
73,51.08439927124268,25.11696126777393,19.832114261863403,88.672011781469,73.53411420136435,4,56.78985385543087,45.43057090696944,CRITICAL
80,57.49244106042624,38.82056070678068,26.543976564718367,78.79007594402128,59.88504295119708,2,99.32076706385897,34.87769749550433,CRITICAL
79,73.27698135343223,41.87552201723355,3.1396238373758276,85.57711065148764,68.1023740302997,2,37.684216523581135,8.460772834504118,HIGH
16,87.5663101345371,49.32478390567651,16.21341073834128,96.7156212353741,71.04726005541774,1,26.77996168449608,90.9330635097238,HIGH
76,68.38277340214381,29.619644749734718,4.8820210668735475,31.191924374133674,56.801317477486116,0,15.09478760941767,15.70931355361937,HIGH
87,69.35778811181714,24.998458858610523,11.756915134180472,83.5220253776049,94.37014600751066,4,21.00902571037816,21.37823513986695,CRITICAL
70,93.17383843991048,35.58453417497652,16.71137539836534,29.088201411817163,14.570567847137584,0,81.62143313659203,6.415768992795461,CRITICAL
34,25.815623253634044,0.10562986741864955,1.8909228648986587,56.981940155733994,46.13091307429262,3,11.461433056972625,91.45387137555365,HIGH
70,85.71475570517866,29.84332504550853,26.035070916587504,92.7595335407811,67.67353451315049,5,38.6233829868605,6.064387873078863,CRITICAL
15,83.60468779945711,9.467541565251103,11.511476888550723,18.364642679607492,6.17118248140005,5,23.52318011055966,57.538089360963426,HIGH
